#,,,,
#,,,,
#,,,,
#,,,,
#,,,,
#,,,,
#,,,,
#,,,,
#,,,,
Time(s),Feed(mm/min),Wind(m/min),Diameter(um),Predicted_diameter(um)
3.7,2,4.97,400.78,382.21
3.9,2,4.97,391.01,382.21
4.1,2,4.97,391.01,382.21
4.3,2,4.97,410.56,382.21
4.5,2,4.97,391.01,382.21
4.7,2,4.97,410.56,382.21
4.9,2,4.97,400.78,382.21
5.1,2,4.97,400.78,382.21
5.3,1.99,4.97,400.78,381.32
5.5,1.99,4.97,488.76,381.32
5.7,1.99,4.97,391.01,381.32
5.9,2,4.97,400.78,382.21
6.1,2,4.97,400.78,382.21
6.3,2,4.97,400.78,382.21
6.5,2,4.97,400.78,382.21
6.7,2,4.97,410.56,382.21
6.9,2,4.97,459.43,382.21
7.1,1.99,4.97,469.21,381.32
7.3,1.99,4.97,488.76,381.32
7.5,1.99,4.97,498.53,381.32
7.7,2,4.97,488.76,382.21
7.9,2,4.97,508.31,382.21
8.1,2,4.97,537.63,382.21
8.3,2,4.97,527.86,382.21
8.5,2,4.97,557.18,382.21
8.7,2,4.97,566.96,382.21
8.9,2,4.97,557.18,382.21
9.1,2,4.97,547.41,382.21
9.3,1.99,4.97,557.18,381.32
9.5,1.99,4.97,566.96,381.32
9.7,2.01,4.97,557.18,383.09
9.9,2,4.97,566.96,382.21
10.1,2,4.97,537.63,382.21
10.3,2,4.97,518.08,382.21
10.5,2,4.97,518.08,382.21
10.7,2,4.97,508.31,382.21
10.9,2,4.97,508.31,382.21
11.1,1.99,4.97,537.63,381.32
11.3,1.99,4.97,527.86,381.32
11.5,1.99,4.97,518.08,381.32
11.7,1.99,4.97,508.31,381.32
11.9,2,4.97,498.53,382.21
12.1,1.99,4.97,518.08,381.32
12.3,2,4.97,508.31,382.21
12.5,2,4.97,478.98,382.21
12.7,2,4.97,488.76,382.21
12.9,2,4.97,478.98,382.21
13.1,2,4.97,478.98,382.21
13.3,2,4.97,469.21,382.21
13.5,2,4.97,469.21,382.21
13.7,2,4.97,449.66,382.21
13.9,2,4.97,469.21,382.21
14.1,1.99,4.97,488.76,381.32
14.3,2,4.97,478.98,382.21
14.5,1.99,4.97,498.53,381.32
14.7,2,4.97,478.98,382.21
14.9,2,4.97,488.76,382.21
15.1,2,4.97,459.43,382.21
15.3,1.99,5.08,469.21,377.24
15.5,1.99,5.08,459.43,377.24
15.7,1.99,5.08,469.21,377.24
15.9,2.01,5.08,459.43,379
16.1,2,5.08,449.66,378.12
16.3,2,5.08,459.43,378.12
16.5,2,5.08,469.21,378.12
16.7,1.99,5.08,478.98,377.24
16.9,1.99,5.08,469.21,377.24
17.1,2,5.08,478.98,378.12
17.3,2,5.08,478.98,378.12
17.5,1.99,5.08,478.98,377.24
17.7,1.99,5.08,459.43,377.24
17.9,2,5.08,469.21,378.12
18.1,1.99,5.08,478.98,377.24
18.3,1.99,5.08,478.98,377.24
18.5,2,5.08,469.21,378.12
18.7,2,5.08,469.21,378.12
18.9,2,5.08,469.21,378.12
19.1,2,5.08,469.21,378.12
19.3,2,5.08,478.98,378.12
19.5,1.99,5.08,498.53,377.24
19.7,2,5.08,478.98,378.12
19.9,2,5.08,478.98,378.12
20.1,2,5.08,469.21,378.12
20.3,1.99,5.08,469.21,377.24
20.5,1.99,5.08,469.21,377.24
20.7,1.99,5.08,469.21,377.24
20.9,1.99,5.08,459.43,377.24
21.1,2,5.08,449.66,378.12
21.3,2,5.08,439.88,378.12
21.5,2,5.08,430.11,378.12
21.7,2,5.08,430.11,378.12
21.9,2,5.08,430.11,378.12
22.1,1.99,5.08,439.88,377.24
22.3,2,5.08,459.43,378.12
22.5,2,5.08,439.88,378.12
22.7,2,5.08,459.43,378.12
22.9,1.99,5.08,449.66,377.24
23.1,1.99,5.08,449.66,377.24
23.3,1.99,5.08,439.88,377.24
23.5,2,5.08,439.88,378.12
23.7,2,5.08,420.33,378.12
23.9,1.99,5.08,400.78,377.24
24.1,2,5.08,410.56,378.12
24.3,2,5.08,400.78,378.12
24.5,2,5.08,400.78,378.12
24.7,2,5.08,381.23,378.12
24.9,2,5.08,371.46,378.12
25.1,2,5.08,371.46,378.12
25.3,1.99,5.08,391.01,377.24
25.5,1.99,5.08,400.78,377.24
25.7,1.99,5.08,410.56,377.24
25.9,2,5.08,400.78,378.12
26.1,2,5.08,400.78,378.12
26.3,1.99,5.08,410.56,377.24
26.5,1.99,5.08,410.56,377.24
26.7,2,5.08,391.01,378.12
26.9,1.99,5.08,391.01,377.24
27.1,1.99,5.08,400.78,377.24
27.3,2,5.08,381.23,378.12
27.5,2,5.08,391.01,378.12
27.7,2,5.08,400.78,378.12
27.9,1.99,5.08,381.23,377.24
28.1,1.99,5.08,391.01,377.24
28.3,2,5.08,361.68,378.12
28.5,2,5.08,332.36,378.12
28.7,2,5.08,351.91,378.12
28.9,2,5.08,361.68,378.12
29.1,1.99,5.08,371.46,377.24
29.3,2,5.08,361.68,378.12
29.5,2,5.08,361.68,378.12
29.7,2,5.08,361.68,378.12
29.9,2,5.08,371.46,378.12
30.1,1.99,5.08,361.68,377.24
30.3,1.99,5.08,391.01,377.24
30.5,1.99,5.08,381.23,377.24
30.7,2,5.08,381.23,378.12
30.9,2,5.08,351.91,378.12
31.1,2,5.08,351.91,378.12
31.3,2,5.08,361.68,378.12
31.5,2,5.08,361.68,378.12
31.7,1.99,5.08,381.23,377.24
31.9,2,5.08,361.68,378.12
32.1,1.99,5.08,381.23,377.24
32.3,2,5.08,361.68,378.12
32.5,2,5.08,351.91,378.12
32.7,1.99,5.08,361.68,377.24
32.9,1.99,5.08,371.46,377.24
33.1,1.99,5.08,371.46,377.24
33.3,1.99,5.08,371.46,377.24
33.5,2,5.08,361.68,378.12
33.7,2,5.08,351.91,378.12
33.9,2,5.08,371.46,378.12
34.1,2,5.08,371.46,378.12
34.3,1.99,5.08,381.23,377.24
34.5,2,5.08,381.23,378.12
34.7,2,5.08,391.01,378.12
34.9,2,5.08,381.23,378.12
35.1,1.99,5.08,381.23,377.24
35.3,2,5.08,361.68,378.12
35.5,2,5.08,381.23,378.12
35.7,1.99,5.08,361.68,377.24
35.9,2,5.08,371.46,378.12
36.1,2,5.08,351.91,378.12
36.3,2,5.08,351.91,378.12
36.5,2.01,5.08,351.91,379
36.7,1.99,5.08,381.23,377.24
36.9,2,5.08,381.23,378.12
37.1,2,5.08,371.46,378.12
37.3,2,5.08,371.46,378.12
37.5,2,5.08,361.68,378.12
37.7,2,5.08,371.46,378.12
37.9,1.99,5.08,391.01,377.24
38.1,2,5.08,391.01,378.12
38.3,2,5.08,371.46,378.12
38.5,2,5.08,361.68,378.12
38.7,2,5.08,351.91,378.12
38.9,2,5.08,361.68,378.12
39.1,2,5.08,361.68,378.12
39.3,1.99,5.08,361.68,377.24
39.5,2,5.08,371.46,378.12
39.7,2,5.08,361.68,378.12
39.9,2,5.08,391.01,378.12
40.1,2,5.08,371.46,378.12
40.3,1.99,5.08,391.01,377.24
40.5,1.99,5.08,410.56,377.24
40.7,2,5.08,410.56,378.12
40.9,2,5.08,400.78,378.12
41.1,2,5.08,391.01,378.12
41.3,2,5.08,381.23,378.12
41.5,2,5.08,391.01,378.12
41.7,1.99,5.08,381.23,377.24
41.9,2,5.08,381.23,378.12
42.1,2,5.08,381.23,378.12
42.3,2,5.08,391.01,378.12
42.5,2,5.08,420.33,378.12
42.7,2,5.08,410.56,378.12
42.9,1.99,5.08,430.11,377.24
43.1,1.98,5.08,430.11,376.35
43.3,1.99,5.08,420.33,377.24
43.5,2,5.08,410.56,378.12
43.7,2,5.08,410.56,378.12
43.9,2,5.08,410.56,378.12
44.1,2,5.08,410.56,378.12
44.3,1.99,5.08,430.11,377.24
44.5,2,5.08,430.11,378.12
44.7,2,5.08,439.88,378.12
44.9,2,5.08,430.11,378.12
45.1,2,5.08,439.88,378.12
45.3,2,5.08,420.33,378.12
45.5,1.99,5.08,439.88,377.24
45.7,2,5.08,430.11,378.12
45.9,2,5.08,410.56,378.12
46.1,2,5.08,400.78,378.12
46.3,2,5.08,381.23,378.12
46.5,2,5.08,371.46,378.12
46.7,2,5.08,371.46,378.12
46.9,1.99,5.08,381.23,377.24
47.1,2,5.08,371.46,378.12
47.3,2,5.08,381.23,378.12
47.5,2,5.08,351.91,378.12
47.7,1.99,5.08,381.23,377.24
47.9,1.99,5.08,361.68,377.24
48.1,2,5.08,381.23,378.12
48.3,1.99,5.08,371.46,377.24
48.5,2,5.08,381.23,378.12
48.7,2,5.08,381.23,378.12
48.9,2,5.08,381.23,378.12
49.1,2,5.08,371.46,378.12
49.3,1.99,5.08,391.01,377.24
49.5,2,5.08,400.78,378.12
49.7,1.99,5.08,410.56,377.24
49.9,2,5.08,420.33,378.12
50.1,2,5.08,400.78,378.12
50.3,2,5.08,420.33,378.12
50.5,1.99,5.08,391.01,377.24
50.7,1.99,5.08,391.01,377.24
50.9,2,5.08,381.23,378.12
51.1,2,5.08,381.23,378.12
51.3,2,5.08,371.46,378.12
51.5,1.99,5.08,361.68,377.24
51.7,2,5.08,381.23,378.12
51.9,2,5.08,391.01,378.12
52.1,1.99,5.08,391.01,377.24
52.3,2,5.08,381.23,378.12
52.5,2,5.08,381.23,378.12
52.7,2,5.08,381.23,378.12
52.9,2,5.08,381.23,378.12
53.1,1.99,5.08,391.01,377.24
53.3,1.98,5.08,391.01,376.35
53.5,1.99,5.08,400.78,377.24
53.7,2,5.08,391.01,378.12
53.9,2,5.08,371.46,378.12
54.1,2,5.08,371.46,378.12
54.3,2,5.08,391.01,378.12
54.5,2,5.08,391.01,378.12
54.7,1.99,5.08,391.01,377.24
54.9,1.99,5.08,371.46,377.24
55.1,2,5.08,391.01,378.12
55.3,2,5.08,381.23,378.12
55.5,2,5.08,410.56,378.12
55.7,1.99,5.08,400.78,377.24
55.9,1.99,5.08,400.78,377.24
56.1,1.99,5.08,410.56,377.24
56.3,2.01,5.08,391.01,379
56.5,2,5.08,391.01,378.12
56.7,2,5.08,371.46,378.12
56.9,2,5.08,371.46,378.12
57.1,2.01,5.08,381.23,379
57.3,2,5.08,381.23,378.12
57.5,2,5.08,371.46,378.12
57.7,2,5.08,371.46,378.12
57.9,2.01,5.08,371.46,379
58.1,2,5.08,371.46,378.12
58.3,2,5.08,381.23,378.12
58.5,1.99,5.08,381.23,377.24
58.7,2,5.08,391.01,378.12
58.9,1.99,5.08,381.23,377.24
59.1,2,5.08,391.01,378.12
59.3,2,5.08,381.23,378.12
59.5,2,5.08,381.23,378.12
59.7,2,5.08,391.01,378.12
59.9,1.99,5.08,381.23,377.24
60.1,1.99,5.08,371.46,377.24
60.3,2,5.08,371.46,378.12
60.5,2,5.08,371.46,378.12
60.7,2,5.08,381.23,378.12
60.9,2,5.08,381.23,378.12
61.1,1.99,5.08,391.01,377.24
61.3,1.99,5.08,381.23,377.24
61.5,2,5.08,371.46,378.12
61.7,2,5.08,371.46,378.12
61.9,2.01,5.08,381.23,379
62.1,2,5.08,371.46,378.12
62.3,2.01,5.08,381.23,379
62.5,2,5.08,361.68,378.12
62.7,1.99,5.08,361.68,377.24
62.9,2,5.08,351.91,378.12
63.1,1.99,5.08,361.68,377.24
63.3,2,5.08,371.46,378.12
63.5,1.99,5.08,361.68,377.24
63.7,1.99,5.08,351.91,377.24
63.9,1.99,5.08,371.46,377.24
64.1,2,5.08,361.68,378.12
64.3,2,5.08,351.91,378.12
64.5,2,5.08,351.91,378.12
64.7,2,5.08,361.68,378.12
64.9,2,5.08,361.68,378.12
65.1,2,5.08,371.46,378.12
65.3,1.99,5.08,361.68,377.24
65.5,2,5.08,351.91,378.12
65.7,2.01,5.08,361.68,379
65.9,2,5.08,371.46,378.12
66.1,2,5.08,371.46,378.12
66.3,1.99,5.08,381.23,377.24
66.5,1.99,5.08,400.78,377.24
66.7,2,5.08,400.78,378.12
66.9,2,5.08,400.78,378.12
67.1,2,5.08,381.23,378.12
67.3,2,5.08,381.23,378.12
67.5,2.01,5.08,381.23,379
67.7,2,5.08,371.46,378.12
67.9,1.99,5.08,371.46,377.24
68.1,2,5.08,371.46,378.12
68.3,1.99,5.08,361.68,377.24
68.5,2,5.08,381.23,378.12
68.7,1.99,5.08,381.23,377.24
68.9,2,5.08,361.68,378.12
69.1,1.99,5.08,371.46,377.24
69.3,2,5.08,381.23,378.12
69.5,2,5.08,371.46,378.12
69.7,2.01,5.08,381.23,379
69.9,2,5.08,361.68,378.12
70.1,2,5.08,371.46,378.12
70.3,2,5.08,371.46,378.12
70.5,1.99,5.08,361.68,377.24
70.7,2,5.08,361.68,378.12
70.9,2,5.08,361.68,378.12
71.1,2,5.08,351.91,378.12
71.3,2,5.08,361.68,378.12
71.5,2,5.08,351.91,378.12
71.7,1.99,5.08,371.46,377.24
71.9,1.99,5.08,381.23,377.24
72.1,2,5.08,381.23,378.12
72.3,2,5.08,381.23,378.12
72.5,2,5.08,371.46,378.12
72.7,2,5.08,361.68,378.12
72.9,2,5.08,371.46,378.12
73.1,2,5.08,351.91,378.12
73.3,2,5.08,351.91,378.12
73.5,1.99,5.08,351.91,377.24
73.7,2,5.08,351.91,378.12
73.9,1.99,5.08,351.91,377.24
74.1,1.99,5.08,351.91,377.24
74.3,1.99,5.08,342.13,377.24
74.5,1.99,5.08,351.91,377.24
74.7,2,5.08,351.91,378.12
74.9,2,5.08,361.68,378.12
75.1,2,5.08,351.91,378.12
75.3,2,5.08,342.13,378.12
75.5,2.01,5.08,351.91,379
75.7,2,5.08,351.91,378.12
75.9,1.99,5.08,371.46,377.24
76.1,1.99,5.08,361.68,377.24
76.3,2,5.08,351.91,378.12
76.5,2,5.08,351.91,378.12
76.7,2,5.08,332.36,378.12
76.9,2,5.08,332.36,378.12
77.1,1.99,5.08,351.91,377.24
77.3,2,5.08,342.13,378.12
77.5,2,5.08,342.13,378.12
77.7,1.99,5.08,351.91,377.24
77.9,2,5.08,322.58,378.12
78.1,2.01,5.08,332.36,379
78.3,2,5.08,342.13,378.12
78.5,1.99,5.08,351.91,377.24
78.7,2,5.08,351.91,378.12
78.9,2,5.08,361.68,378.12
79.1,2,5.08,351.91,378.12
79.3,2,5.08,332.36,378.12
79.5,2,5.08,342.13,378.12
79.7,2,5.08,332.36,378.12
79.9,1.99,5.08,361.68,377.24
80.1,2,5.08,351.91,378.12
80.3,1.99,5.08,342.13,377.24
80.5,2,5.08,342.13,378.12
80.7,2,5.08,332.36,378.12
80.9,2,5.08,332.36,378.12
81.1,1.99,5.08,351.91,377.24
81.3,1.99,5.08,371.46,377.24
81.5,1.99,5.08,351.91,377.24
81.7,2,5.08,342.13,378.12
81.9,2,5.08,332.36,378.12
82.1,2,5.08,332.36,378.12
82.3,2,5.08,322.58,378.12
82.5,2,5.08,332.36,378.12
82.7,2,5.08,332.36,378.12
82.9,2,5.08,322.58,378.12
83.1,2,5.08,322.58,378.12
83.3,2,5.08,312.81,378.12
83.5,2,5.08,322.58,378.12
83.7,2,5.08,312.81,378.12
83.9,2,5.08,322.58,378.12
84.1,1.99,5.08,342.13,377.24
84.3,2,5.08,332.36,378.12
84.5,2,5.08,351.91,378.12
84.7,2,5.08,342.13,378.12
84.9,1.99,5.08,322.58,377.24
85.1,2,5.08,351.91,378.12
85.3,2,5.08,361.68,378.12
85.5,2,5.08,342.13,378.12
85.7,2,5.08,361.68,378.12
85.9,1.99,5.08,351.91,377.24
86.1,2,5.08,342.13,378.12
86.3,2,5.08,351.91,378.12
86.5,2,5.08,361.68,378.12
86.7,2,5.08,351.91,378.12
86.9,2,5.08,351.91,378.12
87.1,2,5.08,371.46,378.12
87.3,2,5.08,351.91,378.12
87.5,2,5.08,342.13,378.12
87.7,1.99,5.08,351.91,377.24
87.9,2,5.08,351.91,378.12
88.1,1.99,5.08,342.13,377.24
88.3,2,5.08,361.68,378.12
88.5,2,5.08,351.91,378.12
88.7,2,5.08,351.91,378.12
88.9,2,5.08,361.68,378.12
89.1,1.99,5.08,371.46,377.24
89.3,1.99,5.08,361.68,377.24
89.5,2.01,5.08,351.91,379
89.7,2,5.08,351.91,378.12
89.9,1.99,5.08,342.13,377.24
90.1,2,5.08,361.68,378.12
90.3,2,5.08,342.13,378.12
90.5,2,5.08,342.13,378.12
90.7,1.99,5.08,361.68,377.24
90.9,1.99,5.08,342.13,377.24
91.1,2,5.08,361.68,378.12
91.3,2,5.08,351.91,378.12
91.5,2,5.08,351.91,378.12
91.7,2,5.08,361.68,378.12
91.9,2,5.08,371.46,378.12
92.1,2,5.08,351.91,378.12
92.3,1.99,5.08,361.68,377.24
92.5,1.99,5.08,371.46,377.24
92.7,2,5.08,361.68,378.12
92.9,2,5.08,332.36,378.12
93.1,2,5.08,322.58,378.12
93.3,2,5.08,351.91,378.12
93.5,1.99,5.08,332.36,377.24
93.7,2,5.08,332.36,378.12
93.9,1.99,5.08,312.81,377.24
94.1,2,5.08,332.36,378.12
94.3,2,5.08,312.81,378.12
94.5,1.99,5.08,312.81,377.24
94.7,2,5.08,312.81,378.12
94.9,2,5.08,312.81,378.12
95.1,1.99,5.08,332.36,377.24
95.3,2,5.08,332.36,378.12
95.5,2,5.08,332.36,378.12
95.7,2,5.08,312.81,378.12
95.9,2,5.08,332.36,378.12
96.1,1.99,5.08,332.36,377.24
96.3,1.99,5.08,332.36,377.24
96.5,2,4.97,342.13,382.21
96.7,2,4.97,322.58,382.21
96.9,1.99,4.97,322.58,381.32
97.1,2,4.97,322.58,382.21
97.3,2.01,4.97,332.36,383.09
97.5,1.99,4.97,332.36,381.32
97.7,1.99,4.97,342.13,381.32
97.9,1.99,4.97,342.13,381.32
98.1,2,4.97,332.36,382.21
98.3,2,4.97,332.36,382.21
98.5,2,4.97,361.68,382.21
98.7,2,4.97,361.68,382.21
98.9,2,4.97,351.91,382.21
99.1,1.99,4.97,342.13,381.32
99.3,1.99,4.97,342.13,381.32
99.5,2,4.97,342.13,382.21
99.7,2,4.97,322.58,382.21
99.9,2,4.97,322.58,382.21
100.1,2,4.97,322.58,382.21
100.3,2,4.97,342.13,382.21
100.5,2,4.97,332.36,382.21
100.7,2,4.97,361.68,382.21
100.9,1.99,4.97,351.91,381.32
101.1,2,4.97,332.36,382.21
101.3,2,4.97,322.58,382.21
101.5,2,4.97,342.13,382.21
101.7,2,4.97,332.36,382.21
101.9,2,4.97,332.36,382.21
102.1,2,4.97,342.13,382.21
102.3,1.99,4.97,361.68,381.32
102.5,1.99,4.97,361.68,381.32
102.7,1.99,4.97,361.68,381.32
102.9,1.99,4.97,361.68,381.32
103.1,1.99,4.97,361.68,381.32
103.3,2,4.97,351.91,382.21
103.5,2,4.97,351.91,382.21
103.7,2,4.97,342.13,382.21
103.9,2,4.97,322.58,382.21
104.1,2,4.97,322.58,382.21
104.3,1.99,4.97,342.13,381.32
104.5,1.99,4.97,332.36,381.32
104.7,2,4.97,332.36,382.21
104.9,2,4.97,332.36,382.21
105.1,2,4.97,342.13,382.21
105.3,2,4.97,312.81,382.21
105.5,2,4.97,312.81,382.21
105.7,1.99,4.97,312.81,381.32
105.9,1.99,4.97,332.36,381.32
106.1,2,4.97,342.13,382.21
106.3,1.99,4.97,342.13,381.32
106.5,2,4.97,342.13,382.21
106.7,2,4.97,342.13,382.21
106.9,2,4.97,332.36,382.21
107.1,2,4.97,322.58,382.21
107.3,2,4.97,322.58,382.21
107.5,2,4.97,322.58,382.21
107.7,2.01,4.97,342.13,383.09
107.9,2,4.97,322.58,382.21
108.1,1.99,4.97,332.36,381.32
108.3,2,4.97,322.58,382.21
108.5,2,4.97,322.58,382.21
108.7,2,4.97,342.13,382.21
108.9,2,4.97,322.58,382.21
109.1,2,4.97,342.13,382.21
109.3,1.99,4.97,332.36,381.32
109.5,1.99,4.97,351.91,381.32
109.7,2,4.97,342.13,382.21
109.9,1.99,4.97,342.13,381.32
110.1,1.99,4.97,332.36,381.32
110.3,2,4.97,342.13,382.21
110.5,1.99,4.97,322.58,381.32
110.7,2,4.97,312.81,382.21
110.9,2,4.97,312.81,382.21
111.1,2,4.97,303.03,382.21
111.3,2.01,4.97,322.58,383.09
111.5,2,4.97,332.36,382.21
111.7,1.99,4.97,342.13,381.32
111.9,2,4.97,332.36,382.21
112.1,2,4.97,342.13,382.21
112.3,2,4.97,332.36,382.21
112.5,2,4.97,332.36,382.21
112.7,1.99,4.97,342.13,381.32
112.9,1.99,4.97,322.58,381.32
113.1,1.99,4.97,342.13,381.32
113.3,2,4.97,361.68,382.21
113.5,2,4.97,332.36,382.21
113.7,1.99,4.97,322.58,381.32
113.9,2,4.97,303.03,382.21
114.1,2,4.97,293.26,382.21
114.3,2,4.97,312.81,382.21
114.5,2,4.97,303.03,382.21
114.7,1.99,4.97,312.81,381.32
114.9,1.99,4.97,322.58,381.32
115.1,2,4.97,322.58,382.21
115.3,2,4.97,332.36,382.21
115.5,2,4.97,332.36,382.21
115.7,1.99,4.97,351.91,381.32
115.9,2,4.97,332.36,382.21
116.1,2,4.97,342.13,382.21
116.3,2,4.97,342.13,382.21
116.5,2,4.97,312.81,382.21
116.7,2,4.97,283.48,382.21
116.9,1.99,4.97,312.81,381.32
117.1,2,4.97,332.36,382.21
117.3,1.99,4.97,322.58,381.32
117.5,2,4.97,312.81,382.21
117.7,2,4.97,303.03,382.21
117.9,2,4.97,283.48,382.21
118.1,2,4.97,293.26,382.21
118.3,2,4.97,312.81,382.21
118.5,1.99,4.97,322.58,381.32
118.7,1.99,4.97,312.81,381.32
118.9,2,4.97,312.81,382.21
119.1,2,4.97,332.36,382.21
119.3,1.99,4.97,332.36,381.32
119.5,2,4.97,332.36,382.21
119.7,2,4.97,342.13,382.21
119.9,2,4.97,322.58,382.21
120.1,2,4.97,322.58,382.21
120.3,2,4.97,332.36,382.21
120.5,1.99,4.97,312.81,381.32
120.7,1.99,4.97,312.81,381.32
120.9,1.99,4.97,351.91,381.32
121.1,2,4.97,332.36,382.21
121.3,2,4.97,342.13,382.21
121.5,2,4.97,351.91,382.21
121.7,2,4.97,342.13,382.21
121.9,2.01,4.97,312.81,383.09
122.1,2,4.97,322.58,382.21
122.3,1.99,4.97,303.03,381.32
122.5,1.99,4.97,332.36,381.32
122.7,2,4.97,322.58,382.21
122.9,2,4.97,322.58,382.21
123.1,2,4.97,332.36,382.21
123.3,1.99,4.97,342.13,381.32
123.5,2,4.97,351.91,382.21
123.7,2,4.97,351.91,382.21
123.9,2,4.97,371.46,382.21
124.1,1.99,4.97,342.13,381.32
124.3,1.99,4.97,351.91,381.32
124.5,1.99,4.97,332.36,381.32
124.7,1.99,4.97,332.36,381.32
124.9,2,4.97,332.36,382.21
125.1,2,4.97,322.58,382.21
125.3,1.99,4.97,332.36,381.32
125.5,2,4.97,322.58,382.21
125.7,1.99,4.97,332.36,381.32
125.9,1.99,4.97,342.13,381.32
126.1,1.99,4.97,342.13,381.32
126.3,1.99,4.97,332.36,381.32
126.5,2,4.97,322.58,382.21
126.7,2,4.97,312.81,382.21
126.9,2,4.97,283.48,382.21
127.1,1.99,4.97,293.26,381.32
127.3,1.99,4.97,303.03,381.32
127.5,2,4.97,322.58,382.21
127.7,1.99,4.97,332.36,381.32
127.9,1.99,4.97,342.13,381.32
128.1,2,4.97,332.36,382.21
128.3,2,4.97,312.81,382.21
128.5,2,4.97,332.36,382.21
128.7,2,4.97,332.36,382.21
128.9,2,4.97,332.36,382.21
129.1,2.01,4.86,332.36,387.33
129.3,2,4.86,351.91,386.43
129.5,2,4.86,342.13,386.43
129.7,1.99,4.86,351.91,385.53
129.9,2.01,4.86,332.36,387.33
130.1,2,4.86,322.58,386.43
130.3,2,4.86,332.36,386.43
130.5,2,4.86,312.81,386.43
130.7,2,4.86,303.03,386.43
130.9,1.99,4.86,312.81,385.53
131.1,1.99,4.86,322.58,385.53
131.3,2,4.86,332.36,386.43
131.5,1.99,4.86,322.58,385.53
131.7,1.99,4.86,322.58,385.53
131.9,2,4.86,332.36,386.43
132.1,2.01,4.86,332.36,387.33
132.3,2,4.86,322.58,386.43
132.5,2,4.86,332.36,386.43
132.7,1.99,4.86,342.13,385.53
132.9,2,4.86,332.36,386.43
133.1,1.99,4.86,322.58,385.53
133.3,2,4.86,322.58,386.43
133.5,2,4.86,332.36,386.43
133.7,2,4.86,322.58,386.43
133.9,2,4.86,322.58,386.43
134.1,2,4.86,322.58,386.43
134.3,1.99,4.86,303.03,385.53
134.5,2.01,4.86,312.81,387.33
134.7,1.99,4.86,312.81,385.53
134.9,2,4.86,312.81,386.43
135.1,2,4.86,322.58,386.43
135.3,2,4.86,312.81,386.43
135.5,2.01,4.86,322.58,387.33
135.7,2,4.86,322.58,386.43
135.9,2,4.86,332.36,386.43
136.1,1.99,4.86,332.36,385.53
136.3,2,4.86,322.58,386.43
136.5,2,4.86,322.58,386.43
136.7,2,4.86,322.58,386.43
136.9,2,4.86,322.58,386.43
137.1,1.99,4.86,332.36,385.53
137.3,1.99,4.86,322.58,385.53
137.5,1.99,4.86,322.58,385.53
137.7,2.01,4.86,273.7,387.33
137.9,2,4.86,303.03,386.43
138.1,1.99,4.86,293.26,385.53
138.3,2,4.86,283.48,386.43
138.5,2,4.86,283.48,386.43
138.7,1.99,4.86,312.81,385.53
138.9,2,4.86,322.58,386.43
139.1,2,4.86,342.13,386.43
139.3,2,4.86,322.58,386.43
139.5,1.99,4.86,332.36,385.53
139.7,2,4.86,342.13,386.43
139.9,2,4.86,312.81,386.43
140.1,2,4.86,322.58,386.43
140.3,1.99,4.86,342.13,385.53
140.5,1.99,4.86,342.13,385.53
140.7,2,4.86,342.13,386.43
140.9,2,4.86,342.13,386.43
141.1,2,4.86,322.58,386.43
141.3,2,4.86,322.58,386.43
141.5,2,4.86,332.36,386.43
141.7,2,4.86,332.36,386.43
141.9,2,4.86,342.13,386.43
142.1,2,4.86,342.13,386.43
142.3,2,4.86,303.03,386.43
142.5,2,4.86,312.81,386.43
142.7,2,4.86,312.81,386.43
142.9,2,4.86,303.03,386.43
143.1,1.99,4.86,322.58,385.53
143.3,1.99,4.86,312.81,385.53
143.5,2,4.86,322.58,386.43
143.7,2,4.86,303.03,386.43
143.9,2,4.86,332.36,386.43
144.1,2,4.86,303.03,386.43
144.3,2,4.86,303.03,386.43
144.5,2,4.86,312.81,386.43
144.7,2,4.86,322.58,386.43
144.9,2,4.86,332.36,386.43
145.1,2,4.86,312.81,386.43
145.3,2,4.86,332.36,386.43
145.5,2,4.86,312.81,386.43
145.7,2,4.86,322.58,386.43
145.9,2,4.86,342.13,386.43
146.1,1.99,4.86,332.36,385.53
146.3,1.99,4.86,351.91,385.53
146.5,1.99,4.86,351.91,385.53
146.7,2,4.86,332.36,386.43
146.9,2,4.86,312.81,386.43
147.1,2,4.86,303.03,386.43
147.3,2,4.86,312.81,386.43
147.5,2,4.86,303.03,386.43
147.7,2,4.86,312.81,386.43
147.9,1.99,4.86,312.81,385.53
148.1,2,4.86,332.36,386.43
148.3,2,4.86,322.58,386.43
148.5,1.99,4.86,322.58,385.53
148.7,1.99,4.86,322.58,385.53
148.9,1.99,4.86,312.81,385.53
149.1,2,4.86,312.81,386.43
149.3,1.99,4.86,322.58,385.53
149.5,1.99,4.86,322.58,385.53
149.7,1.99,4.86,332.36,385.53
149.9,2,4.86,322.58,386.43
150.1,2,4.86,312.81,386.43
150.3,2,4.86,322.58,386.43
150.5,1.99,4.86,332.36,385.53
150.7,1.99,4.86,322.58,385.53
150.9,1.99,4.86,332.36,385.53
151.1,2,4.86,342.13,386.43
151.3,2,4.86,322.58,386.43
151.5,2,4.86,303.03,386.43
151.7,2,4.86,303.03,386.43
151.9,2,4.86,303.03,386.43
152.1,1.99,4.86,332.36,385.53
152.3,2,4.86,312.81,386.43
152.5,1.99,4.86,312.81,385.53
152.7,1.99,4.86,322.58,385.53
152.9,1.99,4.86,322.58,385.53
153.1,2,4.86,322.58,386.43
153.3,2,4.86,322.58,386.43
153.5,2,4.86,322.58,386.43
153.7,2,4.86,332.36,386.43
153.9,2,4.86,332.36,386.43
154.1,1.99,4.86,332.36,385.53
154.3,1.99,4.86,332.36,385.53
154.5,1.99,4.86,332.36,385.53
154.7,2,4.86,322.58,386.43
154.9,1.99,4.86,322.58,385.53
155.1,2,4.86,312.81,386.43
155.3,2,4.86,303.03,386.43
155.5,2,4.86,303.03,386.43
155.7,1.99,4.86,312.81,385.53
155.9,2,4.86,322.58,386.43
156.1,1.99,4.86,322.58,385.53
156.3,1.99,4.86,332.36,385.53
156.5,2,4.86,332.36,386.43
156.7,2,4.86,332.36,386.43
156.9,2,4.86,322.58,386.43
157.1,2,4.86,322.58,386.43
157.3,2.01,4.76,322.58,391.7
157.5,2,4.76,332.36,390.8
157.7,2,4.76,322.58,390.8
157.9,2,4.76,342.13,390.8
158.1,1.99,4.76,342.13,389.89
158.3,2.01,4.76,332.36,391.7
158.5,1.99,4.76,332.36,389.89
158.7,2,4.76,332.36,390.8
158.9,2,4.76,322.58,390.8
159.1,1.99,4.76,332.36,389.89
159.3,1.99,4.76,322.58,389.89
159.5,2,4.76,322.58,390.8
159.7,1.99,4.76,322.58,389.89
159.9,1.99,4.76,312.81,389.89
160.1,2,4.76,303.03,390.8
160.3,2,4.76,303.03,390.8
160.5,2,4.76,303.03,390.8
160.7,1.99,4.76,332.36,389.89
160.9,1.99,4.76,351.91,389.89
161.1,2,4.76,342.13,390.8
161.3,1.99,4.76,351.91,389.89
161.5,2,4.76,322.58,390.8
161.7,2,4.76,312.81,390.8
161.9,2,4.76,312.81,390.8
162.1,2,4.76,312.81,390.8
162.3,1.99,4.76,332.36,389.89
162.5,1.99,4.76,322.58,389.89
162.7,2,4.76,332.36,390.8
162.9,1.99,4.76,312.81,389.89
163.1,2,4.76,312.81,390.8
163.3,2,4.76,303.03,390.8
163.5,1.99,4.76,303.03,389.89
163.7,2,4.76,312.81,390.8
163.9,2,4.76,312.81,390.8
164.1,2,4.76,332.36,390.8
164.3,1.99,4.76,342.13,389.89
164.5,2,4.76,332.36,390.8
164.7,2,4.76,332.36,390.8
164.9,2,4.76,332.36,390.8
165.1,2,4.76,332.36,390.8
165.3,1.99,4.76,332.36,389.89
165.5,1.99,4.76,342.13,389.89
165.7,2,4.76,342.13,390.8
165.9,2,4.76,332.36,390.8
166.1,2,4.76,322.58,390.8
166.3,1.99,4.76,322.58,389.89
166.5,2,4.76,332.36,390.8
166.7,2,4.76,322.58,390.8
166.9,1.99,4.76,322.58,389.89
167.1,1.99,4.76,342.13,389.89
167.3,2,4.76,342.13,390.8
167.5,2,4.76,332.36,390.8
167.7,2,4.76,351.91,390.8
167.9,2.01,4.76,342.13,391.7
168.1,2,4.76,332.36,390.8
168.3,2,4.76,322.58,390.8
168.5,2,4.76,332.36,390.8
168.7,1.99,4.76,332.36,389.89
168.9,1.99,4.76,332.36,389.89
169.1,2,4.76,342.13,390.8
169.3,1.99,4.76,332.36,389.89
169.5,2,4.76,342.13,390.8
169.7,2,4.76,342.13,390.8
169.9,2,4.76,332.36,390.8
170.1,2,4.76,322.58,390.8
170.3,1.99,4.76,322.58,389.89
170.5,2,4.76,303.03,390.8
170.7,1.99,4.76,303.03,389.89
170.9,2,4.76,303.03,390.8
171.1,2,4.76,312.81,390.8
171.3,2,4.76,312.81,390.8
171.5,2,4.76,303.03,390.8
171.7,1.99,4.76,312.81,389.89
171.9,1.99,4.76,312.81,389.89
172.1,1.99,4.76,312.81,389.89
172.3,1.99,4.76,322.58,389.89
172.5,2,4.76,322.58,390.8
172.7,2,4.76,322.58,390.8
172.9,2,4.76,322.58,390.8
173.1,2,4.76,312.81,390.8
173.3,2,4.76,303.03,390.8
173.5,1.99,4.76,322.58,389.89
173.7,1.99,4.76,332.36,389.89
173.9,2.01,4.76,322.58,391.7
174.1,2.01,4.76,322.58,391.7
174.3,2,4.76,322.58,390.8
174.5,2,4.76,312.81,390.8
174.7,2,4.76,322.58,390.8
174.9,2,4.76,312.81,390.8
175.1,2,4.76,322.58,390.8
175.3,1.99,4.76,312.81,389.89
175.5,1.99,4.76,322.58,389.89
175.7,2,4.76,303.03,390.8
175.9,2,4.76,322.58,390.8
176.1,2,4.76,312.81,390.8
176.3,2,4.76,312.81,390.8
176.5,2,4.76,312.81,390.8
176.7,2,4.76,322.58,390.8
176.9,1.99,4.76,322.58,389.89
177.1,1.99,4.76,332.36,389.89
177.3,2,4.76,342.13,390.8
177.5,2,4.76,322.58,390.8
177.7,2,4.76,332.36,390.8
177.9,2,4.76,312.81,390.8
178.1,1.99,4.76,322.58,389.89
178.3,1.99,4.76,332.36,389.89
178.5,1.99,4.76,332.36,389.89
178.7,2,4.76,322.58,390.8
178.9,2,4.76,322.58,390.8
179.1,2,4.76,322.58,390.8
179.3,2,4.76,322.58,390.8
179.5,2,4.76,332.36,390.8
179.7,1.99,4.76,351.91,389.89
179.9,1.99,4.76,342.13,389.89
180.1,1.99,4.76,342.13,389.89
180.3,2,4.76,332.36,390.8
180.5,2.01,4.76,342.13,391.7
180.7,2,4.76,332.36,390.8
180.9,1.99,4.76,322.58,389.89
181.1,2,4.76,342.13,390.8
181.3,1.99,4.76,351.91,389.89
181.5,1.99,4.76,371.46,389.89
181.7,1.99,4.76,351.91,389.89
181.9,2,4.76,371.46,390.8
182.1,2,4.76,361.68,390.8
182.3,2,4.76,351.91,390.8
182.5,2,4.76,332.36,390.8
182.7,1.99,4.76,332.36,389.89
182.9,2,4.76,322.58,390.8
183.1,2,4.76,322.58,390.8
183.3,2,4.76,322.58,390.8
183.5,2,4.76,322.58,390.8
183.7,2,4.76,332.36,390.8
183.9,2,4.76,332.36,390.8
184.1,2,4.76,351.91,390.8
184.3,2,4.76,332.36,390.8
184.5,2,4.76,342.13,390.8
184.7,1.99,4.76,351.91,389.89
184.9,2,4.76,361.68,390.8
185.1,2,4.76,371.46,390.8
185.3,2,4.76,361.68,390.8
185.5,2,4.76,361.68,390.8
185.7,2,4.76,361.68,390.8
185.9,1.99,4.76,361.68,389.89
186.1,1.99,4.76,361.68,389.89
186.3,1.99,4.76,371.46,389.89
186.5,2,4.76,361.68,390.8
186.7,2,4.76,342.13,390.8
186.9,1.99,4.76,351.91,389.89
187.1,2,4.76,332.36,390.8
187.3,1.99,4.76,342.13,389.89
187.5,2,4.76,322.58,390.8
187.7,2,4.76,342.13,390.8
187.9,2,4.76,351.91,390.8
188.1,1.99,4.76,342.13,389.89
188.3,2,4.76,342.13,390.8
188.5,2,4.76,332.36,390.8
188.7,1.99,4.76,351.91,389.89
188.9,1.99,4.76,351.91,389.89
189.1,1.99,4.76,351.91,389.89
189.3,2,4.76,342.13,390.8
189.5,2,4.76,351.91,390.8
189.7,2,4.65,332.36,395.31
189.9,2,4.65,342.13,395.31
190.1,2,4.65,322.58,395.31
190.3,2,4.65,322.58,395.31
190.5,1.99,4.65,351.91,394.39
190.7,1.99,4.65,342.13,394.39
190.9,1.99,4.65,332.36,394.39
191.1,1.99,4.65,322.58,394.39
191.3,2,4.65,332.36,395.31
191.5,2,4.65,312.81,395.31
191.7,2,4.65,312.81,395.31
191.9,2,4.65,303.03,395.31
192.1,2,4.65,322.58,395.31
192.3,1.99,4.65,332.36,394.39
192.5,1.99,4.65,342.13,394.39
192.7,2,4.65,351.91,395.31
192.9,2,4.65,332.36,395.31
193.1,2,4.65,351.91,395.31
193.3,2,4.65,342.13,395.31
193.5,2,4.65,283.48,395.31
193.7,1.99,4.65,322.58,394.39
193.9,2,4.65,312.81,395.31
194.1,2,4.65,293.26,395.31
194.3,2,4.65,293.26,395.31
194.5,2,4.65,303.03,395.31
194.7,2,4.65,322.58,395.31
194.9,1.99,4.65,322.58,394.39
195.1,1.99,4.65,351.91,394.39
195.3,2,4.65,342.13,395.31
195.5,2,4.65,332.36,395.31
195.7,2,4.65,332.36,395.31
195.9,2,4.65,351.91,395.31
196.1,1.99,4.65,351.91,394.39
196.3,1.98,4.65,361.68,393.47
196.5,2,4.65,361.68,395.31
196.7,2,4.65,342.13,395.31
196.9,2,4.65,342.13,395.31
197.1,2,4.65,322.58,395.31
197.3,2,4.65,332.36,395.31
197.5,1.99,4.65,342.13,394.39
197.7,2,4.65,342.13,395.31
197.9,2.01,4.65,342.13,396.23
198.1,2,4.65,361.68,395.31
198.3,2.01,4.65,342.13,396.23
198.5,2,4.65,332.36,395.31
198.7,2,4.65,312.81,395.31
198.9,2,4.65,332.36,395.31
199.1,1.99,4.65,322.58,394.39
199.3,1.99,4.65,332.36,394.39
199.5,2,4.65,322.58,395.31
199.7,1.99,4.65,322.58,394.39
199.9,1.99,4.65,322.58,394.39
200.1,2,4.65,312.81,395.31
200.3,2,4.65,312.81,395.31
200.5,1.99,4.65,332.36,394.39
200.7,1.99,4.65,342.13,394.39
200.9,2,4.65,332.36,395.31
201.1,2,4.65,342.13,395.31
201.3,2,4.65,361.68,395.31
201.5,2,4.65,342.13,395.31
201.7,1.99,4.65,351.91,394.39
201.9,1.99,4.65,351.91,394.39
202.1,1.99,4.65,351.91,394.39
202.3,2,4.65,351.91,395.31
202.5,2,4.65,351.91,395.31
202.7,2,4.65,342.13,395.31
202.9,2,4.65,342.13,395.31
203.1,2,4.65,332.36,395.31
203.3,2,4.65,351.91,395.31
203.5,2,4.65,342.13,395.31
203.7,2,4.65,342.13,395.31
203.9,2,4.65,351.91,395.31
204.1,2,4.65,342.13,395.31
204.3,2,4.65,332.36,395.31
204.5,2,4.65,322.58,395.31
204.7,1.99,4.65,332.36,394.39
204.9,1.99,4.65,332.36,394.39
205.1,1.99,4.65,332.36,394.39
205.3,2,4.65,332.36,395.31
205.5,2,4.65,312.81,395.31
205.7,2,4.65,342.13,395.31
205.9,2,4.65,322.58,395.31
206.1,1.99,4.65,322.58,394.39
206.3,2,4.65,342.13,395.31
206.5,1.99,4.65,351.91,394.39
206.7,1.99,4.65,332.36,394.39
206.9,2,4.65,342.13,395.31
207.1,2,4.65,332.36,395.31
207.3,1.99,4.65,351.91,394.39
207.5,1.99,4.65,342.13,394.39
207.7,2,4.65,332.36,395.31
207.9,1.99,4.65,342.13,394.39
208.1,2,4.65,322.58,395.31
208.3,2,4.65,342.13,395.31
208.5,2,4.65,342.13,395.31
208.7,1.99,4.65,351.91,394.39
208.9,2,4.65,351.91,395.31
209.1,2,4.65,351.91,395.31
209.3,1.99,4.65,351.91,394.39
209.5,2,4.65,351.91,395.31
209.7,2,4.65,361.68,395.31
209.9,1.99,4.65,351.91,394.39
210.1,1.99,4.65,342.13,394.39
210.3,1.99,4.65,342.13,394.39
210.5,1.99,4.65,342.13,394.39
210.7,2,4.65,351.91,395.31
210.9,2,4.65,351.91,395.31
211.1,2,4.65,342.13,395.31
211.3,1.99,4.65,351.91,394.39
211.5,2,4.65,351.91,395.31
211.7,1.99,4.65,342.13,394.39
211.9,1.99,4.65,351.91,394.39
212.1,2,4.65,342.13,395.31
212.3,1.99,4.65,351.91,394.39
212.5,1.99,4.65,361.68,394.39
212.7,1.99,4.65,351.91,394.39
212.9,1.99,4.65,342.13,394.39
213.1,1.99,4.65,342.13,394.39
213.3,2,4.65,332.36,395.31
213.5,2,4.65,322.58,395.31
213.7,2,4.65,332.36,395.31
213.9,2,4.65,342.13,395.31
214.1,2,4.65,351.91,395.31
214.3,2,4.65,361.68,395.31
214.5,2,4.65,361.68,395.31
214.7,2,4.65,342.13,395.31
214.9,2,4.65,332.36,395.31
215.1,2,4.65,332.36,395.31
215.3,2,4.65,342.13,395.31
215.5,1.99,4.65,332.36,394.39
215.7,1.99,4.65,342.13,394.39
215.9,1.99,4.65,351.91,394.39
216.1,1.99,4.65,351.91,394.39
216.3,2,4.65,351.91,395.31
216.5,2,4.65,351.91,395.31
216.7,2,4.65,351.91,395.31
216.9,2,4.65,342.13,395.31
217.1,2,4.65,351.91,395.31
217.3,1.99,4.65,332.36,394.39
217.5,2,4.65,332.36,395.31
217.7,1.99,4.65,322.58,394.39
217.9,2,4.65,342.13,395.31
218.1,2,4.65,332.36,395.31
218.3,2,4.65,322.58,395.31
218.5,1.99,4.65,342.13,394.39
218.7,1.99,4.65,342.13,394.39
218.9,1.99,4.65,332.36,394.39
219.1,2,4.65,322.58,395.31
219.3,2,4.65,351.91,395.31
219.5,2,4.65,332.36,395.31
219.7,2,4.65,351.91,395.31
219.9,1.99,4.65,351.91,394.39
220.1,1.99,4.65,361.68,394.39
220.3,1.99,4.65,361.68,394.39
220.5,2,4.65,361.68,395.31
220.7,2,4.65,361.68,395.31
220.9,2,4.65,351.91,395.31
221.1,1.99,4.65,351.91,394.39
221.3,1.99,4.65,342.13,394.39
221.5,1.99,4.65,361.68,394.39
221.7,2,4.65,351.91,395.31
221.9,2,4.65,342.13,395.31
222.1,2,4.65,332.36,395.31
222.3,2,4.65,332.36,395.31
222.5,1.99,4.65,332.36,394.39
222.7,2,4.65,312.81,395.31
222.9,1.99,4.65,332.36,394.39
223.1,2,4.65,332.36,395.31
223.3,1.99,4.65,332.36,394.39
223.5,2,4.65,332.36,395.31
223.7,1.99,4.65,312.81,394.39
223.9,2,4.65,322.58,395.31
224.1,1.99,4.65,342.13,394.39
224.3,1.99,4.65,342.13,394.39
224.5,2,4.65,342.13,395.31
224.7,2,4.65,322.58,395.31
224.9,2,4.65,332.36,395.31
225.1,1.99,4.65,332.36,394.39
225.3,2,4.65,322.58,395.31
225.5,2,4.65,342.13,395.31
225.7,2,4.65,303.03,395.31
225.9,2,4.65,332.36,395.31
226.1,2,4.65,312.81,395.31
226.3,1.99,4.65,312.81,394.39
226.5,1.99,4.65,332.36,394.39
226.7,2,4.65,332.36,395.31
226.9,1.99,4.65,342.13,394.39
227.1,2,4.65,351.91,395.31
227.3,2,4.65,322.58,395.31
227.5,2.01,4.65,322.58,396.23
227.7,1.99,4.65,351.91,394.39
227.9,1.99,4.65,361.68,394.39
228.1,1.99,4.65,371.46,394.39
228.3,2,4.65,351.91,395.31
228.5,1.99,4.65,342.13,394.39
228.7,2,4.54,322.58,399.99
228.9,2,4.54,322.58,399.99
229.1,1.99,4.54,312.81,399.06
229.3,2,4.54,332.36,399.99
229.5,1.99,4.54,332.36,399.06
229.7,1.99,4.54,332.36,399.06
229.9,2,4.54,332.36,399.99
230.1,2,4.54,342.13,399.99
230.3,2,4.54,342.13,399.99
230.5,2,4.54,332.36,399.99
230.7,2,4.54,332.36,399.99
230.9,2,4.54,332.36,399.99
231.1,2,4.54,322.58,399.99
231.3,1.99,4.54,342.13,399.06
231.5,2,4.54,342.13,399.99
231.7,2,4.54,332.36,399.99
231.9,2,4.54,332.36,399.99
232.1,1.99,4.54,332.36,399.06
232.3,2,4.54,312.81,399.99
232.5,1.99,4.54,312.81,399.06
232.7,1.99,4.54,312.81,399.06
232.9,2,4.54,322.58,399.99
233.1,2,4.54,322.58,399.99
233.3,2,4.54,322.58,399.99
233.5,2,4.54,342.13,399.99
233.7,2,4.54,332.36,399.99
233.9,2,4.54,332.36,399.99
234.1,2,4.54,342.13,399.99
234.3,1.99,4.54,351.91,399.06
234.5,2,4.54,332.36,399.99
234.7,2,4.54,322.58,399.99
234.9,1.99,4.54,332.36,399.06
235.1,2,4.54,312.81,399.99
235.3,2,4.54,312.81,399.99
235.5,2,4.54,312.81,399.99
235.7,1.99,4.54,312.81,399.06
235.9,2,4.54,322.58,399.99
236.1,2,4.54,322.58,399.99
236.3,2,4.54,312.81,399.99
236.5,2,4.54,312.81,399.99
236.7,2,4.54,312.81,399.99
236.9,1.99,4.54,322.58,399.06
237.1,2,4.54,342.13,399.99
237.3,2,4.54,332.36,399.99
237.5,2,4.54,342.13,399.99
237.7,1.99,4.54,342.13,399.06
237.9,1.99,4.54,342.13,399.06
238.1,2,4.54,342.13,399.99
238.3,2,4.54,322.58,399.99
238.5,2,4.54,342.13,399.99
238.7,2,4.54,332.36,399.99
238.9,1.99,4.54,332.36,399.06
239.1,2,4.54,351.91,399.99
239.3,2,4.54,342.13,399.99
239.5,2,4.54,342.13,399.99
239.7,2,4.54,342.13,399.99
239.9,2,4.54,332.36,399.99
240.1,2,4.54,332.36,399.99
240.3,2,4.54,351.91,399.99
240.5,1.99,4.54,361.68,399.06
240.7,1.99,4.54,361.68,399.06
240.9,2,4.54,361.68,399.99
241.1,2,4.54,371.46,399.99
241.3,2,4.54,361.68,399.99
241.5,2,4.54,361.68,399.99
241.7,1.99,4.54,342.13,399.06
241.9,2,4.54,351.91,399.99
242.1,1.99,4.54,361.68,399.06
242.3,2,4.54,351.91,399.99
242.5,2,4.54,371.46,399.99
242.7,2,4.54,361.68,399.99
242.9,2,4.54,351.91,399.99
243.1,2,4.54,351.91,399.99
243.3,2,4.54,342.13,399.99
243.5,1.99,4.54,312.81,399.06
243.7,2,4.54,332.36,399.99
243.9,2,4.54,332.36,399.99
244.1,2,4.54,332.36,399.99
244.3,2,4.54,312.81,399.99
244.5,2,4.54,342.13,399.99
244.7,2,4.54,351.91,399.99
244.9,1.99,4.54,342.13,399.06
245.1,1.99,4.54,332.36,399.06
245.3,2,4.54,332.36,399.99
245.5,2,4.54,332.36,399.99
245.7,2,4.54,322.58,399.99
245.9,2,4.54,312.81,399.99
246.1,1.99,4.54,312.81,399.06
246.3,2,4.54,332.36,399.99
246.5,2,4.54,351.91,399.99
246.7,1.99,4.54,342.13,399.06
246.9,1.99,4.54,342.13,399.06
247.1,2,4.54,332.36,399.99
247.3,2,4.54,332.36,399.99
247.5,2,4.54,322.58,399.99
247.7,2,4.54,332.36,399.99
247.9,1.99,4.54,342.13,399.06
248.1,1.99,4.54,342.13,399.06
248.3,1.99,4.54,332.36,399.06
248.5,1.99,4.54,332.36,399.06
248.7,2,4.54,312.81,399.99
248.9,2,4.54,312.81,399.99
249.1,2,4.54,303.03,399.99
249.3,2,4.54,312.81,399.99
249.5,1.99,4.54,332.36,399.06
249.7,1.99,4.54,342.13,399.06
249.9,2,4.54,351.91,399.99
250.1,2,4.54,351.91,399.99
250.3,2,4.54,351.91,399.99
250.5,2,4.54,342.13,399.99
250.7,2,4.54,342.13,399.99
250.9,1.99,4.54,342.13,399.06
251.1,1.98,4.54,342.13,398.13
251.3,1.99,4.54,342.13,399.06
251.5,1.99,4.54,332.36,399.06
251.7,2,4.54,322.58,399.99
251.9,2,4.54,322.58,399.99
252.1,2,4.54,332.36,399.99
252.3,2,4.54,322.58,399.99
252.5,1.99,4.54,322.58,399.06
252.7,2,4.54,332.36,399.99
252.9,2,4.54,332.36,399.99
253.1,2,4.54,342.13,399.99
253.3,2,4.54,342.13,399.99
253.5,2,4.54,342.13,399.99
253.7,2,4.54,342.13,399.99
253.9,2,4.54,361.68,399.99
254.1,1.99,4.54,342.13,399.06
254.3,1.99,4.54,342.13,399.06
254.5,1.99,4.54,342.13,399.06
254.7,1.99,4.54,342.13,399.06
254.9,2,4.54,342.13,399.99
255.1,2,4.54,332.36,399.99
255.3,2,4.54,342.13,399.99
255.5,2,4.54,351.91,399.99
255.7,1.99,4.54,351.91,399.06
255.9,2,4.54,361.68,399.99
256.1,2,4.54,371.46,399.99
256.3,2,4.54,371.46,399.99
256.5,2,4.54,371.46,399.99
256.7,1.99,4.54,361.68,399.06
256.9,2,4.54,351.91,399.99
257.1,1.99,4.54,361.68,399.06
257.3,2,4.54,351.91,399.99
257.5,2,4.54,361.68,399.99
257.7,2,4.54,361.68,399.99
257.9,2,4.54,361.68,399.99
258.1,1.99,4.54,342.13,399.06
258.3,2,4.54,342.13,399.99
258.5,2,4.54,351.91,399.99
258.7,1.99,4.54,351.91,399.06
258.9,1.99,4.54,351.91,399.06
259.1,2,4.54,322.58,399.99
259.3,2,4.54,342.13,399.99
259.5,2,4.54,332.36,399.99
259.7,1.99,4.54,322.58,399.06
259.9,2,4.54,322.58,399.99
260.1,1.99,4.54,342.13,399.06
260.3,1.99,4.54,351.91,399.06
260.5,1.99,4.54,332.36,399.06
260.7,2,4.54,351.91,399.99
260.9,1.99,4.54,342.13,399.06
261.1,2,4.54,342.13,399.99
261.3,2,4.54,342.13,399.99
261.5,2,4.54,351.91,399.99
261.7,2.01,4.54,351.91,400.92
261.9,2,4.54,371.46,399.99
262.1,1.99,4.54,371.46,399.06
262.3,2,4.54,361.68,399.99
262.5,2,4.54,351.91,399.99
262.7,2,4.54,342.13,399.99
262.9,2,4.54,361.68,399.99
263.1,1.99,4.54,351.91,399.06
263.3,2,4.54,332.36,399.99
263.5,1.99,4.54,361.68,399.06
263.7,2,4.54,351.91,399.99
263.9,2,4.54,332.36,399.99
264.1,1.99,4.54,351.91,399.06
264.3,2,4.54,351.91,399.99
264.5,2,4.54,332.36,399.99
264.7,2,4.54,322.58,399.99
264.9,1.99,4.54,351.91,399.06
265.1,1.99,4.54,342.13,399.06
265.3,2,4.54,351.91,399.99
265.5,2,4.54,361.68,399.99
265.7,2,4.54,361.68,399.99
265.9,2,4.54,351.91,399.99
266.1,2,4.54,342.13,399.99
266.3,2,4.54,351.91,399.99
266.5,1.99,4.54,342.13,399.06
266.7,1.99,4.54,351.91,399.06
266.9,1.99,4.54,332.36,399.06
267.1,2,4.54,342.13,399.99
267.3,1.99,4.54,361.68,399.06
267.5,1.99,4.54,361.68,399.06
267.7,2,4.54,361.68,399.99
267.9,2,4.54,351.91,399.99
268.1,2,4.43,342.13,404.84
268.3,2,4.43,371.46,404.84
268.5,1.99,4.43,351.91,403.9
268.7,1.99,4.43,361.68,403.9
268.9,2.01,4.43,351.91,405.78
269.1,2,4.43,342.13,404.84
269.3,2,4.43,361.68,404.84
269.5,2,4.43,351.91,404.84
269.7,1.99,4.43,381.23,403.9
269.9,2,4.43,371.46,404.84
270.1,2,4.43,361.68,404.84
270.3,2,4.43,361.68,404.84
270.5,2,4.43,351.91,404.84
270.7,2,4.43,342.13,404.84
270.9,2,4.43,322.58,404.84
271.1,1.99,4.43,342.13,403.9
271.3,1.99,4.43,332.36,403.9
271.5,1.99,4.43,351.91,403.9
271.7,2,4.43,342.13,404.84
271.9,2.01,4.43,342.13,405.78
272.1,2,4.43,342.13,404.84
272.3,2,4.43,361.68,404.84
272.5,2,4.43,342.13,404.84
272.7,2,4.43,351.91,404.84
272.9,1.99,4.43,371.46,403.9
273.1,1.99,4.43,371.46,403.9
273.3,1.99,4.43,361.68,403.9
273.5,2.01,4.43,371.46,405.78
273.7,2,4.43,351.91,404.84
273.9,2,4.43,371.46,404.84
274.1,2,4.43,361.68,404.84
274.3,2,4.43,361.68,404.84
274.5,2,4.43,371.46,404.84
274.7,2.01,4.43,371.46,405.78
274.9,1.99,4.43,391.01,403.9
275.1,1.99,4.43,391.01,403.9
275.3,2,4.43,381.23,404.84
275.5,2,4.43,391.01,404.84
275.7,2,4.43,400.78,404.84
275.9,1.99,4.43,400.78,403.9
276.1,1.99,4.43,381.23,403.9
276.3,1.99,4.43,381.23,403.9
276.5,1.99,4.43,381.23,403.9
276.7,1.99,4.43,371.46,403.9
276.9,2,4.43,361.68,404.84
277.1,1.99,4.43,342.13,403.9
277.3,2,4.43,342.13,404.84
277.5,2,4.43,361.68,404.84
277.7,1.99,4.43,381.23,403.9
277.9,1.99,4.43,371.46,403.9
278.1,1.99,4.43,381.23,403.9
278.3,2,4.43,381.23,404.84
278.5,2,4.43,400.78,404.84
278.7,2,4.43,371.46,404.84
278.9,2,4.43,342.13,404.84
279.1,1.99,4.43,351.91,403.9
279.3,1.99,4.43,371.46,403.9
279.5,1.99,4.43,361.68,403.9
279.7,1.99,4.43,351.91,403.9
279.9,1.99,4.43,361.68,403.9
280.1,1.99,4.43,351.91,403.9
280.3,2,4.43,351.91,404.84
280.5,2,4.43,361.68,404.84
280.7,2,4.43,351.91,404.84
280.9,2,4.43,351.91,404.84
281.1,2,4.43,371.46,404.84
281.3,2,4.43,371.46,404.84
281.5,1.99,4.43,361.68,403.9
281.7,2,4.43,361.68,404.84
281.9,2,4.43,361.68,404.84
282.1,2,4.43,381.23,404.84
282.3,1.99,4.43,381.23,403.9
282.5,2,4.43,361.68,404.84
282.7,1.99,4.43,371.46,403.9
282.9,1.99,4.43,381.23,403.9
283.1,2.01,4.43,381.23,405.78
283.3,2,4.43,361.68,404.84
283.5,1.99,4.43,361.68,403.9
283.7,2.01,4.43,371.46,405.78
283.9,2,4.43,371.46,404.84
284.1,1.99,4.43,391.01,403.9
284.3,1.99,4.43,391.01,403.9
284.5,2,4.43,381.23,404.84
284.7,2,4.43,371.46,404.84
284.9,2,4.43,381.23,404.84
285.1,2,4.43,361.68,404.84
285.3,2,4.43,361.68,404.84
285.5,2,4.43,351.91,404.84
285.7,2,4.43,361.68,404.84
285.9,2,4.43,351.91,404.84
286.1,2,4.43,361.68,404.84
286.3,1.99,4.43,361.68,403.9
286.5,2,4.43,381.23,404.84
286.7,2,4.43,361.68,404.84
286.9,2,4.43,351.91,404.84
287.1,2,4.43,351.91,404.84
287.3,2,4.43,351.91,404.84
287.5,2,4.43,361.68,404.84
287.7,1.99,4.43,351.91,403.9
287.9,1.99,4.43,361.68,403.9
288.1,2,4.43,361.68,404.84
288.3,2,4.43,351.91,404.84
288.5,2,4.43,351.91,404.84
288.7,1.99,4.43,361.68,403.9
288.9,2,4.43,361.68,404.84
289.1,1.99,4.43,371.46,403.9
289.3,1.99,4.43,361.68,403.9
289.5,1.99,4.43,381.23,403.9
289.7,1.99,4.43,381.23,403.9
289.9,1.99,4.43,381.23,403.9
290.1,2,4.43,361.68,404.84
290.3,2,4.43,351.91,404.84
290.5,2,4.43,371.46,404.84
290.7,1.99,4.43,361.68,403.9
290.9,1.99,4.43,371.46,403.9
291.1,2,4.43,361.68,404.84
291.3,2,4.43,361.68,404.84
291.5,1.99,4.43,371.46,403.9
291.7,2,4.43,371.46,404.84
291.9,2,4.43,371.46,404.84
292.1,2,4.43,361.68,404.84
292.3,2,4.43,371.46,404.84
292.5,2,4.43,371.46,404.84
292.7,1.99,4.43,391.01,403.9
292.9,1.99,4.43,391.01,403.9
293.1,2,4.43,410.56,404.84
293.3,2,4.43,381.23,404.84
293.5,2,4.43,371.46,404.84
293.7,2,4.43,381.23,404.84
293.9,2,4.43,371.46,404.84
294.1,1.99,4.43,391.01,403.9
294.3,1.99,4.43,391.01,403.9
294.5,1.99,4.43,400.78,403.9
294.7,1.99,4.43,381.23,403.9
294.9,1.99,4.43,381.23,403.9
295.1,2,4.43,371.46,404.84
295.3,2,4.43,381.23,404.84
295.5,2,4.43,361.68,404.84
295.7,2,4.43,371.46,404.84
295.9,1.99,4.43,381.23,403.9
296.1,1.99,4.43,391.01,403.9
296.3,1.99,4.43,391.01,403.9
296.5,1.99,4.43,410.56,403.9
296.7,1.99,4.43,400.78,403.9
296.9,2,4.43,391.01,404.84
297.1,2.01,4.43,381.23,405.78
297.3,2,4.43,391.01,404.84
297.5,2,4.43,381.23,404.84
297.7,2,4.43,400.78,404.84
297.9,2,4.43,391.01,404.84
298.1,1.99,4.43,410.56,403.9
298.3,2,4.43,391.01,404.84
298.5,2,4.43,361.68,404.84
298.7,2,4.43,400.78,404.84
298.9,2,4.43,381.23,404.84
299.1,2,4.43,371.46,404.84
299.3,1.99,4.43,391.01,403.9
299.5,2,4.43,400.78,404.84
299.7,2,4.43,400.78,404.84
299.9,2,4.43,391.01,404.84
300.1,2,4.43,400.78,404.84
300.3,1.99,4.43,391.01,403.9
300.5,2,4.43,381.23,404.84
300.7,2,4.43,391.01,404.84
300.9,1.99,4.43,410.56,403.9
301.1,2,4.43,420.33,404.84
301.3,2,4.43,400.78,404.84
301.5,2,4.43,400.78,404.84
301.7,2,4.43,400.78,404.84
301.9,2,4.43,400.78,404.84
302.1,2,4.43,400.78,404.84
302.3,1.99,4.43,430.11,403.9
302.5,2,4.43,420.33,404.84
302.7,1.99,4.43,430.11,403.9
302.9,2,4.43,430.11,404.84
303.1,1.99,4.43,430.11,403.9
303.3,1.99,4.43,439.88,403.9
303.5,2,4.43,430.11,404.84
303.7,2,4.43,439.88,404.84
303.9,2,4.43,449.66,404.84
304.1,2,4.43,459.43,404.84
304.3,1.99,4.43,469.21,403.9
304.5,1.99,4.43,488.76,403.9
304.7,2,4.43,498.53,404.84
304.9,1.99,4.43,508.31,403.9
305.1,2,4.43,537.63,404.84
305.3,2,4.43,537.63,404.84
305.5,1.99,4.43,557.18,403.9
305.7,1.99,4.43,557.18,403.9
305.9,2,4.43,576.74,404.84
306.1,2,4.43,566.96,404.84
306.3,1.99,4.43,566.96,403.9
306.5,1.99,4.43,576.74,403.9
306.7,2,4.43,576.74,404.84
306.9,2,4.54,566.96,399.99
307.1,2,4.54,586.51,399.99
307.3,2,4.54,586.51,399.99
307.5,1.99,4.54,586.51,399.06
307.7,2,4.54,596.29,399.99
307.9,2,4.54,596.29,399.99
308.1,2,4.54,606.06,399.99
308.3,2,4.54,596.29,399.99
308.5,2,4.54,606.06,399.99
308.7,2,4.54,606.06,399.99
308.9,2,4.54,606.06,399.99
309.1,2,4.54,606.06,399.99
309.3,1.99,4.54,606.06,399.06
309.5,2,4.54,586.51,399.99
309.7,2,4.54,586.51,399.99
309.9,2,4.54,566.96,399.99
310.1,2,4.54,566.96,399.99
310.3,2,4.54,566.96,399.99
310.5,2,4.54,576.74,399.99
310.7,2,4.54,576.74,399.99
310.9,1.99,4.54,596.29,399.06
311.1,2,4.54,576.74,399.99
311.3,2,4.54,576.74,399.99
311.5,1.99,4.54,576.74,399.06
311.7,2,4.54,566.96,399.99
311.9,2,4.54,557.18,399.99
312.1,1.99,4.54,557.18,399.06
312.3,2,4.54,576.74,399.99
312.5,2,4.54,576.74,399.99
312.7,1.99,4.54,566.96,399.06
312.9,2,4.54,566.96,399.99
313.1,1.99,4.54,547.41,399.06
313.3,2.01,4.54,547.41,400.92
313.5,2,4.54,557.18,399.99
313.7,2,4.54,566.96,399.99
313.9,1.99,4.54,596.29,399.06
314.1,2,4.54,586.51,399.99
314.3,2,4.54,596.29,399.99
314.5,2,4.54,586.51,399.99
314.7,2,4.54,576.74,399.99
314.9,2,4.65,586.51,395.31
315.1,2,4.65,586.51,395.31
315.3,2,4.65,586.51,395.31
315.5,2,4.65,596.29,395.31
315.7,1.99,4.65,586.51,394.39
315.9,1.99,4.65,576.74,394.39
316.1,2,4.65,576.74,395.31
316.3,2,4.65,557.18,395.31
316.5,2,4.65,537.63,395.31
316.7,2,4.65,527.86,395.31
316.9,2,4.65,527.86,395.31
317.1,2,4.65,527.86,395.31
317.3,1.99,4.65,537.63,394.39
317.5,2,4.65,508.31,395.31
317.7,2,4.65,537.63,395.31
317.9,2,4.65,537.63,395.31
318.1,2.01,4.65,527.86,396.23
318.3,2,4.65,518.08,395.31
318.5,1.99,4.65,527.86,394.39
318.7,1.99,4.65,547.41,394.39
318.9,1.99,4.65,527.86,394.39
319.1,2,4.65,518.08,395.31
319.3,2,4.65,518.08,395.31
319.5,2,4.65,518.08,395.31
319.7,2,4.65,518.08,395.31
319.9,2,4.65,527.86,395.31
320.1,1.99,4.65,547.41,394.39
320.3,1.99,4.65,547.41,394.39
320.5,2,4.65,527.86,395.31
320.7,2,4.65,537.63,395.31
320.9,2,4.65,537.63,395.31
321.1,2,4.65,518.08,395.31
321.3,2,4.65,508.31,395.31
321.5,1.99,4.65,488.76,394.39
321.7,1.99,4.65,498.53,394.39
321.9,2,4.65,498.53,395.31
322.1,1.99,4.65,488.76,394.39
322.3,2,4.65,469.21,395.31
322.5,2,4.65,478.98,395.31
322.7,2,4.65,478.98,395.31
322.9,2,4.65,478.98,395.31
323.1,2,4.65,478.98,395.31
323.3,2,4.65,488.76,395.31
323.5,2,4.65,498.53,395.31
323.7,2,4.65,498.53,395.31
323.9,1.99,4.65,488.76,394.39
324.1,1.99,4.65,518.08,394.39
324.3,1.99,4.65,508.31,394.39
324.5,1.99,4.65,498.53,394.39
324.7,1.99,4.65,498.53,394.39
324.9,1.99,4.65,478.98,394.39
325.1,2,4.65,478.98,395.31
325.3,2,4.65,478.98,395.31
325.5,2,4.65,469.21,395.31
325.7,2,4.65,469.21,395.31
325.9,1.99,4.65,469.21,394.39
326.1,1.99,4.76,488.76,389.89
326.3,1.98,4.76,478.98,388.97
326.5,2,4.76,469.21,390.8
326.7,1.99,4.76,459.43,389.89
326.9,2,4.76,459.43,390.8
327.1,2,4.76,459.43,390.8
327.3,1.99,4.76,439.88,389.89
327.5,1.99,4.76,430.11,389.89
327.7,1.99,4.76,430.11,389.89
327.9,1.99,4.76,400.78,389.89
328.1,2,4.76,351.91,390.8
328.3,1.99,4.76,293.26,389.89
328.5,2,4.76,293.26,390.8
328.7,2,4.76,303.03,390.8
328.9,1.99,4.76,322.58,389.89
329.1,1.98,4.76,342.13,388.97
329.3,2,4.76,322.58,390.8
329.5,1.99,4.76,322.58,389.89
329.7,2,4.76,312.81,390.8
329.9,2,4.76,322.58,390.8
330.1,2,4.76,303.03,390.8
330.3,1.99,4.76,312.81,389.89
330.5,1.99,4.76,303.03,389.89
330.7,1.99,4.76,322.58,389.89
330.9,1.99,4.76,312.81,389.89
331.1,1.99,4.76,312.81,389.89
331.3,2,4.76,332.36,390.8
331.5,2,4.76,351.91,390.8
331.7,2,4.76,361.68,390.8
331.9,2,4.76,351.91,390.8
332.1,2,4.76,351.91,390.8
332.3,2,4.76,381.23,390.8
332.5,2,4.76,391.01,390.8
332.7,1.99,4.76,420.33,389.89
332.9,2,4.76,420.33,390.8
333.1,1.99,4.76,420.33,389.89
333.3,2,4.76,449.66,390.8
333.5,1.99,4.76,439.88,389.89
333.7,2,4.76,430.11,390.8
333.9,1.99,4.76,420.33,389.89
334.1,1.99,4.76,430.11,389.89
334.3,1.99,4.76,430.11,389.89
334.5,1.99,4.76,420.33,389.89
334.7,2,4.76,420.33,390.8
334.9,1.99,4.76,420.33,389.89
335.1,2,4.76,410.56,390.8
335.3,2,4.76,420.33,390.8
335.5,1.99,4.76,430.11,389.89
335.7,1.99,4.76,430.11,389.89
335.9,2,4.76,449.66,390.8
336.1,2,4.76,439.88,390.8
336.3,2,4.76,439.88,390.8
336.5,2,4.76,430.11,390.8
336.7,2,4.76,420.33,390.8
336.9,1.99,4.76,439.88,389.89
337.1,1.99,4.76,430.11,389.89
337.3,1.99,4.76,439.88,389.89
337.5,2,4.76,430.11,390.8
337.7,2,4.76,420.33,390.8
337.9,2,4.76,439.88,390.8
338.1,2,4.76,430.11,390.8
338.3,2,4.76,439.88,390.8
338.5,2,4.76,439.88,390.8
338.7,2,4.76,439.88,390.8
338.9,2,4.76,439.88,390.8
339.1,2,4.76,430.11,390.8
339.3,2,4.76,420.33,390.8
339.5,2,4.76,420.33,390.8
339.7,1.99,4.76,391.01,389.89
339.9,1.99,4.76,391.01,389.89
340.1,1.99,4.76,342.13,389.89
340.3,1.99,4.76,332.36,389.89
340.5,2,4.76,322.58,390.8
340.7,2,4.76,312.81,390.8
340.9,2,4.76,312.81,390.8
341.1,2,4.76,312.81,390.8
341.3,2,4.76,312.81,390.8
341.5,2,4.76,312.81,390.8
341.7,2,4.76,312.81,390.8
341.9,1.99,4.76,322.58,389.89
342.1,2,4.76,312.81,390.8
342.3,2,4.76,322.58,390.8
342.5,2,4.76,332.36,390.8
342.7,2,4.76,312.81,390.8
342.9,2,4.76,312.81,390.8
343.1,1.99,4.76,312.81,389.89
343.3,2,4.76,322.58,390.8
343.5,1.99,4.76,312.81,389.89
343.7,1.99,4.76,312.81,389.89
343.9,1.99,4.76,293.26,389.89
344.1,2.01,4.76,293.26,391.7
344.3,2,4.76,322.58,390.8
344.5,2,4.76,332.36,390.8
344.7,1.99,4.76,361.68,389.89
344.9,2,4.76,361.68,390.8
345.1,2,4.76,361.68,390.8
345.3,2,4.76,381.23,390.8
345.5,2,4.76,371.46,390.8
345.7,2,4.76,371.46,390.8
345.9,1.99,4.76,381.23,389.89
346.1,1.99,4.76,391.01,389.89
346.3,1.99,4.76,400.78,389.89
346.5,2,4.76,381.23,390.8
346.7,1.99,4.76,400.78,389.89
346.9,2,4.76,371.46,390.8
347.1,2,4.76,361.68,390.8
347.3,2,4.76,361.68,390.8
347.5,2,4.76,381.23,390.8
347.7,2,4.76,371.46,390.8
347.9,2,4.76,371.46,390.8
348.1,1.99,4.76,371.46,389.89
348.3,2,4.76,351.91,390.8
348.5,2,4.65,361.68,395.31
348.7,2,4.65,381.23,395.31
348.9,1.99,4.65,381.23,394.39
349.1,1.99,4.65,371.46,394.39
349.3,1.99,4.65,371.46,394.39
349.5,1.99,4.65,400.78,394.39
349.7,2,4.65,381.23,395.31
349.9,2.01,4.65,361.68,396.23
350.1,2,4.65,351.91,395.31
350.3,2,4.65,351.91,395.31
350.5,1.99,4.65,361.68,394.39
350.7,2,4.65,371.46,395.31
350.9,1.99,4.65,381.23,394.39
351.1,1.99,4.65,381.23,394.39
351.3,2,4.65,381.23,395.31
351.5,2,4.65,361.68,395.31
351.7,2.01,4.65,361.68,396.23
351.9,2,4.65,342.13,395.31
352.1,1.99,4.65,371.46,394.39
352.3,1.99,4.65,361.68,394.39
352.5,1.99,4.65,381.23,394.39
352.7,2,4.65,371.46,395.31
352.9,2,4.65,371.46,395.31
353.1,2,4.65,351.91,395.31
353.3,2.01,4.65,332.36,396.23
353.5,2,4.65,332.36,395.31
353.7,2,4.65,332.36,395.31
353.9,2.01,4.65,332.36,396.23
354.1,2,4.65,342.13,395.31
354.3,1.99,4.65,361.68,394.39
354.5,1.99,4.65,351.91,394.39
354.7,2.01,4.65,351.91,396.23
354.9,2,4.65,381.23,395.31
355.1,2,4.65,371.46,395.31
355.3,1.99,4.65,381.23,394.39
355.5,1.99,4.65,351.91,394.39
355.7,1.99,4.65,361.68,394.39
355.9,1.99,4.65,361.68,394.39
356.1,1.99,4.65,351.91,394.39
356.3,2,4.65,351.91,395.31
356.5,1.99,4.65,351.91,394.39
356.7,2,4.65,351.91,395.31
356.9,2,4.65,361.68,395.31
357.1,2,4.65,361.68,395.31
357.3,1.99,4.65,342.13,394.39
357.5,2,4.65,342.13,395.31
357.7,2,4.65,332.36,395.31
357.9,2,4.65,342.13,395.31
358.1,1.99,4.65,322.58,394.39
358.3,1.99,4.65,351.91,394.39
358.5,2,4.65,371.46,395.31
358.7,1.99,4.65,381.23,394.39
358.9,2.01,4.65,371.46,396.23
359.1,2,4.65,391.01,395.31
359.3,2,4.65,361.68,395.31
359.5,2,4.65,381.23,395.31
359.7,1.99,4.65,391.01,394.39
359.9,1.99,4.65,391.01,394.39
360.1,1.99,4.65,381.23,394.39
360.3,1.99,4.65,381.23,394.39
360.5,2,4.65,391.01,395.31
360.7,2,4.65,391.01,395.31
360.9,2,4.65,381.23,395.31
361.1,1.99,4.65,371.46,394.39
361.3,2,4.65,400.78,395.31
361.5,1.99,4.65,400.78,394.39
361.7,2,4.65,400.78,395.31
361.9,2,4.65,400.78,395.31
362.1,2,4.65,391.01,395.31
362.3,2,4.65,371.46,395.31
362.5,1.99,4.65,391.01,394.39
362.7,1.99,4.65,381.23,394.39
362.9,1.99,4.65,381.23,394.39
363.1,2,4.65,381.23,395.31
363.3,2,4.65,391.01,395.31
363.5,2,4.65,371.46,395.31
363.7,1.99,4.65,361.68,394.39
363.9,1.99,4.65,371.46,394.39
364.1,1.99,4.65,371.46,394.39
364.3,1.99,4.65,371.46,394.39
364.5,1.99,4.65,371.46,394.39
364.7,1.99,4.65,361.68,394.39
364.9,2,4.65,361.68,395.31
365.1,2,4.65,361.68,395.31
365.3,2,4.65,342.13,395.31
365.5,2,4.65,361.68,395.31
365.7,2,4.65,361.68,395.31
365.9,2,4.65,371.46,395.31
366.1,2,4.65,351.91,395.31
366.3,2,4.65,332.36,395.31
366.5,1.99,4.65,351.91,394.39
366.7,2,4.65,351.91,395.31
366.9,1.99,4.65,381.23,394.39
367.1,1.99,4.65,351.91,394.39
367.3,1.99,4.65,361.68,394.39
367.5,2,4.65,342.13,395.31
367.7,2,4.65,351.91,395.31
367.9,2,4.65,351.91,395.31
368.1,2,4.65,371.46,395.31
368.3,2,4.65,361.68,395.31
368.5,2,4.65,371.46,395.31
368.7,2,4.65,361.68,395.31
368.9,1.99,4.65,381.23,394.39
369.1,1.99,4.65,371.46,394.39
369.3,1.99,4.65,381.23,394.39
369.5,2,4.65,391.01,395.31
369.7,2,4.65,371.46,395.31
369.9,2,4.65,351.91,395.31
370.1,2,4.65,351.91,395.31
370.3,1.99,4.65,371.46,394.39
370.5,1.99,4.65,361.68,394.39
370.7,2,4.65,351.91,395.31
370.9,2,4.65,361.68,395.31
371.1,2,4.65,361.68,395.31
371.3,2,4.65,361.68,395.31
371.5,2,4.65,391.01,395.31
371.7,1.99,4.65,381.23,394.39
371.9,2,4.65,381.23,395.31
372.1,2,4.65,381.23,395.31
372.3,2,4.65,371.46,395.31
372.5,2,4.65,351.91,395.31
372.7,2,4.65,351.91,395.31
372.9,1.99,4.65,381.23,394.39
373.1,1.99,4.65,381.23,394.39
373.3,1.99,4.65,371.46,394.39
373.5,1.99,4.65,381.23,394.39
373.7,1.99,4.65,381.23,394.39
373.9,2,4.65,371.46,395.31
374.1,2,4.65,381.23,395.31
374.3,1.99,4.65,410.56,394.39
374.5,2,4.65,381.23,395.31
374.7,2,4.65,381.23,395.31
374.9,1.99,4.65,371.46,394.39
375.1,2,4.65,381.23,395.31
375.3,1.99,4.65,361.68,394.39
375.5,1.99,4.65,391.01,394.39
375.7,1.99,4.65,391.01,394.39
375.9,1.99,4.65,381.23,394.39
376.1,1.99,4.65,381.23,394.39
376.3,2,4.65,391.01,395.31
376.5,2,4.65,361.68,395.31
376.7,1.99,4.65,371.46,394.39
376.9,2,4.65,371.46,395.31
377.1,2,4.65,371.46,395.31
377.3,2.01,4.65,381.23,396.23
377.5,2,4.65,371.46,395.31
377.7,2,4.65,371.46,395.31
377.9,2,4.65,361.68,395.31
378.1,2,4.65,351.91,395.31
378.3,2,4.65,351.91,395.31
378.5,2,4.65,381.23,395.31
378.7,1.99,4.65,371.46,394.39
378.9,1.99,4.65,371.46,394.39
379.1,1.99,4.65,371.46,394.39
379.3,2,4.65,371.46,395.31
379.5,2,4.65,371.46,395.31
379.7,2,4.65,361.68,395.31
379.9,2,4.65,361.68,395.31
380.1,2,4.65,371.46,395.31
380.3,2,4.65,391.01,395.31
380.5,1.99,4.65,391.01,394.39
380.7,2,4.65,381.23,395.31
380.9,2,4.65,381.23,395.31
381.1,2,4.65,381.23,395.31
381.3,2,4.65,371.46,395.31
381.5,1.99,4.65,381.23,394.39
381.7,2,4.65,391.01,395.31
381.9,2,4.65,381.23,395.31
382.1,1.99,4.65,391.01,394.39
382.3,2,4.65,381.23,395.31
382.5,2,4.65,391.01,395.31
382.7,2,4.65,371.46,395.31
382.9,2,4.65,371.46,395.31
383.1,2,4.65,391.01,395.31
383.3,1.99,4.65,410.56,394.39
383.5,1.99,4.65,410.56,394.39
383.7,2,4.65,400.78,395.31
383.9,1.99,4.65,391.01,394.39
384.1,2,4.65,400.78,395.31
384.3,2,4.65,391.01,395.31
384.5,2,4.65,400.78,395.31
384.7,1.99,4.65,400.78,394.39
384.9,2,4.65,400.78,395.31
385.1,1.99,4.65,400.78,394.39
385.3,2,4.65,391.01,395.31
385.5,2,4.65,391.01,395.31
385.7,1.99,4.65,410.56,394.39
385.9,2,4.65,400.78,395.31
386.1,1.99,4.65,410.56,394.39
386.3,2,4.65,410.56,395.31
386.5,2,4.65,420.33,395.31
386.7,2,4.65,420.33,395.31
386.9,2,4.65,400.78,395.31
387.1,2,4.65,400.78,395.31
387.3,1.99,4.65,410.56,394.39
387.5,1.99,4.65,420.33,394.39
387.7,1.99,4.65,410.56,394.39
387.9,1.99,4.65,410.56,394.39
388.1,2,4.65,391.01,395.31
388.3,2,4.65,391.01,395.31
388.5,2,4.65,391.01,395.31
388.7,2,4.65,381.23,395.31
388.9,1.99,4.65,391.01,394.39
389.1,1.99,4.65,391.01,394.39
389.3,2,4.65,410.56,395.31
389.5,2,4.65,391.01,395.31
389.7,2,4.65,400.78,395.31
389.9,2,4.65,400.78,395.31
390.1,1.99,4.65,420.33,394.39
390.3,2,4.65,410.56,395.31
390.5,1.99,4.65,420.33,394.39
390.7,1.99,4.65,400.78,394.39
390.9,2,4.65,410.56,395.31
391.1,2,4.65,410.56,395.31
391.3,2,4.65,381.23,395.31
391.5,2,4.65,381.23,395.31
391.7,1.99,4.65,391.01,394.39
391.9,1.99,4.65,400.78,394.39
392.1,1.99,4.65,410.56,394.39
392.3,2,4.65,400.78,395.31
392.5,2,4.65,400.78,395.31
392.7,2,4.65,391.01,395.31
392.9,2,4.65,371.46,395.31
393.1,1.99,4.65,361.68,394.39
393.3,1.99,4.65,381.23,394.39
393.5,1.99,4.65,371.46,394.39
393.7,1.99,4.65,361.68,394.39
393.9,2,4.65,361.68,395.31
394.1,1.99,4.65,351.91,394.39
394.3,2,4.65,361.68,395.31
394.5,1.99,4.65,371.46,394.39
394.7,2,4.65,400.78,395.31
394.9,1.99,4.65,400.78,394.39
395.1,2,4.65,400.78,395.31
395.3,2,4.65,391.01,395.31
395.5,1.99,4.65,391.01,394.39
395.7,2,4.65,381.23,395.31
395.9,2,4.65,371.46,395.31
396.1,1.99,4.65,400.78,394.39
396.3,2,4.65,381.23,395.31
396.5,1.99,4.65,391.01,394.39
396.7,2,4.65,391.01,395.31
396.9,2,4.65,371.46,395.31
397.1,2,4.65,371.46,395.31
397.3,2,4.65,381.23,395.31
397.5,1.99,4.65,400.78,394.39
397.7,1.99,4.65,400.78,394.39
397.9,2,4.65,391.01,395.31
398.1,1.99,4.65,410.56,394.39
398.3,1.99,4.65,410.56,394.39
398.5,2,4.65,410.56,395.31
398.7,2,4.65,420.33,395.31
398.9,1.99,4.65,439.88,394.39
399.1,2,4.65,430.11,395.31
399.3,1.99,4.65,430.11,394.39
399.5,1.99,4.65,439.88,394.39
399.7,1.99,4.65,430.11,394.39
399.9,1.99,4.65,430.11,394.39
400.1,2,4.65,420.33,395.31
400.3,2,4.65,430.11,395.31
400.5,2,4.65,439.88,395.31
400.7,2,4.65,449.66,395.31
400.9,1.99,4.65,449.66,394.39
401.1,1.99,4.65,449.66,394.39
401.3,2,4.65,459.43,395.31
401.5,2,4.65,439.88,395.31
401.7,2,4.65,459.43,395.31
401.9,2,4.65,439.88,395.31
402.1,1.99,4.65,439.88,394.39
402.3,1.99,4.65,449.66,394.39
402.5,1.99,4.65,449.66,394.39
402.7,2,4.65,449.66,395.31
402.9,2,4.65,439.88,395.31
403.1,2,4.65,420.33,395.31
403.3,2,4.65,410.56,395.31
403.5,2,4.65,430.11,395.31
403.7,1.99,4.76,449.66,389.89
403.9,2,4.76,410.56,390.8
404.1,2,4.76,410.56,390.8
404.3,2,4.76,410.56,390.8
404.5,2,4.76,410.56,390.8
404.7,2,4.76,420.33,390.8
404.9,1.99,4.76,430.11,389.89
405.1,1.99,4.76,420.33,389.89
405.3,2,4.76,420.33,390.8
405.5,2,4.76,420.33,390.8
405.7,2,4.76,420.33,390.8
405.9,2,4.76,400.78,390.8
406.1,2,4.76,391.01,390.8
406.3,1.99,4.76,400.78,389.89
406.5,1.99,4.76,420.33,389.89
406.7,1.99,4.76,420.33,389.89
406.9,2,4.76,410.56,390.8
407.1,2,4.76,410.56,390.8
407.3,1.99,4.76,410.56,389.89
407.5,2,4.76,391.01,390.8
407.7,2,4.76,391.01,390.8
407.9,2,4.76,410.56,390.8
408.1,1.99,4.76,410.56,389.89
408.3,1.99,4.76,400.78,389.89
408.5,1.99,4.76,410.56,389.89
408.7,1.99,4.76,410.56,389.89
408.9,2,4.76,410.56,390.8
409.1,2,4.76,400.78,390.8
409.3,2,4.76,391.01,390.8
409.5,2,4.76,391.01,390.8
409.7,2,4.76,391.01,390.8
409.9,2,4.76,391.01,390.8
410.1,2,4.76,391.01,390.8
410.3,2,4.76,381.23,390.8
410.5,2,4.76,381.23,390.8
410.7,2,4.76,391.01,390.8
410.9,2,4.76,381.23,390.8
411.1,2,4.76,391.01,390.8
411.3,2,4.76,381.23,390.8
411.5,2,4.76,391.01,390.8
411.7,2,4.76,400.78,390.8
411.9,1.99,4.76,400.78,389.89
412.1,2,4.76,400.78,390.8
412.3,2,4.76,381.23,390.8
412.5,2,4.76,381.23,390.8
412.7,2,4.76,391.01,390.8
412.9,1.99,4.76,410.56,389.89
413.1,2,4.76,420.33,390.8
413.3,2,4.76,410.56,390.8
413.5,2,4.76,420.33,390.8
413.7,2,4.76,430.11,390.8
413.9,2,4.76,420.33,390.8
414.1,2,4.76,400.78,390.8
414.3,2,4.76,400.78,390.8
414.5,2,4.76,400.78,390.8
414.7,1.99,4.76,381.23,389.89
414.9,2,4.76,391.01,390.8
415.1,1.99,4.76,391.01,389.89
415.3,2,4.76,381.23,390.8
415.5,2,4.76,381.23,390.8
415.7,2,4.76,391.01,390.8
415.9,2,4.76,381.23,390.8
416.1,2,4.76,391.01,390.8
416.3,2,4.76,381.23,390.8
416.5,2,4.76,400.78,390.8
416.7,1.99,4.76,391.01,389.89
416.9,2,4.76,391.01,390.8
417.1,2,4.76,400.78,390.8
417.3,2,4.76,391.01,390.8
417.5,2,4.76,371.46,390.8
417.7,2,4.76,371.46,390.8
417.9,1.99,4.76,371.46,389.89
418.1,1.99,4.76,391.01,389.89
418.3,1.99,4.76,391.01,389.89
418.5,1.99,4.76,410.56,389.89
418.7,2,4.76,400.78,390.8
418.9,2,4.76,391.01,390.8
419.1,2,4.76,391.01,390.8
419.3,1.99,4.76,420.33,389.89
419.5,2,4.76,400.78,390.8
419.7,2,4.76,391.01,390.8
419.9,2,4.76,391.01,390.8
420.1,1.99,4.76,400.78,389.89
420.3,2,4.76,391.01,390.8
420.5,2,4.76,391.01,390.8
420.7,1.99,4.76,371.46,389.89
420.9,2,4.76,410.56,390.8
421.1,2,4.76,391.01,390.8
421.3,1.99,4.76,400.78,389.89
421.5,2,4.76,400.78,390.8
421.7,2.01,4.76,400.78,391.7
421.9,2,4.76,391.01,390.8
422.1,2,4.76,391.01,390.8
422.3,2,4.76,381.23,390.8
422.5,2,4.76,391.01,390.8
422.7,2,4.76,391.01,390.8
422.9,2,4.76,410.56,390.8
423.1,1.99,4.76,400.78,389.89
423.3,2,4.76,410.56,390.8
423.5,2,4.76,410.56,390.8
423.7,2,4.76,381.23,390.8
423.9,2,4.76,391.01,390.8
424.1,2,4.76,391.01,390.8
424.3,2,4.76,410.56,390.8
424.5,1.99,4.76,410.56,389.89
424.7,1.99,4.76,410.56,389.89
424.9,2,4.76,400.78,390.8
425.1,2,4.76,400.78,390.8
425.3,2,4.76,381.23,390.8
425.5,2,4.76,371.46,390.8
425.7,1.99,4.76,391.01,389.89
425.9,1.99,4.76,381.23,389.89
426.1,2,4.76,381.23,390.8
426.3,2,4.76,371.46,390.8
426.5,2,4.76,371.46,390.8
426.7,2,4.76,361.68,390.8
426.9,2,4.76,351.91,390.8
427.1,2,4.76,361.68,390.8
427.3,1.99,4.76,371.46,389.89
427.5,1.98,4.76,371.46,388.97
427.7,1.99,4.76,361.68,389.89
427.9,1.99,4.76,371.46,389.89
428.1,1.99,4.76,371.46,389.89
428.3,2,4.76,361.68,390.8
428.5,2,4.76,361.68,390.8
428.7,2,4.76,361.68,390.8
428.9,2,4.76,361.68,390.8
429.1,2,4.76,371.46,390.8
429.3,1.99,4.76,371.46,389.89
429.5,1.99,4.76,371.46,389.89
429.7,1.99,4.76,361.68,389.89
429.9,2,4.76,361.68,390.8
430.1,2,4.76,361.68,390.8
430.3,2,4.76,361.68,390.8
430.5,1.99,4.76,351.91,389.89
430.7,2,4.76,351.91,390.8
430.9,1.99,4.76,371.46,389.89
431.1,1.99,4.76,351.91,389.89
431.3,1.99,4.76,351.91,389.89
431.5,1.99,4.76,351.91,389.89
431.7,2,4.76,342.13,390.8
431.9,2,4.76,342.13,390.8
432.1,2,4.76,342.13,390.8
432.3,2,4.76,361.68,390.8
432.5,2.01,4.76,381.23,391.7
432.7,2,4.76,381.23,390.8
432.9,2,4.76,400.78,390.8
433.1,2,4.76,410.56,390.8
433.3,1.99,4.76,400.78,389.89
433.5,2,4.76,400.78,390.8
433.7,2,4.76,391.01,390.8
433.9,2,4.76,381.23,390.8
434.1,1.98,4.76,381.23,388.97
434.3,1.99,4.76,391.01,389.89
434.5,2,4.76,391.01,390.8
434.7,2,4.76,371.46,390.8
434.9,1.99,4.76,381.23,389.89
435.1,2,4.76,391.01,390.8
435.3,2,4.76,371.46,390.8
435.5,2,4.76,361.68,390.8
435.7,1.99,4.76,391.01,389.89
435.9,1.99,4.76,381.23,389.89
436.1,1.99,4.76,391.01,389.89
436.3,2,4.76,371.46,390.8
436.5,2,4.76,381.23,390.8
436.7,2,4.76,381.23,390.8
436.9,2,4.76,371.46,390.8
437.1,2,4.76,371.46,390.8
437.3,1.99,4.76,361.68,389.89
437.5,2,4.76,361.68,390.8
437.7,2,4.76,342.13,390.8
437.9,1.99,4.76,351.91,389.89
438.1,2,4.76,351.91,390.8
438.3,2,4.76,351.91,390.8
438.5,2,4.76,351.91,390.8
438.7,2,4.76,342.13,390.8
438.9,2,4.76,342.13,390.8
439.1,2,4.76,332.36,390.8
439.3,1.99,4.76,361.68,389.89
439.5,2,4.76,351.91,390.8
439.7,2,4.76,361.68,390.8
439.9,2,4.76,342.13,390.8
440.1,2,4.76,342.13,390.8
440.3,2.01,4.76,332.36,391.7
440.5,2,4.76,332.36,390.8
440.7,2,4.76,322.58,390.8
440.9,1.99,4.76,342.13,389.89
441.1,1.99,4.76,351.91,389.89
441.3,1.99,4.76,342.13,389.89
441.5,1.99,4.76,342.13,389.89
441.7,2,4.76,332.36,390.8
441.9,2,4.76,332.36,390.8
442.1,2,4.76,342.13,390.8
442.3,1.99,4.76,361.68,389.89
442.5,1.99,4.76,371.46,389.89
442.7,2,4.76,361.68,390.8
442.9,1.99,4.76,371.46,389.89
443.1,1.99,4.76,381.23,389.89
443.3,2,4.76,371.46,390.8
443.5,2,4.76,361.68,390.8
443.7,2,4.76,351.91,390.8
443.9,2,4.76,371.46,390.8
444.1,2,4.76,361.68,390.8
444.3,1.99,4.76,391.01,389.89
444.5,1.99,4.76,400.78,389.89
444.7,2,4.76,391.01,390.8
444.9,2,4.76,391.01,390.8
445.1,2,4.76,391.01,390.8
445.3,2,4.76,391.01,390.8
445.5,2,4.76,410.56,390.8
445.7,2,4.76,400.78,390.8
445.9,1.99,4.76,400.78,389.89
446.1,2,4.76,400.78,390.8
446.3,2,4.76,391.01,390.8
446.5,2,4.76,400.78,390.8
446.7,2,4.76,361.68,390.8
446.9,1.99,4.76,381.23,389.89
447.1,1.99,4.76,391.01,389.89
447.3,1.99,4.76,400.78,389.89
447.5,2,4.76,400.78,390.8
447.7,2,4.76,400.78,390.8
447.9,2,4.76,410.56,390.8
448.1,2,4.76,391.01,390.8
448.3,2,4.76,391.01,390.8
448.5,2,4.76,391.01,390.8
448.7,1.99,4.76,391.01,389.89
448.9,2,4.76,391.01,390.8
449.1,2,4.76,381.23,390.8
449.3,1.99,4.76,391.01,389.89
449.5,2,4.76,381.23,390.8
449.7,1.99,4.76,371.46,389.89
449.9,1.99,4.76,361.68,389.89
450.1,1.99,4.76,371.46,389.89
450.3,1.99,4.76,381.23,389.89
450.5,2,4.76,371.46,390.8
450.7,1.99,4.76,371.46,389.89
450.9,2,4.76,361.68,390.8
451.1,2,4.76,361.68,390.8
451.3,2,4.76,351.91,390.8
451.5,2,4.76,361.68,390.8
451.7,2,4.76,361.68,390.8
451.9,2,4.76,371.46,390.8
452.1,2,4.76,371.46,390.8
452.3,2,4.76,361.68,390.8
452.5,2,4.76,351.91,390.8
452.7,2,4.76,342.13,390.8
452.9,2,4.76,371.46,390.8
453.1,2,4.76,342.13,390.8
453.3,1.99,4.76,351.91,389.89
453.5,1.99,4.76,361.68,389.89
453.7,1.99,4.76,361.68,389.89
453.9,2,4.76,351.91,390.8
454.1,2,4.76,351.91,390.8
454.3,2,4.76,342.13,390.8
454.5,2.01,4.76,361.68,391.7
454.7,2,4.76,371.46,390.8
454.9,1.99,4.76,381.23,389.89
455.1,1.99,4.76,410.56,389.89
455.3,2,4.76,391.01,390.8
455.5,2.01,4.76,391.01,391.7
455.7,1.99,4.76,400.78,389.89
455.9,2,4.76,371.46,390.8
456.1,2,4.76,391.01,390.8
456.3,1.99,4.76,391.01,389.89
456.5,1.99,4.76,400.78,389.89
456.7,1.99,4.76,381.23,389.89
456.9,1.99,4.76,391.01,389.89
457.1,2,4.76,361.68,390.8
457.3,2,4.76,361.68,390.8
457.5,2,4.76,381.23,390.8
457.7,1.99,4.76,391.01,389.89
457.9,1.99,4.76,400.78,389.89
458.1,2,4.76,410.56,390.8
458.3,2,4.76,410.56,390.8
458.5,2,4.76,400.78,390.8
458.7,2,4.76,400.78,390.8
458.9,2,4.76,400.78,390.8
459.1,1.99,4.76,439.88,389.89
459.3,1.99,4.76,439.88,389.89
459.5,1.99,4.76,439.88,389.89
459.7,1.99,4.76,430.11,389.89
459.9,2,4.76,410.56,390.8
460.1,2,4.76,430.11,390.8
460.3,1.99,4.76,410.56,389.89
460.5,1.99,4.76,420.33,389.89
460.7,2,4.76,420.33,390.8
460.9,2,4.76,410.56,390.8
461.1,1.99,4.76,420.33,389.89
461.3,2,4.76,410.56,390.8
461.5,2,4.76,410.56,390.8
461.7,2,4.76,400.78,390.8
461.9,1.99,4.76,420.33,389.89
462.1,1.99,4.76,400.78,389.89
462.3,1.99,4.76,410.56,389.89
462.5,2,4.76,410.56,390.8
462.7,2,4.76,400.78,390.8
462.9,2,4.76,391.01,390.8
463.1,2,4.76,381.23,390.8
463.3,2,4.76,371.46,390.8
463.5,2,4.76,371.46,390.8
463.7,1.99,4.76,371.46,389.89
463.9,1.99,4.76,381.23,389.89
464.1,1.99,4.76,381.23,389.89
464.3,2.01,4.76,361.68,391.7
464.5,2,4.76,381.23,390.8
464.7,2,4.76,381.23,390.8
464.9,2,4.76,381.23,390.8
465.1,2,4.76,361.68,390.8
465.3,2,4.76,381.23,390.8
465.5,1.99,4.76,391.01,389.89
465.7,1.99,4.76,371.46,389.89
465.9,1.99,4.76,371.46,389.89
466.1,2,4.76,371.46,390.8
466.3,2,4.76,361.68,390.8
466.5,2,4.76,381.23,390.8
466.7,2,4.76,371.46,390.8
466.9,2,4.76,381.23,390.8
467.1,2,4.76,391.01,390.8
467.3,2,4.76,400.78,390.8
467.5,2,4.76,391.01,390.8
467.7,1.99,4.76,410.56,389.89
467.9,2.01,4.76,400.78,391.7
468.1,2,4.76,400.78,390.8
468.3,2,4.76,410.56,390.8
468.5,2,4.76,410.56,390.8
468.7,1.99,4.76,400.78,389.89
468.9,1.99,4.76,410.56,389.89
469.1,1.99,4.76,410.56,389.89
469.3,2,4.76,420.33,390.8
469.5,2,4.76,400.78,390.8
469.7,2,4.76,391.01,390.8
469.9,2,4.76,391.01,390.8
470.1,2,4.76,381.23,390.8
470.3,2,4.76,391.01,390.8
470.5,1.99,4.76,391.01,389.89
470.7,1.99,4.76,400.78,389.89
470.9,1.99,4.76,400.78,389.89
471.1,2,4.76,391.01,390.8
471.3,1.99,4.76,400.78,389.89
471.5,2,4.76,400.78,390.8
471.7,2,4.76,381.23,390.8
471.9,2,4.76,391.01,390.8
472.1,2,4.76,381.23,390.8
472.3,1.99,4.76,381.23,389.89
472.5,1.99,4.76,381.23,389.89
472.7,1.99,4.76,381.23,389.89
472.9,2.01,4.76,381.23,391.7
473.1,1.99,4.76,381.23,389.89
473.3,2,4.76,391.01,390.8
473.5,2,4.76,381.23,390.8
473.7,2,4.76,381.23,390.8
473.9,2,4.76,381.23,390.8
474.1,2,4.76,391.01,390.8
474.3,1.99,4.76,371.46,389.89
474.5,2,4.76,400.78,390.8
474.7,2,4.76,400.78,390.8
474.9,1.99,4.76,400.78,389.89
475.1,2,4.76,381.23,390.8
475.3,1.99,4.76,381.23,389.89
475.5,2,4.76,381.23,390.8
475.7,1.99,4.76,400.78,389.89
475.9,1.99,4.76,400.78,389.89
476.1,2,4.76,410.56,390.8
476.3,2,4.76,400.78,390.8
476.5,2,4.76,400.78,390.8
476.7,2.01,4.76,400.78,391.7
476.9,2,4.76,391.01,390.8
477.1,2,4.76,391.01,390.8
477.3,2.01,4.76,391.01,391.7
477.5,2,4.76,381.23,390.8
477.7,1.99,4.76,391.01,389.89
477.9,2,4.76,391.01,390.8
478.1,2,4.76,400.78,390.8
478.3,2,4.76,400.78,390.8
478.5,2,4.76,420.33,390.8
478.7,2,4.76,410.56,390.8
478.9,1.99,4.76,410.56,389.89
479.1,1.99,4.76,410.56,389.89
479.3,1.99,4.76,410.56,389.89
479.5,2,4.76,410.56,390.8
479.7,2,4.76,410.56,390.8
479.9,2,4.76,400.78,390.8
480.1,2,4.76,400.78,390.8
480.3,2,4.76,400.78,390.8
480.5,2,4.76,420.33,390.8
480.7,1.99,4.76,420.33,389.89
480.9,2,4.76,410.56,390.8
481.1,2,4.76,420.33,390.8
481.3,2,4.76,410.56,390.8
481.5,2,4.76,410.56,390.8
481.7,2,4.76,400.78,390.8
481.9,2,4.76,430.11,390.8
482.1,1.99,4.76,420.33,389.89
482.3,1.99,4.76,420.33,389.89
482.5,2,4.76,439.88,390.8
482.7,2,4.76,420.33,390.8
482.9,2,4.76,400.78,390.8
483.1,1.99,4.76,410.56,389.89
483.3,1.99,4.76,420.33,389.89
483.5,1.99,4.76,420.33,389.89
483.7,2,4.76,430.11,390.8
483.9,2,4.76,420.33,390.8
484.1,2,4.76,420.33,390.8
484.3,2,4.76,420.33,390.8
484.5,2,4.76,410.56,390.8
484.7,2,4.76,430.11,390.8
484.9,1.99,4.76,439.88,389.89
485.1,1.99,4.76,420.33,389.89
485.3,1.99,4.76,430.11,389.89
485.5,1.99,4.76,430.11,389.89
485.7,2.01,4.76,420.33,391.7
485.9,2,4.76,410.56,390.8
486.1,2,4.76,420.33,390.8
486.3,2,4.76,410.56,390.8
486.5,2,4.76,410.56,390.8
486.7,2,4.76,420.33,390.8
486.9,1.99,4.76,439.88,389.89
487.1,2,4.76,439.88,390.8
487.3,2,4.76,430.11,390.8
487.5,1.99,4.76,430.11,389.89
487.7,2,4.76,439.88,390.8
487.9,1.98,4.76,439.88,388.97
488.1,1.99,4.76,439.88,389.89
488.3,2,4.76,439.88,390.8
488.5,2,4.76,439.88,390.8
488.7,2.01,4.76,430.11,391.7
488.9,2.01,4.76,420.33,391.7
489.1,1.99,4.76,410.56,389.89
489.3,2,4.76,410.56,390.8
489.5,1.99,4.76,430.11,389.89
489.7,1.99,4.76,430.11,389.89
489.9,2,4.76,439.88,390.8
490.1,2,4.76,439.88,390.8
490.3,2,4.76,439.88,390.8
490.5,2,4.76,430.11,390.8
490.7,1.99,4.76,420.33,389.89
490.9,2,4.76,439.88,390.8
491.1,2,4.76,449.66,390.8
491.3,1.99,4.76,439.88,389.89
491.5,1.99,4.76,449.66,389.89
491.7,2,4.76,439.88,390.8
491.9,2,4.76,430.11,390.8
492.1,2,4.76,430.11,390.8
492.3,1.99,4.76,439.88,389.89
492.5,1.99,4.76,459.43,389.89
492.7,2.01,4.76,449.66,391.7
492.9,2,4.76,459.43,390.8
493.1,1.99,4.76,459.43,389.89
493.3,2,4.76,439.88,390.8
493.5,2,4.76,439.88,390.8
493.7,2,4.76,449.66,390.8
493.9,2,4.76,449.66,390.8
494.1,1.99,4.76,439.88,389.89
494.3,1.99,4.76,449.66,389.89
494.5,2,4.76,439.88,390.8
494.7,2,4.76,449.66,390.8
494.9,1.99,4.76,430.11,389.89
495.1,2,4.76,439.88,390.8
495.3,2,4.76,439.88,390.8
495.5,1.99,4.76,449.66,389.89
495.7,2,4.76,459.43,390.8
495.9,1.99,4.76,459.43,389.89
496.1,2,4.76,469.21,390.8
496.3,2,4.76,439.88,390.8
496.5,2,4.76,449.66,390.8
496.7,1.99,4.76,459.43,389.89
496.9,2,4.76,439.88,390.8
497.1,1.99,4.76,449.66,389.89
497.3,1.99,4.76,459.43,389.89
497.5,2,4.76,469.21,390.8
497.7,2,4.76,469.21,390.8
497.9,2,4.76,459.43,390.8
498.1,2,4.76,449.66,390.8
498.3,2.01,4.76,469.21,391.7
498.5,2,4.76,449.66,390.8
498.7,1.99,4.76,459.43,389.89
498.9,1.99,4.76,478.98,389.89
499.1,1.99,4.76,459.43,389.89
499.3,2,4.76,449.66,390.8
499.5,2,4.76,449.66,390.8
499.7,2,4.76,439.88,390.8
499.9,2,4.76,449.66,390.8
500.1,2,4.76,449.66,390.8
500.3,1.99,4.76,459.43,389.89
500.5,2,4.76,439.88,390.8
500.7,2,4.76,459.43,390.8
500.9,1.99,4.76,459.43,389.89
501.1,2,4.76,449.66,390.8
501.3,2,4.76,449.66,390.8
501.5,2,4.76,439.88,390.8
501.7,2,4.76,439.88,390.8
501.9,1.99,4.86,459.43,385.53
502.1,1.99,4.86,459.43,385.53
502.3,2,4.86,459.43,386.43
502.5,1.99,4.86,459.43,385.53
502.7,2,4.86,459.43,386.43
502.9,2,4.86,459.43,386.43
503.1,1.99,4.86,459.43,385.53
503.3,2,4.86,449.66,386.43
503.5,1.99,4.86,478.98,385.53
503.7,2,4.86,459.43,386.43
503.9,1.99,4.86,469.21,385.53
504.1,1.99,4.86,469.21,385.53
504.3,1.99,4.86,469.21,385.53
504.5,2,4.86,469.21,386.43
504.7,2,4.86,459.43,386.43
504.9,2,4.86,439.88,386.43
505.1,2,4.86,469.21,386.43
505.3,1.99,4.86,478.98,385.53
505.5,2,4.86,478.98,386.43
505.7,2,4.86,478.98,386.43
505.9,1.99,4.86,469.21,385.53
506.1,2,4.86,478.98,386.43
506.3,2,4.86,478.98,386.43
506.5,2,4.86,488.76,386.43
506.7,2,4.86,498.53,386.43
506.9,2,4.86,478.98,386.43
507.1,1.99,4.86,478.98,385.53
507.3,1.99,4.86,498.53,385.53
507.5,1.99,4.86,498.53,385.53
507.7,2,4.86,488.76,386.43
507.9,2,4.86,478.98,386.43
508.1,2,4.86,469.21,386.43
508.3,2,4.86,478.98,386.43
508.5,2,4.86,478.98,386.43
508.7,2,4.86,498.53,386.43
508.9,2,4.86,488.76,386.43
509.1,1.99,4.86,488.76,385.53
509.3,2,4.86,498.53,386.43
509.5,2,4.86,508.31,386.43
509.7,2,4.86,488.76,386.43
509.9,2,4.86,498.53,386.43
510.1,2,4.86,508.31,386.43
510.3,1.99,4.86,508.31,385.53
510.5,1.99,4.86,527.86,385.53
510.7,1.99,4.86,518.08,385.53
510.9,2,4.86,508.31,386.43
511.1,1.99,4.86,508.31,385.53
511.3,2,4.86,508.31,386.43
511.5,2,4.86,527.86,386.43
511.7,2,4.86,518.08,386.43
511.9,2.01,4.86,527.86,387.33
512.1,2,4.86,537.63,386.43
512.3,1.99,4.86,547.41,385.53
512.5,2,4.86,557.18,386.43
512.7,2,4.86,547.41,386.43
512.9,2,4.86,547.41,386.43
513.1,2,4.86,547.41,386.43
513.3,2,4.86,547.41,386.43
513.5,1.99,4.86,547.41,385.53
513.7,1.99,4.86,566.96,385.53
513.9,2,4.86,557.18,386.43
514.1,2,4.86,557.18,386.43
514.3,2.01,4.86,557.18,387.33
514.5,2,4.86,557.18,386.43
514.7,2,4.86,576.74,386.43
514.9,2,4.86,586.51,386.43
515.1,2,4.86,606.06,386.43
515.3,1.99,4.86,615.84,385.53
515.5,2,4.86,615.84,386.43
515.7,2,4.86,635.39,386.43
515.9,2,4.86,615.84,386.43
516.1,2,4.97,615.84,382.21
516.3,1.99,4.97,606.06,381.32
516.5,2,4.97,625.61,382.21
516.7,2,4.97,635.39,382.21
516.9,1.99,4.97,625.61,381.32
517.1,1.99,4.97,635.39,381.32
517.3,1.99,4.97,625.61,381.32
517.5,2,4.97,625.61,382.21
517.7,2,4.97,625.61,382.21
517.9,2,4.97,625.61,382.21
518.1,2,4.97,625.61,382.21
518.3,2,4.97,606.06,382.21
518.5,2,4.97,625.61,382.21
518.7,2,4.97,635.39,382.21
518.9,1.99,4.97,645.16,381.32
519.1,1.99,4.97,635.39,381.32
519.3,2,4.97,635.39,382.21
519.5,2,4.97,625.61,382.21
519.7,1.99,4.97,625.61,381.32
519.9,2,4.97,625.61,382.21
520.1,2,4.97,625.61,382.21
520.3,2,4.97,625.61,382.21
520.5,1.99,4.97,635.39,381.32
520.7,1.99,4.97,635.39,381.32
520.9,1.99,4.97,645.16,381.32
521.1,2,4.97,615.84,382.21
521.3,2,4.97,606.06,382.21
521.5,2,4.97,606.06,382.21
521.7,2,4.97,606.06,382.21
521.9,2,4.97,596.29,382.21
522.1,2,4.97,596.29,382.21
522.3,1.99,4.97,606.06,381.32
522.5,1.99,4.97,606.06,381.32
522.7,1.99,4.97,615.84,381.32
522.9,2,5.08,615.84,378.12
523.1,2,5.08,615.84,378.12
523.3,2,5.08,625.61,378.12
523.5,2,5.08,596.29,378.12
523.7,1.99,5.08,625.61,377.24
523.9,1.99,5.08,625.61,377.24
524.1,2,5.08,635.39,378.12
524.3,1.99,5.08,635.39,377.24
524.5,2,5.08,625.61,378.12
524.7,2,5.08,625.61,378.12
524.9,2,5.08,606.06,378.12
525.1,2,5.08,606.06,378.12
525.3,1.99,5.08,615.84,377.24
525.5,1.99,5.08,615.84,377.24
525.7,2,5.08,615.84,378.12
525.9,2,5.08,615.84,378.12
526.1,2,5.08,635.39,378.12
526.3,2,5.08,635.39,378.12
526.5,1.99,5.08,625.61,377.24
526.7,1.99,5.08,625.61,377.24
526.9,1.99,5.08,645.16,377.24
527.1,1.99,5.08,625.61,377.24
527.3,1.99,5.08,615.84,377.24
527.5,2,5.08,606.06,378.12
527.7,2,5.08,596.29,378.12
527.9,2,5.08,596.29,378.12
528.1,1.99,5.08,596.29,377.24
528.3,1.99,5.08,596.29,377.24
528.5,2,5.08,606.06,378.12
528.7,2,5.08,606.06,378.12
528.9,2,5.08,615.84,378.12
529.1,2,5.08,606.06,378.12
529.3,2,5.08,606.06,378.12
529.5,1.99,5.08,615.84,377.24
529.7,2,5.08,625.61,378.12
529.9,1.99,5.08,645.16,377.24
530.1,2,5.08,615.84,378.12
530.3,2,5.08,615.84,378.12
530.5,2,5.08,606.06,378.12
530.7,2,5.08,606.06,378.12
530.9,2,5.08,586.51,378.12
531.1,2,5.08,576.74,378.12
531.3,2,5.08,576.74,378.12
531.5,1.99,5.08,557.18,377.24
531.7,2,5.08,557.18,378.12
531.9,2,5.08,566.96,378.12
532.1,2,5.08,557.18,378.12
532.3,2,5.08,586.51,378.12
532.5,2,5.08,586.51,378.12
532.7,1.99,5.08,586.51,377.24
532.9,1.99,5.08,586.51,377.24
533.1,1.99,5.08,586.51,377.24
533.3,2,5.08,566.96,378.12
533.5,2,5.08,566.96,378.12
533.7,2,5.08,557.18,378.12
533.9,2,5.08,537.63,378.12
534.1,1.99,5.08,547.41,377.24
534.3,1.99,5.08,557.18,377.24
534.5,1.99,5.08,557.18,377.24
534.7,1.99,5.08,537.63,377.24
534.9,2,5.08,527.86,378.12
535.1,2,5.08,527.86,378.12
535.3,1.99,5.08,518.08,377.24
535.5,1.99,5.08,508.31,377.24
535.7,1.99,5.08,508.31,377.24
535.9,2,5.08,498.53,378.12
536.1,2.01,5.08,488.76,379
536.3,2,5.08,478.98,378.12
536.5,2,5.08,469.21,378.12
536.7,2,5.08,469.21,378.12
536.9,1.99,5.08,478.98,377.24
537.1,1.99,5.08,478.98,377.24
537.3,1.99,5.08,488.76,377.24
537.5,2,5.08,469.21,378.12
537.7,2,5.08,478.98,378.12
537.9,2,5.08,469.21,378.12
538.1,1.99,5.08,459.43,377.24
538.3,1.99,5.08,469.21,377.24
538.5,1.99,5.08,478.98,377.24
538.7,1.99,5.08,469.21,377.24
538.9,1.99,5.08,469.21,377.24
539.1,1.99,5.08,478.98,377.24
539.3,2,5.08,459.43,378.12
539.5,2,5.08,469.21,378.12
539.7,2,5.08,469.21,378.12
539.9,2,5.08,469.21,378.12
540.1,2,5.08,478.98,378.12
540.3,2,5.08,478.98,378.12
540.5,1.99,5.08,488.76,377.24
540.7,2,5.08,469.21,378.12
540.9,2,5.08,449.66,378.12
541.1,2,5.08,469.21,378.12
541.3,1.99,5.08,459.43,377.24
541.5,2,5.08,459.43,378.12
541.7,1.99,5.08,459.43,377.24
541.9,2,5.08,449.66,378.12
542.1,2,5.08,449.66,378.12
542.3,2,5.08,439.88,378.12
542.5,2,5.08,449.66,378.12
542.7,2.01,5.08,469.21,379
542.9,2,5.08,478.98,378.12
543.1,1.99,5.08,488.76,377.24
543.3,2,5.08,478.98,378.12
543.5,2,5.08,488.76,378.12
543.7,2,5.08,478.98,378.12
543.9,2,5.08,478.98,378.12
544.1,2,5.08,508.31,378.12
544.3,1.99,5.08,508.31,377.24
544.5,1.99,5.08,518.08,377.24
544.7,2,5.08,498.53,378.12
544.9,2,5.08,498.53,378.12
545.1,2,5.19,488.76,374.16
545.3,2,5.19,488.76,374.16
545.5,2,5.19,488.76,374.16
545.7,1.99,5.19,508.31,373.29
545.9,1.99,5.19,488.76,373.29
546.1,2,5.19,498.53,374.16
546.3,2,5.19,469.21,374.16
546.5,2,5.19,478.98,374.16
546.7,1.99,5.19,478.98,373.29
546.9,2,5.19,459.43,374.16
547.1,1.99,5.19,478.98,373.29
547.3,2,5.19,469.21,374.16
547.5,2,5.19,488.76,374.16
547.7,2,5.19,469.21,374.16
547.9,2,5.19,449.66,374.16
548.1,2,5.19,449.66,374.16
548.3,2,5.19,449.66,374.16
548.5,2,5.19,459.43,374.16
548.7,2.01,5.19,439.88,375.03
548.9,2,5.19,459.43,374.16
549.1,2,5.19,478.98,374.16
549.3,1.99,5.19,469.21,373.29
549.5,2,5.19,469.21,374.16
549.7,1.99,5.19,469.21,373.29
549.9,1.99,5.19,478.98,373.29
550.1,2,5.19,478.98,374.16
550.3,1.99,5.19,478.98,373.29
550.5,2,5.19,469.21,374.16
550.7,2,5.19,469.21,374.16
550.9,2,5.19,469.21,374.16
551.1,2,5.19,469.21,374.16
551.3,1.99,5.19,469.21,373.29
551.5,1.99,5.19,459.43,373.29
551.7,2,5.19,449.66,374.16
551.9,2,5.19,449.66,374.16
552.1,2,5.19,449.66,374.16
552.3,1.99,5.19,430.11,373.29
552.5,1.99,5.19,449.66,373.29
552.7,2,5.19,439.88,374.16
552.9,2,5.19,439.88,374.16
553.1,2,5.19,430.11,374.16
553.3,2,5.19,420.33,374.16
553.5,2,5.19,439.88,374.16
553.7,2,5.19,430.11,374.16
553.9,1.99,5.19,439.88,373.29
554.1,1.99,5.19,439.88,373.29
554.3,2,5.19,439.88,374.16
554.5,2,5.19,439.88,374.16
554.7,2,5.19,439.88,374.16
554.9,2,5.19,420.33,374.16
555.1,2,5.19,430.11,374.16
555.3,2,5.19,430.11,374.16
555.5,2,5.19,420.33,374.16
555.7,2.01,5.19,410.56,375.03
555.9,1.99,5.19,400.78,373.29
556.1,2,5.19,410.56,374.16
556.3,1.99,5.19,410.56,373.29
556.5,1.99,5.19,439.88,373.29
556.7,1.99,5.19,439.88,373.29
556.9,2,5.19,430.11,374.16
557.1,2,5.19,430.11,374.16
557.3,2,5.19,430.11,374.16
557.5,2,5.19,420.33,374.16
557.7,2,5.19,420.33,374.16
557.9,1.99,5.19,430.11,373.29
558.1,1.99,5.19,430.11,373.29
558.3,1.99,5.19,420.33,373.29
558.5,1.99,5.19,439.88,373.29
558.7,1.99,5.19,430.11,373.29
558.9,2.01,5.19,410.56,375.03
559.1,2,5.19,410.56,374.16
559.3,1.99,5.19,420.33,373.29
559.5,1.99,5.19,410.56,373.29
559.7,2,5.19,430.11,374.16
559.9,2,5.19,420.33,374.16
560.1,2,5.19,420.33,374.16
560.3,2,5.19,420.33,374.16
560.5,1.99,5.19,410.56,373.29
560.7,2,5.19,420.33,374.16
560.9,1.99,5.19,430.11,373.29
561.1,1.99,5.19,439.88,373.29
561.3,2,5.19,439.88,374.16
561.5,1.99,5.19,420.33,373.29
561.7,2,5.19,410.56,374.16
561.9,2,5.19,410.56,374.16
562.1,2,5.19,430.11,374.16
562.3,2,5.19,410.56,374.16
562.5,2,5.19,410.56,374.16
562.7,1.99,5.19,420.33,373.29
562.9,2,5.19,400.78,374.16
563.1,2,5.19,391.01,374.16
563.3,1.99,5.19,391.01,373.29
563.5,2,5.19,410.56,374.16
563.7,1.99,5.19,400.78,373.29
563.9,2,5.19,400.78,374.16
564.1,1.99,5.19,410.56,373.29
564.3,2,5.19,420.33,374.16
564.5,2,5.19,410.56,374.16
564.7,2,5.19,410.56,374.16
564.9,2,5.19,410.56,374.16
565.1,2,5.19,410.56,374.16
565.3,1.99,5.19,439.88,373.29
565.5,2,5.19,439.88,374.16
565.7,2,5.19,449.66,374.16
565.9,2,5.19,439.88,374.16
566.1,1.99,5.19,459.43,373.29
566.3,2,5.19,459.43,374.16
566.5,1.99,5.19,469.21,373.29
566.7,2,5.19,478.98,374.16
566.9,2,5.19,488.76,374.16
567.1,1.99,5.19,459.43,373.29
567.3,1.99,5.19,469.21,373.29
567.5,2,5.19,449.66,374.16
567.7,2,5.19,449.66,374.16
567.9,1.99,5.19,449.66,373.29
568.1,2,5.19,439.88,374.16
568.3,2,5.19,439.88,374.16
568.5,2,5.19,430.11,374.16
568.7,2,5.19,449.66,374.16
568.9,2,5.19,420.33,374.16
569.1,1.99,5.19,439.88,373.29
569.3,1.99,5.19,400.78,373.29
569.5,2,5.19,410.56,374.16
569.7,2,5.19,410.56,374.16
569.9,2,5.19,391.01,374.16
570.1,2,5.19,391.01,374.16
570.3,2,5.19,400.78,374.16
570.5,2,5.19,381.23,374.16
570.7,1.99,5.19,400.78,373.29
570.9,2.01,5.19,400.78,375.03
571.1,2,5.19,391.01,374.16
571.3,2,5.19,410.56,374.16
571.5,2,5.19,391.01,374.16
571.7,1.98,5.19,420.33,372.41
571.9,1.99,5.19,400.78,373.29
572.1,2,5.19,410.56,374.16
572.3,2,5.19,400.78,374.16
572.5,2,5.19,391.01,374.16
572.7,2,5.19,391.01,374.16
572.9,2,5.19,391.01,374.16
573.1,2,5.19,400.78,374.16
573.3,1.99,5.19,410.56,373.29
573.5,2,5.19,400.78,374.16
573.7,2,5.19,400.78,374.16
573.9,2,5.19,410.56,374.16
574.1,2,5.19,381.23,374.16
574.3,1.99,5.19,371.46,373.29
574.5,1.99,5.3,391.01,369.46
574.7,1.99,5.3,391.01,369.46
574.9,2,5.3,371.46,370.32
575.1,2,5.3,381.23,370.32
575.3,2,5.3,351.91,370.32
575.5,2,5.3,371.46,370.32
575.7,2,5.3,391.01,370.32
575.9,2,5.3,400.78,370.32
576.1,1.99,5.3,391.01,369.46
576.3,2,5.3,400.78,370.32
576.5,2,5.3,400.78,370.32
576.7,2,5.3,420.33,370.32
576.9,2,5.3,391.01,370.32
577.1,1.99,5.3,391.01,369.46
577.3,2,5.3,400.78,370.32
577.5,1.99,5.3,400.78,369.46
577.7,2,5.3,381.23,370.32
577.9,2,5.3,381.23,370.32
578.1,2,5.3,371.46,370.32
578.3,2,5.3,391.01,370.32
578.5,1.99,5.3,400.78,369.46
578.7,1.99,5.3,391.01,369.46
578.9,1.99,5.3,400.78,369.46
579.1,2,5.3,400.78,370.32
579.3,2,5.3,381.23,370.32
579.5,2,5.3,371.46,370.32
579.7,2,5.3,361.68,370.32
579.9,1.99,5.3,391.01,369.46
580.1,1.99,5.3,381.23,369.46
580.3,2,5.3,371.46,370.32
580.5,1.99,5.3,381.23,369.46
580.7,2,5.3,351.91,370.32
580.9,2,5.3,381.23,370.32
581.1,2,5.3,371.46,370.32
581.3,1.99,5.3,391.01,369.46
581.5,1.99,5.3,410.56,369.46
581.7,2,5.3,410.56,370.32
581.9,2,5.3,420.33,370.32
582.1,2,5.3,400.78,370.32
582.3,2,5.3,391.01,370.32
582.5,1.99,5.3,391.01,369.46
582.7,1.99,5.3,400.78,369.46
582.9,1.99,5.3,391.01,369.46
583.1,1.99,5.3,400.78,369.46
583.3,2,5.3,391.01,370.32
583.5,2,5.3,400.78,370.32
583.7,2,5.3,400.78,370.32
583.9,1.99,5.3,410.56,369.46
584.1,1.99,5.3,410.56,369.46
584.3,2,5.3,410.56,370.32
584.5,2,5.3,400.78,370.32
584.7,2,5.3,410.56,370.32
584.9,2,5.3,381.23,370.32
585.1,1.99,5.3,381.23,369.46
585.3,2,5.3,400.78,370.32
585.5,1.99,5.3,410.56,369.46
585.7,1.99,5.3,430.11,369.46
585.9,1.99,5.3,518.08,369.46
586.1,2,5.3,459.43,370.32
586.3,2,5.3,410.56,370.32
586.5,2,5.3,400.78,370.32
586.7,2,5.3,400.78,370.32
586.9,2,5.3,391.01,370.32
587.1,2,5.3,420.33,370.32
587.3,1.99,5.3,420.33,369.46
587.5,2,5.3,420.33,370.32
587.7,2,5.3,410.56,370.32
587.9,2,5.3,420.33,370.32
588.1,2,5.3,439.88,370.32
588.3,1.99,5.3,420.33,369.46
588.5,1.99,5.3,420.33,369.46
588.7,1.99,5.3,420.33,369.46
588.9,2,5.3,420.33,370.32
589.1,2,5.3,410.56,370.32
589.3,2,5.3,400.78,370.32
589.5,2,5.3,400.78,370.32
589.7,2,5.3,391.01,370.32
589.9,2,5.3,400.78,370.32
590.1,1.99,5.3,410.56,369.46
590.3,2,5.3,400.78,370.32
590.5,1.99,5.3,420.33,369.46
590.7,2,5.3,430.11,370.32
590.9,2,5.3,410.56,370.32
591.1,2,5.3,410.56,370.32
591.3,1.99,5.3,430.11,369.46
591.5,1.99,5.3,430.11,369.46
591.7,1.99,5.3,439.88,369.46
591.9,1.99,5.3,439.88,369.46
592.1,2,5.3,430.11,370.32
592.3,2,5.3,430.11,370.32
592.5,2,5.3,430.11,370.32
592.7,2,5.3,430.11,370.32
592.9,1.99,5.3,449.66,369.46
593.1,1.99,5.3,430.11,369.46
593.3,2,5.3,430.11,370.32
593.5,2,5.3,439.88,370.32
593.7,2,5.3,439.88,370.32
593.9,1.99,5.3,420.33,369.46
594.1,1.99,5.3,420.33,369.46
594.3,2,5.3,439.88,370.32
594.5,2,5.3,439.88,370.32
594.7,1.99,5.3,410.56,369.46
594.9,2,5.3,410.56,370.32
595.1,2,5.3,430.11,370.32
595.3,2,5.3,420.33,370.32
595.5,2,5.3,439.88,370.32
595.7,1.99,5.3,449.66,369.46
595.9,2.01,5.3,430.11,371.18
596.1,2,5.3,430.11,370.32
596.3,2,5.3,439.88,370.32
596.5,2,5.3,410.56,370.32
596.7,1.99,5.3,430.11,369.46
596.9,1.99,5.3,439.88,369.46
597.1,1.99,5.3,449.66,369.46
597.3,1.99,5.3,449.66,369.46
597.5,1.99,5.3,459.43,369.46
597.7,1.99,5.3,439.88,369.46
597.9,2,5.3,449.66,370.32
598.1,1.99,5.3,459.43,369.46
598.3,2,5.3,449.66,370.32
598.5,1.99,5.3,449.66,369.46
598.7,2,5.3,449.66,370.32
598.9,2,5.3,449.66,370.32
599.1,2,5.3,439.88,370.32
599.3,1.99,5.3,430.11,369.46
599.5,1.99,5.3,439.88,369.46
599.7,2,5.3,439.88,370.32
599.9,1.99,5.3,420.33,369.46
600.1,2,5.3,420.33,370.32
600.3,2,5.3,420.33,370.32
600.5,2,5.3,410.56,370.32
600.7,1.99,5.3,410.56,369.46
600.9,2,5.3,430.11,370.32
601.1,1.99,5.3,439.88,369.46
601.3,2,5.3,439.88,370.32
601.5,1.99,5.3,449.66,369.46
601.7,2,5.3,439.88,370.32
601.9,2,5.3,439.88,370.32
602.1,2,5.3,439.88,370.32
602.3,2,5.3,469.21,370.32
602.5,2,5.3,478.98,370.32
602.7,1.99,5.3,469.21,369.46
602.9,2,5.3,469.21,370.32
603.1,2,5.3,459.43,370.32
603.3,2,5.3,459.43,370.32
603.5,2,5.3,449.66,370.32
603.7,1.99,5.3,459.43,369.46
603.9,2,5.3,459.43,370.32
604.1,2,5.3,449.66,370.32
604.3,1.99,5.3,459.43,369.46
604.5,2,5.3,459.43,370.32
604.7,2,5.3,449.66,370.32
604.9,2,5.3,449.66,370.32
605.1,1.99,5.3,459.43,369.46
605.3,1.99,5.3,469.21,369.46
605.5,2,5.3,478.98,370.32
605.7,2,5.3,469.21,370.32
605.9,2,5.3,469.21,370.32
606.1,2,5.3,488.76,370.32
606.3,1.99,5.3,518.08,369.46
606.5,2.01,5.3,527.86,371.18
606.7,1.99,5.3,537.63,369.46
606.9,1.99,5.3,557.18,369.46
607.1,2,5.3,576.74,370.32
607.3,2,5.3,566.96,370.32
607.5,2,5.3,576.74,370.32
607.7,1.99,5.3,576.74,369.46
607.9,1.99,5.3,557.18,369.46
608.1,1.99,5.3,576.74,369.46
608.3,1.99,5.3,576.74,369.46
608.5,2,5.3,576.74,370.32
608.7,2,5.3,576.74,370.32
608.9,2,5.3,566.96,370.32
609.1,2,5.3,566.96,370.32
609.3,2,5.3,586.51,370.32
609.5,2,5.3,576.74,370.32
609.7,1.99,5.3,586.51,369.46
609.9,2.01,5.41,586.51,367.45
610.1,2,5.41,586.51,366.6
610.3,2,5.41,586.51,366.6
610.5,2,5.41,586.51,366.6
610.7,2,5.41,586.51,366.6
610.9,1.99,5.41,596.29,365.74
611.1,2,5.41,606.06,366.6
611.3,2,5.41,596.29,366.6
611.5,2,5.41,596.29,366.6
611.7,1.99,5.41,596.29,365.74
611.9,2,5.41,606.06,366.6
612.1,1.99,5.41,625.61,365.74
612.3,1.99,5.41,645.16,365.74
612.5,1.99,5.41,635.39,365.74
612.7,2.01,5.41,645.16,367.45
612.9,2,5.41,654.94,366.6
613.1,2,5.41,654.94,366.6
613.3,2,5.41,625.61,366.6
613.5,2,5.41,625.61,366.6
613.7,2,5.41,625.61,366.6
613.9,2,5.41,615.84,366.6
614.1,2,5.41,606.06,366.6
614.3,1.99,5.41,596.29,365.74
614.5,1.99,5.41,576.74,365.74
614.7,2,5.41,566.96,366.6
614.9,1.99,5.41,566.96,365.74
615.1,2,5.41,586.51,366.6
615.3,1.99,5.41,586.51,365.74
615.5,2,5.41,576.74,366.6
615.7,1.99,5.41,566.96,365.74
615.9,2.01,5.41,566.96,367.45
616.1,2,5.41,566.96,366.6
616.3,2,5.41,547.41,366.6
616.5,1.99,5.41,547.41,365.74
616.7,1.99,5.41,566.96,365.74
616.9,1.99,5.41,566.96,365.74
617.1,2,5.41,566.96,366.6
617.3,2,5.51,576.74,362.99
617.5,2,5.51,576.74,362.99
617.7,2,5.51,576.74,362.99
617.9,2,5.51,566.96,362.99
618.1,2,5.51,566.96,362.99
618.3,2,5.51,576.74,362.99
618.5,1.99,5.51,547.41,362.14
618.7,1.99,5.51,537.63,362.14
618.9,2,5.51,537.63,362.99
619.1,2,5.51,518.08,362.99
619.3,2,5.51,527.86,362.99
619.5,2,5.51,508.31,362.99
619.7,2,5.51,508.31,362.99
619.9,1.99,5.51,508.31,362.14
620.1,1.99,5.51,498.53,362.14
620.3,2,5.51,488.76,362.99
620.5,2,5.51,498.53,362.99
620.7,2,5.51,478.98,362.99
620.9,2,5.51,488.76,362.99
621.1,2,5.51,488.76,362.99
621.3,1.99,5.51,508.31,362.14
621.5,2,5.51,508.31,362.99
621.7,2,5.51,518.08,362.99
621.9,2,5.51,527.86,362.99
622.1,2,5.51,518.08,362.99
622.3,2,5.51,508.31,362.99
622.5,1.99,5.51,518.08,362.14
622.7,1.99,5.51,518.08,362.14
622.9,1.99,5.51,498.53,362.14
623.1,2,5.51,488.76,362.99
623.3,1.99,5.51,478.98,362.14
623.5,2,5.51,469.21,362.99
623.7,2.01,5.51,469.21,363.83
623.9,2,5.51,469.21,362.99
624.1,1.99,5.51,498.53,362.14
624.3,1.99,5.51,518.08,362.14
624.5,2,5.51,508.31,362.99
624.7,2,5.51,508.31,362.99
624.9,2,5.51,498.53,362.99
625.1,2,5.51,498.53,362.99
625.3,2,5.51,478.98,362.99
625.5,2,5.51,469.21,362.99
625.7,1.99,5.51,478.98,362.14
625.9,1.99,5.51,478.98,362.14
626.1,2,5.51,488.76,362.99
626.3,1.99,5.51,469.21,362.14
626.5,2,5.51,478.98,362.99
626.7,2,5.51,478.98,362.99
626.9,2,5.51,469.21,362.99
627.1,2,5.51,469.21,362.99
627.3,2,5.51,478.98,362.99
627.5,1.99,5.51,459.43,362.14
627.7,1.99,5.51,459.43,362.14
627.9,2,5.51,449.66,362.99
628.1,2,5.51,449.66,362.99
628.3,2,5.51,459.43,362.99
628.5,2,5.51,459.43,362.99
628.7,1.99,5.51,449.66,362.14
628.9,1.99,5.51,469.21,362.14
629.1,1.99,5.51,469.21,362.14
629.3,2,5.51,469.21,362.99
629.5,2.01,5.51,478.98,363.83
629.7,2,5.51,478.98,362.99
629.9,2,5.51,459.43,362.99
630.1,2,5.51,449.66,362.99
630.3,2,5.62,459.43,359.48
630.5,1.99,5.62,469.21,358.64
630.7,2,5.62,459.43,359.48
630.9,2,5.62,449.66,359.48
631.1,2,5.62,449.66,359.48
631.3,2,5.62,439.88,359.48
631.5,2,5.62,439.88,359.48
631.7,2,5.62,430.11,359.48
631.9,2,5.62,459.43,359.48
632.1,1.99,5.62,459.43,358.64
632.3,1.99,5.62,459.43,358.64
632.5,1.99,5.62,459.43,358.64
632.7,1.99,5.62,459.43,358.64
632.9,2,5.62,449.66,359.48
633.1,2,5.62,439.88,359.48
633.3,2,5.62,439.88,359.48
633.5,2,5.62,439.88,359.48
633.7,2,5.62,449.66,359.48
633.9,2,5.62,430.11,359.48
634.1,2,5.62,449.66,359.48
634.3,1.99,5.62,449.66,358.64
634.5,2.01,5.62,439.88,360.31
634.7,2,5.62,439.88,359.48
634.9,2,5.62,430.11,359.48
635.1,2,5.62,420.33,359.48
635.3,1.99,5.62,430.11,358.64
635.5,2,5.62,439.88,359.48
635.7,2,5.62,449.66,359.48
635.9,2,5.62,439.88,359.48
636.1,2,5.62,449.66,359.48
636.3,2,5.62,430.11,359.48
636.5,2,5.62,430.11,359.48
636.7,2,5.62,420.33,359.48
636.9,1.99,5.62,410.56,358.64
637.1,1.99,5.62,420.33,358.64
637.3,2,5.62,410.56,359.48
637.5,1.99,5.62,430.11,358.64
637.7,2,5.62,400.78,359.48
637.9,1.99,5.62,420.33,358.64
638.1,2,5.62,410.56,359.48
638.3,2,5.62,410.56,359.48
638.5,2,5.62,439.88,359.48
638.7,2,5.62,410.56,359.48
638.9,2,5.62,410.56,359.48
639.1,2,5.62,410.56,359.48
639.3,1.99,5.62,430.11,358.64
639.5,1.99,5.62,420.33,358.64
639.7,2.01,5.62,410.56,360.31
639.9,1.99,5.62,420.33,358.64
640.1,2,5.62,400.78,359.48
640.3,2,5.62,410.56,359.48
640.5,2,5.62,420.33,359.48
640.7,1.99,5.62,439.88,358.64
640.9,1.99,5.62,430.11,358.64
641.1,2,5.62,420.33,359.48
641.3,1.99,5.62,400.78,358.64
641.5,2,5.62,410.56,359.48
641.7,2,5.62,400.78,359.48
641.9,2,5.62,400.78,359.48
642.1,1.99,5.62,391.01,358.64
642.3,2,5.62,381.23,359.48
642.5,1.99,5.62,400.78,358.64
642.7,1.99,5.62,391.01,358.64
642.9,1.99,5.62,381.23,358.64
643.1,2,5.62,410.56,359.48
643.3,2,5.62,391.01,359.48
643.5,2,5.62,400.78,359.48
643.7,2,5.62,400.78,359.48
643.9,2,5.62,420.33,359.48
644.1,1.99,5.62,420.33,358.64
644.3,1.99,5.62,420.33,358.64
644.5,2,5.62,430.11,359.48
644.7,2,5.62,420.33,359.48
644.9,2,5.62,430.11,359.48
645.1,2,5.62,420.33,359.48
645.3,2,5.62,410.56,359.48
645.5,1.99,5.62,430.11,358.64
645.7,1.99,5.62,430.11,358.64
645.9,1.99,5.62,430.11,358.64
646.1,2.01,5.62,430.11,360.31
646.3,2,5.62,439.88,359.48
646.5,2,5.62,410.56,359.48
646.7,2,5.62,410.56,359.48
646.9,2,5.62,410.56,359.48
647.1,1.99,5.62,420.33,358.64
647.3,2,5.62,420.33,359.48
647.5,2,5.62,410.56,359.48
647.7,2,5.62,410.56,359.48
647.9,2,5.62,420.33,359.48
648.1,2,5.62,420.33,359.48
648.3,2,5.62,420.33,359.48
648.5,1.99,5.62,430.11,358.64
648.7,2,5.62,430.11,359.48
648.9,1.99,5.62,430.11,358.64
649.1,1.99,5.62,430.11,358.64
649.3,1.99,5.62,420.33,358.64
649.5,2,5.62,420.33,359.48
649.7,2,5.62,420.33,359.48
649.9,2,5.62,410.56,359.48
650.1,2,5.62,400.78,359.48
650.3,2,5.62,400.78,359.48
650.5,1.99,5.62,410.56,358.64
650.7,2,5.62,391.01,359.48
650.9,2,5.62,410.56,359.48
651.1,2,5.62,381.23,359.48
651.3,2,5.62,400.78,359.48
651.5,2,5.62,381.23,359.48
651.7,1.99,5.62,391.01,358.64
651.9,2,5.62,410.56,359.48
652.1,1.99,5.62,420.33,358.64
652.3,2,5.62,410.56,359.48
652.5,2,5.62,410.56,359.48
652.7,2,5.62,420.33,359.48
652.9,2,5.62,400.78,359.48
653.1,2,5.62,400.78,359.48
653.3,2,5.62,410.56,359.48
653.5,1.99,5.62,410.56,358.64
653.7,1.99,5.62,400.78,358.64
653.9,2,5.62,400.78,359.48
654.1,1.99,5.62,410.56,358.64
654.3,2,5.62,410.56,359.48
654.5,2,5.62,410.56,359.48
654.7,2,5.62,410.56,359.48
654.9,1.99,5.62,420.33,358.64
655.1,1.99,5.62,420.33,358.64
655.3,1.99,5.62,420.33,358.64
655.5,2,5.62,420.33,359.48
655.7,1.99,5.62,410.56,358.64
655.9,2,5.62,400.78,359.48
656.1,2,5.62,391.01,359.48
656.3,2,5.62,391.01,359.48
656.5,2.01,5.62,410.56,360.31
656.7,2,5.62,420.33,359.48
656.9,1.99,5.62,420.33,358.64
657.1,1.99,5.62,420.33,358.64
657.3,2,5.62,420.33,359.48
657.5,2,5.62,410.56,359.48
657.7,2,5.62,430.11,359.48
657.9,2.01,5.62,410.56,360.31
658.1,1.99,5.62,410.56,358.64
658.3,1.99,5.62,410.56,358.64
658.5,1.99,5.62,430.11,358.64
658.7,2,5.62,410.56,359.48
658.9,2,5.62,410.56,359.48
659.1,1.99,5.62,410.56,358.64
659.3,2,5.62,400.78,359.48
659.5,2.01,5.62,391.01,360.31
659.7,2,5.62,391.01,359.48
659.9,1.99,5.62,400.78,358.64
660.1,1.99,5.62,420.33,358.64
660.3,2,5.62,410.56,359.48
660.5,2,5.62,410.56,359.48
660.7,2,5.62,420.33,359.48
660.9,2,5.62,420.33,359.48
661.1,2,5.62,420.33,359.48
661.3,2,5.62,430.11,359.48
661.5,1.99,5.62,430.11,358.64
661.7,1.99,5.62,430.11,358.64
661.9,1.99,5.62,449.66,358.64
662.1,1.99,5.62,439.88,358.64
662.3,2,5.62,430.11,359.48
662.5,2,5.62,420.33,359.48
662.7,2,5.62,420.33,359.48
662.9,2,5.62,420.33,359.48
663.1,2,5.62,430.11,359.48
663.3,2,5.62,420.33,359.48
663.5,1.99,5.62,449.66,358.64
663.7,2,5.62,439.88,359.48
663.9,2.01,5.62,430.11,360.31
664.1,1.99,5.62,439.88,358.64
664.3,2,5.62,439.88,359.48
664.5,2,5.62,439.88,359.48
664.7,1.99,5.62,459.43,358.64
664.9,2,5.62,459.43,359.48
665.1,2,5.62,459.43,359.48
665.3,2.01,5.62,449.66,360.31
665.5,1.99,5.62,449.66,358.64
665.7,2,5.62,430.11,359.48
665.9,2,5.62,430.11,359.48
666.1,2,5.62,439.88,359.48
666.3,2,5.62,439.88,359.48
666.5,2,5.62,439.88,359.48
666.7,2,5.62,430.11,359.48
666.9,1.99,5.62,439.88,358.64
667.1,1.99,5.62,449.66,358.64
667.3,1.99,5.62,439.88,358.64
667.5,2,5.62,430.11,359.48
667.7,2,5.62,420.33,359.48
667.9,2,5.62,449.66,359.48
668.1,2,5.62,420.33,359.48
668.3,1.99,5.62,439.88,358.64
668.5,2,5.62,439.88,359.48
668.7,2,5.62,449.66,359.48
668.9,2,5.62,430.11,359.48
669.1,2,5.62,430.11,359.48
669.3,2,5.62,439.88,359.48
669.5,2,5.62,420.33,359.48
669.7,2,5.73,430.11,356.07
669.9,2,5.73,439.88,356.07
670.1,2,5.73,439.88,356.07
670.3,1.99,5.73,439.88,355.24
670.5,2,5.73,459.43,356.07
670.7,2,5.73,449.66,356.07
670.9,1.99,5.73,459.43,355.24
671.1,2,5.73,459.43,356.07
671.3,2,5.73,459.43,356.07
671.5,1.99,5.73,469.21,355.24
671.7,2,5.73,469.21,356.07
671.9,1.99,5.73,469.21,355.24
672.1,1.99,5.73,469.21,355.24
672.3,1.99,5.73,459.43,355.24
672.5,1.99,5.73,449.66,355.24
672.7,2,5.73,449.66,356.07
672.9,2,5.73,449.66,356.07
673.1,2,5.73,439.88,356.07
673.3,2,5.73,449.66,356.07
673.5,1.99,5.73,449.66,355.24
673.7,2,5.73,449.66,356.07
673.9,2,5.73,459.43,356.07
674.1,2,5.73,449.66,356.07
674.3,2,5.73,439.88,356.07
674.5,2,5.73,439.88,356.07
674.7,2,5.73,439.88,356.07
674.9,2,5.73,430.11,356.07
675.1,2,5.73,420.33,356.07
675.3,1.99,5.73,459.43,355.24
675.5,1.99,5.73,430.11,355.24
675.7,1.99,5.73,439.88,355.24
675.9,2,5.73,430.11,356.07
676.1,2,5.73,430.11,356.07
676.3,2,5.73,430.11,356.07
676.5,2,5.73,430.11,356.07
676.7,2,5.73,459.43,356.07
676.9,2,5.73,459.43,356.07
677.1,1.99,5.73,478.98,355.24
677.3,2,5.73,459.43,356.07
677.5,2,5.73,449.66,356.07
677.7,1.99,5.73,449.66,355.24
677.9,1.99,5.73,449.66,355.24
678.1,2,5.73,459.43,356.07
678.3,1.99,5.73,439.88,355.24
678.5,1.99,5.73,449.66,355.24
678.7,1.99,5.73,449.66,355.24
678.9,1.99,5.73,449.66,355.24
679.1,2,5.73,449.66,356.07
679.3,2,5.73,449.66,356.07
679.5,2,5.73,420.33,356.07
679.7,2,5.73,430.11,356.07
679.9,2,5.73,439.88,356.07
680.1,1.99,5.73,459.43,355.24
680.3,2,5.73,449.66,356.07
680.5,2,5.73,449.66,356.07
680.7,2,5.73,449.66,356.07
680.9,2,5.73,459.43,356.07
681.1,2,5.73,449.66,356.07
681.3,2,5.73,439.88,356.07
681.5,1.99,5.73,459.43,355.24
681.7,2,5.73,459.43,356.07
681.9,1.99,5.73,459.43,355.24
682.1,1.99,5.73,459.43,355.24
682.3,1.99,5.73,459.43,355.24
682.5,2,5.73,439.88,356.07
682.7,1.99,5.73,439.88,355.24
682.9,2,5.73,449.66,356.07
683.1,1.99,5.73,469.21,355.24
683.3,2,5.73,459.43,356.07
683.5,1.99,5.73,449.66,355.24
683.7,1.99,5.73,459.43,355.24
683.9,2.01,5.73,449.66,356.9
684.1,2,5.73,449.66,356.07
684.3,2,5.73,459.43,356.07
684.5,2,5.73,469.21,356.07
684.7,1.99,5.73,459.43,355.24
684.9,1.99,5.73,459.43,355.24
685.1,2,5.73,459.43,356.07
685.3,2,5.73,469.21,356.07
685.5,2,5.73,469.21,356.07
685.7,2,5.73,469.21,356.07
685.9,2,5.73,459.43,356.07
686.1,2,5.73,469.21,356.07
686.3,2,5.73,469.21,356.07
686.5,1.99,5.73,488.76,355.24
686.7,1.99,5.73,478.98,355.24
686.9,2,5.73,459.43,356.07
687.1,2,5.73,459.43,356.07
687.3,2,5.73,459.43,356.07
687.5,2.01,5.73,430.11,356.9
687.7,2,5.73,469.21,356.07
687.9,1.99,5.73,478.98,355.24
688.1,1.99,5.73,469.21,355.24
688.3,2,5.73,469.21,356.07
688.5,2,5.73,459.43,356.07
688.7,2,5.73,459.43,356.07
688.9,2,5.73,459.43,356.07
689.1,1.99,5.73,459.43,355.24
689.3,2,5.73,459.43,356.07
689.5,1.99,5.73,469.21,355.24
689.7,2.01,5.73,449.66,356.9
689.9,2,5.73,449.66,356.07
690.1,1.99,5.73,459.43,355.24
690.3,2,5.73,449.66,356.07
690.5,2,5.73,459.43,356.07
690.7,2,5.73,439.88,356.07
690.9,1.99,5.73,478.98,355.24
691.1,2,5.73,459.43,356.07
691.3,1.99,5.73,478.98,355.24
691.5,2,5.73,478.98,356.07
691.7,2,5.73,498.53,356.07
691.9,2,5.73,488.76,356.07
692.1,2,5.73,488.76,356.07
692.3,2,5.84,488.76,352.76
692.5,2,5.84,488.76,352.76
692.7,2,5.84,508.31,352.76
692.9,1.99,5.84,508.31,351.94
693.1,2,5.84,508.31,352.76
693.3,2,5.84,508.31,352.76
693.5,2,5.84,527.86,352.76
693.7,2,5.84,508.31,352.76
693.9,2,5.84,508.31,352.76
694.1,1.99,5.84,508.31,351.94
694.3,1.99,5.84,498.53,351.94
694.5,2,5.84,478.98,352.76
694.7,2.01,5.84,478.98,353.58
694.9,2,5.84,459.43,352.76
695.1,1.99,5.84,478.98,351.94
695.3,2,5.84,469.21,352.76
695.5,2,5.84,508.31,352.76
695.7,2,5.84,498.53,352.76
695.9,2,5.84,508.31,352.76
696.1,2,5.84,498.53,352.76
696.3,2,5.84,518.08,352.76
696.5,2,5.84,527.86,352.76
696.7,2,5.84,547.41,352.76
696.9,1.99,5.84,547.41,351.94
697.1,1.99,5.84,566.96,351.94
697.3,2,5.84,566.96,352.76
697.5,2,5.84,576.74,352.76
697.7,1.99,5.84,586.51,351.94
697.9,1.99,5.84,576.74,351.94
698.1,2,5.84,566.96,352.76
698.3,2,5.84,566.96,352.76
698.5,1.99,5.84,557.18,351.94
698.7,1.99,5.84,557.18,351.94
698.9,2,5.84,557.18,352.76
699.1,1.99,5.84,576.74,351.94
699.3,2,5.84,566.96,352.76
699.5,2.01,5.84,557.18,353.58
699.7,2,5.84,557.18,352.76
699.9,2,5.84,576.74,352.76
