# material: Micrometer_Test,,,,,
# geometry:,,,,,
# preform_diameter:,,,,,
# material_color:,,,,,
# temperature_C:,,,,,
# drawdown_ratio:,,,,,
# trial_number: 001,,,,,
# operator:Luka Morita,,,,,
# start_time: 2025-06-20 15:48:14,,,,,
# notes: Testing analog micrometer noise with known diameter (1.75mm filament),,,,,
Time(s),Feed(mm/min),Wind(m/min),Diameter(um),Predicted_diameter(um),
0.2,0.5,1.26,1749.76,399.25,1750.666007
0.4,0.51,1.28,1759.53,400.81,1.76
0.6,0.51,1.22,1749.76,409.52,0.100533168
0.8,0.5,1.25,1749.76,401.39,
1,0.52,1.29,1739.98,402.32,
1.2,0.51,1.22,1749.76,409.52,
1.4,0.51,1.23,1779.08,407.29,
1.6,0.52,1.26,1749.76,406.58,
1.8,0.52,1.25,1769.31,408.76,
2,0.51,1.26,1769.31,402.93,
2.2,0.5,1.28,1739.98,397.15,
2.4,0.5,1.25,1749.76,401.39,
2.6,0.5,1.28,1720.43,397.15,
2.8,0.51,1.23,1749.76,407.29,
3,0.51,1.28,1749.76,400.81,
3.2,0.52,1.26,1769.31,406.58,
3.4,0.52,1.26,1749.76,406.58,
3.6,0.51,1.22,1759.53,409.52,
3.8,0.5,1.25,1769.31,401.39,
4,0.51,1.29,1769.31,398.71,
4.2,0.51,1.26,1769.31,402.93,
4.4,0.52,1.28,1769.31,404.43,
4.6,0.51,1.26,1769.31,402.93,
4.8,0.52,1.25,1759.53,408.76,
5,0.51,1.23,1759.53,407.29,
5.2,0.5,1.23,1749.76,403.57,
5.4,0.5,1.25,1769.31,401.39,
5.6,0.51,1.26,1779.08,402.93,
5.8,0.54,1.25,1769.31,416,
6,0.51,1.28,1739.98,400.81,
6.2,0.52,1.25,1769.31,408.76,
6.4,0.51,1.25,1779.08,405.09,
6.6,0.5,1.28,1779.08,397.15,
6.8,0.51,1.23,1759.53,407.29,
7,0.51,1.25,1739.98,405.09,
7.2,0.5,1.28,1739.98,397.15,
7.4,0.49,1.28,1720.43,393.45,
7.6,0.5,1.25,1739.98,401.39,
7.8,0.53,1.26,1749.76,410.19,
8,0.51,1.28,1779.08,400.81,
8.2,0.51,1.25,1769.31,405.09,
8.4,0.51,1.28,1749.76,400.81,
8.6,0.5,1.28,1759.53,397.15,
8.8,0.51,1.28,1759.53,400.81,
9,0.5,1.21,1759.53,408.03,
9.2,0.5,1.29,1759.53,395.07,
9.4,0.5,1.23,1759.53,403.57,
9.6,0.51,1.26,1749.76,402.93,
9.8,0.52,1.18,1749.76,420.21,
10,0.51,1.25,1759.53,405.09,
10.2,0.5,1.25,1749.76,401.39,
10.4,0.5,1.28,1749.76,397.15,
10.6,0.51,1.23,1769.31,407.29,
10.8,0.49,1.22,1769.31,402.01,
11,0.5,1.28,1759.53,397.15,
11.2,0.51,1.26,1749.76,402.93,
11.4,0.5,1.28,1759.53,397.15,
11.6,0.5,1.26,1759.53,399.25,
11.8,0.52,1.25,1769.31,408.76,
12,0.5,1.26,1749.76,399.25,
12.2,0.53,1.25,1749.76,412.39,
12.4,0.51,1.25,1739.98,405.09,
12.6,0.51,1.25,1749.76,405.09,
12.8,0.52,1.29,1749.76,402.32,
13,0.5,1.28,1769.31,397.15,
13.2,0.51,1.26,1769.31,402.93,
13.4,0.53,1.26,1749.76,410.19,
13.6,0.51,1.25,1749.76,405.09,
13.8,0.51,1.28,1749.76,400.81,
14,0.5,1.25,1749.76,401.39,
14.2,0.5,1.25,1759.53,401.39,
14.4,0.51,1.25,1769.31,405.09,
14.6,0.52,1.25,1769.31,408.76,
14.8,0.5,1.22,1759.53,405.78,
15,0.52,1.18,1759.53,420.21,
15.2,0.52,1.26,1759.53,406.58,
15.4,0.49,1.29,1769.31,391.4,
15.6,0.52,1.29,1759.53,402.32,
15.8,0.49,1.25,1749.76,397.66,
16,0.52,1.25,1779.08,408.76,
16.2,0.51,1.28,1779.08,400.81,
16.4,0.51,1.25,1749.76,405.09,
16.6,0.5,1.3,1749.76,393.03,
16.8,0.5,1.25,1739.98,401.39,
17,0.51,1.23,1739.98,407.29,
17.2,0.5,1.28,1739.98,397.15,
17.4,0.5,1.26,1749.76,399.25,
17.6,0.5,1.26,1769.31,399.25,
17.8,0.52,1.26,1739.98,406.58,
18,0.51,1.28,1769.31,400.81,
18.2,0.51,1.3,1739.98,396.65,
18.4,0.52,1.25,1769.31,408.76,
18.6,0.51,1.26,1730.21,402.93,
18.8,0.5,1.29,1749.76,395.07,
19,0.5,1.21,1749.76,408.03,
19.2,0.51,1.26,1769.31,402.93,
19.4,0.52,1.23,1769.31,410.98,
19.6,0.51,1.26,1739.98,402.93,
19.8,0.52,1.23,1769.31,410.98,
20,0.5,1.26,1730.21,399.25,
20.2,0.52,1.25,1749.76,408.76,
20.4,0.5,1.28,1769.31,397.15,
20.6,0.51,1.3,1759.53,396.65,
20.8,0.53,1.28,1769.31,408.03,
21,0.51,1.28,1749.76,400.81,
21.2,0.52,1.28,1769.31,404.43,
21.4,0.53,1.25,1759.53,412.39,
21.6,0.51,1.28,1749.76,400.81,
21.8,0.5,1.25,1779.08,401.39,
22,0.5,1.25,1739.98,401.39,
22.2,0.5,1.26,1749.76,399.25,
22.4,0.5,1.28,1788.86,397.15,
22.6,0.49,1.26,1739.98,395.54,
22.8,0.5,1.28,1759.53,397.15,
23,0.51,1.25,1749.76,405.09,
23.2,0.51,1.26,1759.53,402.93,
23.4,0.51,1.29,1749.76,398.71,
23.6,0.5,1.25,1739.98,401.39,
23.8,0.51,1.19,1759.53,414.1,
24,0.51,1.36,1759.53,388.72,
24.2,0.51,1.26,1749.76,402.93,
24.4,0.51,1.25,1759.53,405.09,
24.6,0.51,1.23,1739.98,407.29,
24.8,0.51,1.22,1749.76,409.52,
25,0.51,1.28,1749.76,400.81,
25.2,0.5,1.21,1759.53,408.03,
25.4,0.5,1.25,1759.53,401.39,
25.6,0.51,1.26,1759.53,402.93,
25.8,0.52,1.25,1739.98,408.76,
26,0.49,1.26,1739.98,395.54,
26.2,0.5,1.23,1749.76,403.57,
26.4,0.5,1.22,1749.76,405.78,
26.6,0.52,1.26,1769.31,406.58,
26.8,0.5,1.26,1759.53,399.25,
27,0.51,1.32,1759.53,394.62,
27.2,0.51,1.25,1749.76,405.09,
27.4,0.5,1.28,1769.31,397.15,
27.6,0.5,1.28,1720.43,397.15,
27.8,0.51,1.26,1759.53,402.93,
28,0.49,1.25,1730.21,397.66,
28.2,0.48,1.28,1739.98,389.72,
28.4,0.51,1.28,1759.53,400.81,
28.6,0.49,1.23,1749.76,399.82,
28.8,0.5,1.29,1720.43,395.07,
29,0.5,1.26,1759.53,399.25,
29.2,0.51,1.19,1749.76,414.1,
29.4,0.53,1.23,1749.76,414.63,
29.6,0.51,1.22,1749.76,409.52,
29.8,0.51,1.26,1769.31,402.93,
30,0.5,1.29,1769.31,395.07,
30.2,0.5,1.32,1749.76,391.02,
30.4,0.49,1.28,1759.53,393.45,
30.6,0.52,1.22,1749.76,413.23,
30.8,0.51,1.21,1749.76,411.79,
31,0.5,1.22,1739.98,405.78,
31.2,0.52,1.26,1749.76,406.58,
31.4,0.51,1.21,1749.76,411.79,
31.6,0.52,1.26,1759.53,406.58,
31.8,0.51,1.29,1769.31,398.71,
32,0.5,1.28,1759.53,397.15,
32.2,0.52,1.28,1759.53,404.43,
32.4,0.51,1.22,1759.53,409.52,
32.6,0.53,1.26,1769.31,410.19,
32.8,0.51,1.28,1749.76,400.81,
33,0.51,1.25,1739.98,405.09,
33.2,0.51,1.22,1739.98,409.52,
33.4,0.48,1.21,1739.98,400.4,
33.6,0.5,1.26,1739.98,399.25,
33.8,0.5,1.22,1759.53,405.78,
34,0.5,1.25,1749.76,401.39,
34.2,0.52,1.25,1739.98,408.76,
34.4,0.5,1.18,1749.76,412.64,
34.6,0.51,1.3,1739.98,396.65,
34.8,0.53,1.23,1769.31,414.63,
35,0.52,1.26,1759.53,406.58,
35.2,0.5,1.28,1769.31,397.15,
35.4,0.5,1.25,1798.63,401.39,
35.6,0.52,1.26,1759.53,406.58,
35.8,0.5,1.28,1759.53,397.15,
36,0.5,1.25,1749.76,401.39,
36.2,0.51,1.29,1759.53,398.71,
36.4,0.51,1.23,1779.08,407.29,
36.6,0.52,1.25,1749.76,408.76,
36.8,0.51,1.25,1720.43,405.09,
37,0.48,1.23,1749.76,396.03,
37.2,0.51,1.26,1749.76,402.93,
37.4,0.51,1.21,1769.31,411.79,
37.6,0.52,1.26,1759.53,406.58,
37.8,0.5,1.28,1749.76,397.15,
38,0.51,1.33,1749.76,392.63,
38.2,0.52,1.26,1759.53,406.58,
38.4,0.5,1.26,1749.76,399.25,
38.6,0.5,1.28,1730.21,397.15,
38.8,0.51,1.29,1749.76,398.71,
39,0.52,1.25,1769.31,408.76,
39.2,0.51,1.22,1739.98,409.52,
39.4,0.52,1.3,1739.98,400.24,
39.6,0.5,1.25,1739.98,401.39,
39.8,0.49,1.28,1749.76,393.45,
40,0.52,1.29,1759.53,402.32,
40.2,0.52,1.25,1749.76,408.76,
40.4,0.51,1.26,1759.53,402.93,
40.6,0.48,1.26,1759.53,391.79,
40.8,0.53,1.26,1749.76,410.19,
41,0.51,1.28,1749.76,400.81,
41.2,0.51,1.3,1749.76,396.65,
41.4,0.51,1.28,1779.08,400.81,
41.6,0.5,1.25,1749.76,401.39,
41.8,0.52,1.26,1749.76,406.58,
42,0.5,1.25,1749.76,401.39,
42.2,0.51,1.22,1759.53,409.52,
42.4,0.48,1.17,1759.53,407.25,
42.6,0.52,1.25,1759.53,408.76,
42.8,0.51,1.25,1759.53,405.09,
43,0.52,1.28,1749.76,404.43,
43.2,0.51,1.23,1759.53,407.29,
43.4,0.51,1.21,1759.53,411.79,
43.6,0.51,1.26,1739.98,402.93,
43.8,0.5,1.28,1739.98,397.15,
44,0.51,1.26,1759.53,402.93,
44.2,0.5,1.25,1759.53,401.39,
44.4,0.5,1.19,1739.98,410.32,
44.6,0.51,1.23,1749.76,407.29,
44.8,0.51,1.23,1749.76,407.29,
45,0.51,1.25,1739.98,405.09,
45.2,0.5,1.25,1730.21,401.39,
45.4,0.5,1.25,1749.76,401.39,
45.6,0.49,1.21,1759.53,404.23,
45.8,0.51,1.26,1759.53,402.93,
46,0.51,1.26,1779.08,402.93,
46.2,0.51,1.26,1749.76,402.93,
46.4,0.51,1.29,1759.53,398.71,
46.6,0.53,1.26,1749.76,410.19,
46.8,0.51,1.23,1749.76,407.29,
47,0.52,1.26,1769.31,406.58,
47.2,0.51,1.25,1759.53,405.09,
47.4,0.48,1.21,1759.53,400.4,
47.6,0.5,1.25,1769.31,401.39,
47.8,0.52,1.25,1769.31,408.76,
48,0.5,1.25,1739.98,401.39,
48.2,0.48,1.28,1749.76,389.72,
48.4,0.5,1.29,1759.53,395.07,
48.6,0.52,1.21,1769.31,415.52,
48.8,0.53,1.23,1759.53,414.63,
49,0.51,1.26,1759.53,402.93,
49.2,0.52,1.22,1759.53,413.23,
49.4,0.51,1.28,1749.76,400.81,
49.6,0.5,1.26,1779.08,399.25,
49.8,0.5,1.26,1749.76,399.25,
50,0.5,1.22,1769.31,405.78,
50.2,0.5,1.26,1759.53,399.25,
50.4,0.5,1.17,1749.76,415,
50.6,0.52,1.26,1759.53,406.58,
50.8,0.51,1.26,1759.53,402.93,
51,0.52,1.28,1759.53,404.43,
51.2,0.53,1.28,1749.76,408.03,
51.4,0.51,1.29,1739.98,398.71,
51.6,0.52,1.26,1759.53,406.58,
51.8,0.51,1.19,1759.53,414.1,
52,0.5,1.21,1749.76,408.03,
52.2,0.52,1.29,1759.53,402.32,
52.4,0.52,1.25,1779.08,408.76,
52.6,0.51,1.23,1759.53,407.29,
52.8,0.51,1.28,1749.76,400.81,
53,0.52,1.26,1749.76,406.58,
53.2,0.51,1.23,1749.76,407.29,
53.4,0.51,1.29,1739.98,398.71,
53.6,0.51,1.28,1739.98,400.81,
53.8,0.51,1.32,1749.76,394.62,
54,0.52,1.23,1749.76,410.98,
54.2,0.5,1.26,1730.21,399.25,
54.4,0.49,1.28,1739.98,393.45,
54.6,0.5,1.29,1749.76,395.07,
54.8,0.52,1.29,1739.98,402.32,
55,0.52,1.26,1739.98,406.58,
55.2,0.51,1.28,1769.31,400.81,
55.4,0.52,1.23,1749.76,410.98,
55.6,0.51,1.28,1759.53,400.81,
55.8,0.51,1.26,1749.76,402.93,
56,0.5,1.25,1759.53,401.39,
56.2,0.53,1.22,1759.53,416.9,
56.4,0.5,1.25,1769.31,401.39,
56.6,0.49,1.19,1749.76,406.5,
56.8,0.51,1.23,1769.31,407.29,
57,0.51,1.29,1759.53,398.71,
57.2,0.5,1.25,1749.76,401.39,
57.4,0.54,1.3,1749.76,407.33,
57.6,0.53,1.26,1739.98,410.19,
57.8,0.51,1.25,1749.76,405.09,
58,0.51,1.33,1749.76,392.63,
58.2,0.52,1.28,1779.08,404.43,
58.4,0.5,1.32,1759.53,391.02,
58.6,0.51,1.26,1749.76,402.93,
58.8,0.51,1.26,1749.76,402.93,
59,0.52,1.23,1720.43,410.98,
59.2,0.5,1.26,1759.53,399.25,
59.4,0.5,1.28,1759.53,397.15,
59.6,0.5,1.28,1759.53,397.15,
59.8,0.52,1.25,1749.76,408.76,
60,0.5,1.25,1730.21,401.39,
60.2,0.5,1.23,1749.76,403.57,
60.4,0.51,1.26,1739.98,402.93,
60.6,0.51,1.23,1759.53,407.29,
60.8,0.51,1.25,1749.76,405.09,
61,0.52,1.22,1769.31,413.23,
61.2,0.51,1.28,1739.98,400.81,
61.4,0.52,1.28,1749.76,404.43,
61.6,0.5,1.26,1739.98,399.25,
61.8,0.5,1.23,1749.76,403.57,
62,0.5,1.23,1779.08,403.57,
62.2,0.52,1.25,1759.53,408.76,
62.4,0.52,1.26,1759.53,406.58,
62.6,0.51,1.28,1749.76,400.81,
62.8,0.52,1.25,1759.53,408.76,
63,0.51,1.25,1749.76,405.09,
63.2,0.51,1.3,1749.76,396.65,
63.4,0.53,1.25,1769.31,412.39,
63.6,0.51,1.25,1759.53,405.09,
63.8,0.5,1.28,1730.21,397.15,
64,0.54,1.26,1749.76,413.78,
64.2,0.5,1.26,1759.53,399.25,
64.4,0.49,1.26,1749.76,395.54,
64.6,0.5,1.25,1759.53,401.39,
64.8,0.51,1.26,1759.53,402.93,
65,0.5,1.23,1739.98,403.57,
65.2,0.52,1.28,1730.21,404.43,
65.4,0.51,1.34,1749.76,390.66,
65.6,0.51,1.19,1769.31,414.1,
65.8,0.51,1.29,1759.53,398.71,
66,0.5,1.23,1759.53,403.57,
66.2,0.51,1.29,1749.76,398.71,
66.4,0.51,1.25,1759.53,405.09,
66.6,0.51,1.26,1739.98,402.93,
66.8,0.51,1.26,1730.21,402.93,
67,0.51,1.32,1749.76,394.62,
67.2,0.49,1.25,1749.76,397.66,
67.4,0.51,1.25,1759.53,405.09,
67.6,0.52,1.25,1769.31,408.76,
67.8,0.5,1.3,1749.76,393.03,
68,0.51,1.23,1739.98,407.29,
68.2,0.52,1.22,1739.98,413.23,
68.4,0.51,1.26,1759.53,402.93,
68.6,0.52,1.26,1769.31,406.58,
68.8,0.51,1.29,1739.98,398.71,
69,0.52,1.26,1749.76,406.58,
69.2,0.52,1.22,1739.98,413.23,
69.4,0.51,1.23,1759.53,407.29,
69.6,0.51,1.28,1710.65,400.81,
69.8,0.51,1.23,1739.98,407.29,
70,0.49,1.26,1749.76,395.54,
70.2,0.51,1.28,1759.53,400.81,
70.4,0.49,1.28,1739.98,393.45,
70.6,0.51,1.29,1739.98,398.71,
70.8,0.52,1.25,1759.53,408.76,
71,0.51,1.29,1739.98,398.71,
71.2,0.5,1.21,1739.98,408.03,
71.4,0.5,1.33,1749.76,389.04,
71.6,0.51,1.26,1759.53,402.93,
71.8,0.52,1.26,1769.31,406.58,
72,0.5,1.28,1739.98,397.15,
72.2,0.51,1.28,1749.76,400.81,
72.4,0.49,1.26,1759.53,395.54,
72.6,0.51,1.26,1739.98,402.93,
72.8,0.5,1.22,1749.76,405.78,
73,0.52,1.22,1749.76,413.23,
73.2,0.5,1.28,1759.53,397.15,
73.4,0.5,1.28,1759.53,397.15,
73.6,0.52,1.18,1759.53,420.21,
73.8,0.52,1.25,1779.08,408.76,
74,0.49,1.22,1749.76,402.01,
74.2,0.51,1.25,1759.53,405.09,
74.4,0.52,1.26,1769.31,406.58,
74.6,0.51,1.28,1759.53,400.81,
74.8,0.51,1.26,1739.98,402.93,
75,0.51,1.33,1739.98,392.63,
75.2,0.51,1.3,1739.98,396.65,
75.4,0.5,1.28,1759.53,397.15,
75.6,0.51,1.25,1759.53,405.09,
75.8,0.52,1.29,1749.76,402.32,
76,0.51,1.26,1739.98,402.93,
76.2,0.51,1.22,1749.76,409.52,
76.4,0.5,1.25,1759.53,401.39,
76.6,0.5,1.26,1739.98,399.25,
76.8,0.52,1.21,1749.76,415.52,
77,0.51,1.26,1769.31,402.93,
77.2,0.51,1.28,1759.53,400.81,
77.4,0.52,1.26,1749.76,406.58,
77.6,0.51,1.22,1759.53,409.52,
77.8,0.53,1.26,1769.31,410.19,
78,0.52,1.26,1749.76,406.58,
78.2,0.51,1.19,1759.53,414.1,
78.4,0.5,1.22,1759.53,405.78,
78.6,0.5,1.23,1730.21,403.57,
78.8,0.51,1.25,1749.76,405.09,
79,0.5,1.23,1749.76,403.57,
79.2,0.5,1.25,1759.53,401.39,
79.4,0.51,1.26,1749.76,402.93,
79.6,0.51,1.29,1759.53,398.71,
79.8,0.51,1.25,1759.53,405.09,
80,0.51,1.23,1749.76,407.29,
80.2,0.51,1.28,1730.21,400.81,
80.4,0.5,1.26,1749.76,399.25,
80.6,0.51,1.3,1759.53,396.65,
80.8,0.5,1.25,1759.53,401.39,
81,0.49,1.25,1749.76,397.66,
81.2,0.5,1.26,1739.98,399.25,
81.4,0.5,1.28,1730.21,397.15,
81.6,0.5,1.25,1759.53,401.39,
81.8,0.52,1.22,1759.53,413.23,
82,0.5,1.26,1749.76,399.25,
82.2,0.5,1.25,1759.53,401.39,
82.4,0.51,1.25,1759.53,405.09,
82.6,0.51,1.26,1739.98,402.93,
82.8,0.51,1.28,1739.98,400.81,
83,0.49,1.22,1749.76,402.01,
83.2,0.51,1.25,1749.76,405.09,
83.4,0.5,1.28,1730.21,397.15,
83.6,0.51,1.19,1759.53,414.1,
83.8,0.5,1.25,1739.98,401.39,
84,0.5,1.25,1759.53,401.39,
84.2,0.5,1.28,1749.76,397.15,
84.4,0.51,1.28,1749.76,400.81,
84.6,0.51,1.28,1749.76,400.81,
84.8,0.49,1.28,1749.76,393.45,
85,0.51,1.25,1749.76,405.09,
85.2,0.51,1.25,1739.98,405.09,
85.4,0.49,1.25,1730.21,397.66,
85.6,0.52,1.26,1749.76,406.58,
85.8,0.5,1.23,1739.98,403.57,
86,0.52,1.25,1759.53,408.76,
86.2,0.5,1.25,1749.76,401.39,
86.4,0.52,1.29,1759.53,402.32,
86.6,0.51,1.26,1769.31,402.93,
86.8,0.51,1.28,1749.76,400.81,
87,0.49,1.28,1759.53,393.45,
87.2,0.5,1.25,1749.76,401.39,
87.4,0.51,1.21,1769.31,411.79,
87.6,0.5,1.22,1759.53,405.78,
87.8,0.5,1.23,1739.98,403.57,
88,0.52,1.25,1749.76,408.76,
88.2,0.49,1.26,1769.31,395.54,
88.4,0.51,1.29,1759.53,398.71,
88.6,0.52,1.25,1759.53,408.76,
88.8,0.49,1.21,1759.53,404.23,
89,0.51,1.32,1759.53,394.62,
89.2,0.51,1.29,1739.98,398.71,
89.4,0.51,1.25,1749.76,405.09,
89.6,0.51,1.28,1749.76,400.81,
89.8,0.51,1.23,1730.21,407.29,
90,0.51,1.29,1730.21,398.71,
90.2,0.49,1.28,1749.76,393.45,
90.4,0.48,1.26,1759.53,391.79,
90.6,0.5,1.25,1739.98,401.39,
90.8,0.5,1.23,1730.21,403.57,
91,0.5,1.25,1759.53,401.39,
91.2,0.52,1.26,1759.53,406.58,
91.4,0.51,1.25,1769.31,405.09,
91.6,0.51,1.28,1759.53,400.81,
91.8,0.53,1.26,1759.53,410.19,
92,0.49,1.21,1759.53,404.23,
92.2,0.51,1.3,1759.53,396.65,
92.4,0.49,1.26,1749.76,395.54,
92.6,0.51,1.25,1759.53,405.09,
92.8,0.51,1.25,1749.76,405.09,
93,0.52,1.25,1769.31,408.76,
93.2,0.51,1.32,1739.98,394.62,
93.4,0.53,1.26,1749.76,410.19,
93.6,0.51,1.28,1749.76,400.81,
93.8,0.51,1.29,1749.76,398.71,
94,0.51,1.22,1759.53,409.52,
94.2,0.51,1.25,1759.53,405.09,
94.4,0.5,1.29,1749.76,395.07,
94.6,0.5,1.25,1739.98,401.39,
94.8,0.51,1.33,1730.21,392.63,
95,0.5,1.28,1749.76,397.15,
95.2,0.48,1.22,1739.98,398.2,
95.4,0.51,1.21,1749.76,411.79,
95.6,0.52,1.19,1769.31,417.84,
95.8,0.53,1.23,1739.98,414.63,
96,0.5,1.28,1749.76,397.15,
96.2,0.54,1.23,1759.53,418.25,
96.4,0.52,1.3,1749.76,400.24,
96.6,0.52,1.26,1749.76,406.58,
96.8,0.51,1.21,1759.53,411.79,
97,0.51,1.25,1759.53,405.09,
97.2,0.52,1.23,1759.53,410.98,
97.4,0.5,1.25,1730.21,401.39,
97.6,0.49,1.18,1749.76,408.8,
97.8,0.52,1.29,1759.53,402.32,
98,0.52,1.26,1759.53,406.58,
98.2,0.51,1.26,1769.31,402.93,
98.4,0.52,1.25,1779.08,408.76,
98.6,0.5,1.26,1739.98,399.25,
98.8,0.53,1.26,1749.76,410.19,
99,0.5,1.25,1749.76,401.39,
99.2,0.49,1.25,1749.76,397.66,
99.4,0.5,1.26,1739.98,399.25,
99.6,0.5,1.22,1749.76,405.78,
99.8,0.5,1.23,1759.53,403.57,
100,0.51,1.29,1739.98,398.71,
100.2,0.5,1.23,1749.76,403.57,
100.4,0.52,1.26,1730.21,406.58,
100.6,0.52,1.19,1759.53,417.84,
100.8,0.51,1.25,1739.98,405.09,
101,0.51,1.28,1759.53,400.81,
101.2,0.51,1.23,1749.76,407.29,
101.4,0.51,1.22,1739.98,409.52,
101.6,0.5,1.22,1749.76,405.78,
101.8,0.49,1.23,1739.98,399.82,
102,0.5,1.28,1749.76,397.15,
102.2,0.5,1.26,1759.53,399.25,
102.4,0.5,1.18,1759.53,412.64,
102.6,0.53,1.26,1769.31,410.19,
102.8,0.52,1.26,1769.31,406.58,
103,0.51,1.3,1759.53,396.65,
103.2,0.52,1.23,1769.31,410.98,
103.4,0.51,1.28,1749.76,400.81,
103.6,0.49,1.23,1749.76,399.82,
103.8,0.49,1.28,1739.98,393.45,
104,0.5,1.26,1739.98,399.25,
104.2,0.5,1.23,1739.98,403.57,
104.4,0.5,1.28,1769.31,397.15,
104.6,0.52,1.26,1749.76,406.58,
104.8,0.51,1.25,1759.53,405.09,
105,0.53,1.25,1749.76,412.39,
105.2,0.52,1.28,1739.98,404.43,
105.4,0.51,1.26,1769.31,402.93,
105.6,0.5,1.25,1749.76,401.39,
105.8,0.52,1.26,1759.53,406.58,
106,0.55,1.26,1749.76,417.33,
106.2,0.52,1.25,1759.53,408.76,
106.4,0.52,1.21,1739.98,415.52,
106.6,0.53,1.23,1759.53,414.63,
106.8,0.5,1.21,1749.76,408.03,
107,0.52,1.25,1779.08,408.76,
107.2,0.52,1.28,1769.31,404.43,
107.4,0.52,1.26,1749.76,406.58,
107.6,0.51,1.29,1749.76,398.71,
107.8,0.51,1.26,1730.21,402.93,
108,0.51,1.25,1749.76,405.09,
108.2,0.51,1.28,1749.76,400.81,
108.4,0.5,1.25,1739.98,401.39,
108.6,0.5,1.26,1759.53,399.25,
108.8,0.49,1.23,1749.76,399.82,
109,0.5,1.25,1730.21,401.39,
109.2,0.51,1.25,1779.08,405.09,
109.4,0.51,1.25,1759.53,405.09,
109.6,0.51,1.26,1759.53,402.93,
109.8,0.51,1.25,1749.76,405.09,
110,0.48,1.28,1749.76,389.72,
110.2,0.49,1.25,1749.76,397.66,
110.4,0.49,1.21,1749.76,404.23,
110.6,0.51,1.26,1769.31,402.93,
110.8,0.5,1.22,1749.76,405.78,
111,0.51,1.29,1759.53,398.71,
111.2,0.51,1.14,1759.53,423.73,
111.4,0.5,1.19,1739.98,410.32,
111.6,0.5,1.18,1759.53,412.64,
111.8,0.53,1.3,1759.53,403.8,
112,0.52,1.29,1759.53,402.32,
112.2,0.5,1.28,1749.76,397.15,
112.4,0.52,1.26,1769.31,406.58,
112.6,0.51,1.15,1769.31,421.26,
112.8,0.51,1.25,1739.98,405.09,
113,0.5,1.25,1759.53,401.39,
113.2,0.5,1.23,1739.98,403.57,
113.4,0.51,1.23,1739.98,407.29,
113.6,0.49,1.34,1749.76,383.49,
113.8,0.53,1.28,1759.53,408.03,
114,0.51,1.26,1759.53,402.93,
114.2,0.52,1.28,1749.76,404.43,
114.4,0.53,1.29,1749.76,405.9,
114.6,0.51,1.22,1769.31,409.52,
114.8,0.52,1.25,1779.08,408.76,
115,0.52,1.25,1749.76,408.76,
115.2,0.51,1.3,1749.76,396.65,
115.4,0.49,1.26,1730.21,395.54,
115.6,0.5,1.23,1788.86,403.57,
115.8,0.52,1.25,1749.76,408.76,
116,0.51,1.26,1759.53,402.93,
116.2,0.51,1.3,1749.76,396.65,
116.4,0.49,1.22,1759.53,402.01,
116.6,0.5,1.23,1749.76,403.57,
116.8,0.51,1.28,1749.76,400.81,
117,0.5,1.29,1759.53,395.07,
117.2,0.5,1.28,1730.21,397.15,
117.4,0.5,1.25,1739.98,401.39,
117.6,0.49,1.25,1720.43,397.66,
117.8,0.49,1.23,1769.31,399.82,
118,0.52,1.25,1759.53,408.76,
118.2,0.52,1.25,1759.53,408.76,
118.4,0.49,1.28,1730.21,393.45,
118.6,0.52,1.28,1759.53,404.43,
118.8,0.49,1.29,1769.31,391.4,
119,0.51,1.28,1759.53,400.81,
119.2,0.52,1.25,1759.53,408.76,
119.4,0.5,1.29,1769.31,395.07,
119.6,0.53,1.28,1749.76,408.03,
119.8,0.53,1.3,1739.98,403.8,
120,0.51,1.23,1739.98,407.29,
120.2,0.54,1.28,1749.76,411.59,
120.4,0.52,1.25,1759.53,408.76,
120.6,0.51,1.25,1759.53,405.09,
120.8,0.51,1.28,1759.53,400.81,
121,0.51,1.25,1769.31,405.09,
121.2,0.51,1.23,1739.98,407.29,
121.4,0.51,1.33,1749.76,392.63,
121.6,0.51,1.22,1749.76,409.52,
121.8,0.51,1.28,1759.53,400.81,
122,0.5,1.29,1739.98,395.07,
122.2,0.5,1.32,1739.98,391.02,
122.4,0.51,1.23,1720.43,407.29,
122.6,0.5,1.29,1749.76,395.07,
122.8,0.51,1.26,1739.98,402.93,
123,0.52,1.26,1769.31,406.58,
123.2,0.49,1.28,1749.76,393.45,
123.4,0.51,1.26,1749.76,402.93,
123.6,0.53,1.26,1749.76,410.19,
123.8,0.51,1.28,1739.98,400.81,
124,0.51,1.3,1749.76,396.65,
124.2,0.51,1.23,1759.53,407.29,
124.4,0.5,1.23,1759.53,403.57,
124.6,0.51,1.26,1730.21,402.93,
124.8,0.51,1.26,1739.98,402.93,
125,0.51,1.25,1779.08,405.09,
125.2,0.5,1.26,1739.98,399.25,
125.4,0.51,1.25,1739.98,405.09,
125.6,0.51,1.23,1759.53,407.29,
125.8,0.51,1.29,1749.76,398.71,
126,0.51,1.25,1749.76,405.09,
126.2,0.52,1.19,1769.31,417.84,
126.4,0.5,1.25,1759.53,401.39,
126.6,0.51,1.26,1779.08,402.93,
126.8,0.49,1.25,1739.98,397.66,
127,0.51,1.26,1749.76,402.93,
127.2,0.5,1.33,1749.76,389.04,
127.4,0.5,1.26,1749.76,399.25,
127.6,0.49,1.25,1730.21,397.66,
127.8,0.49,1.25,1759.53,397.66,
128,0.49,1.29,1759.53,391.4,
128.2,0.52,1.19,1739.98,417.84,
128.4,0.48,1.26,1730.21,391.79,
128.6,0.51,1.23,1759.53,407.29,
128.8,0.49,1.29,1749.76,391.4,
129,0.52,1.34,1759.53,394.19,
129.2,0.53,1.32,1739.98,401.74,
129.4,0.51,1.3,1749.76,396.65,
129.6,0.52,1.36,1739.98,392.24,
129.8,0.5,1.28,1759.53,397.15,
130,0.52,1.28,1759.53,404.43,
130.2,0.51,1.25,1749.76,405.09,
130.4,0.52,1.22,1749.76,413.23,
130.6,0.51,1.25,1749.76,405.09,
130.8,0.53,1.26,1749.76,410.19,
131,0.5,1.23,1749.76,403.57,
131.2,0.5,1.3,1749.76,393.03,
131.4,0.5,1.19,1769.31,410.32,
131.6,0.5,1.17,1759.53,415,
131.8,0.53,1.28,1749.76,408.03,
132,0.51,1.29,1749.76,398.71,
132.2,0.51,1.25,1749.76,405.09,
132.4,0.52,1.26,1749.76,406.58,
132.6,0.49,1.25,1739.98,397.66,
132.8,0.52,1.25,1749.76,408.76,
133,0.51,1.25,1759.53,405.09,
133.2,0.51,1.29,1749.76,398.71,
133.4,0.51,1.26,1759.53,402.93,
133.6,0.5,1.26,1759.53,399.25,
133.8,0.52,1.26,1720.43,406.58,
134,0.52,1.26,1749.76,406.58,
134.2,0.52,1.28,1749.76,404.43,
134.4,0.49,1.28,1739.98,393.45,
134.6,0.51,1.28,1730.21,400.81,
134.8,0.51,1.26,1749.76,402.93,
135,0.5,1.36,1749.76,385.17,
135.2,0.5,1.28,1720.43,397.15,
135.4,0.48,1.25,1759.53,393.89,
135.6,0.51,1.23,1759.53,407.29,
135.8,0.52,1.28,1730.21,404.43,
136,0.51,1.23,1759.53,407.29,
136.2,0.48,1.25,1739.98,393.89,
136.4,0.51,1.26,1749.76,402.93,
136.6,0.5,1.26,1749.76,399.25,
136.8,0.51,1.26,1749.76,402.93,
137,0.52,1.23,1769.31,410.98,
137.2,0.5,1.3,1749.76,393.03,
137.4,0.5,1.22,1759.53,405.78,
137.6,0.51,1.25,1739.98,405.09,
137.8,0.5,1.23,1739.98,403.57,
138,0.5,1.3,1739.98,393.03,
138.2,0.51,1.26,1739.98,402.93,
138.4,0.51,1.26,1739.98,402.93,
138.6,0.52,1.26,1759.53,406.58,
138.8,0.52,1.29,1759.53,402.32,
139,0.52,1.22,1749.76,413.23,
139.2,0.52,1.25,1749.76,408.76,
139.4,0.5,1.28,1759.53,397.15,
139.6,0.51,1.29,1739.98,398.71,
139.8,0.51,1.14,1749.76,423.73,
140,0.52,1.26,1769.31,406.58,
140.2,0.53,1.25,1730.21,412.39,
140.4,0.5,1.23,1759.53,403.57,
140.6,0.51,1.23,1749.76,407.29,
140.8,0.51,1.23,1730.21,407.29,
141,0.52,1.26,1739.98,406.58,
141.2,0.51,1.25,1720.43,405.09,
141.4,0.52,1.18,1759.53,420.21,
141.6,0.51,1.3,1749.76,396.65,
141.8,0.5,1.28,1749.76,397.15,
142,0.51,1.28,1739.98,400.81,
142.2,0.51,1.28,1730.21,400.81,
142.4,0.5,1.25,1769.31,401.39,
142.6,0.51,1.26,1759.53,402.93,
142.8,0.53,1.23,1739.98,414.63,
143,0.5,1.19,1749.76,410.32,
143.2,0.51,1.26,1739.98,402.93,
143.4,0.5,1.28,1739.98,397.15,
143.6,0.51,1.23,1749.76,407.29,
143.8,0.49,1.26,1759.53,395.54,
144,0.51,1.28,1739.98,400.81,
144.2,0.51,1.26,1749.76,402.93,
144.4,0.52,1.26,1759.53,406.58,
144.6,0.5,1.26,1759.53,399.25,
144.8,0.49,1.23,1749.76,399.82,
145,0.5,1.26,1749.76,399.25,
145.2,0.49,1.21,1759.53,404.23,
145.4,0.51,1.25,1749.76,405.09,
145.6,0.5,1.22,1769.31,405.78,
145.8,0.5,1.29,1739.98,395.07,
146,0.5,1.25,1749.76,401.39,
146.2,0.5,1.23,1759.53,403.57,
146.4,0.52,1.25,1788.86,408.76,
146.6,0.53,1.26,1769.31,410.19,
146.8,0.51,1.28,1749.76,400.81,
147,0.49,1.28,1759.53,393.45,
147.2,0.52,1.23,1759.53,410.98,
147.4,0.5,1.26,1749.76,399.25,
147.6,0.51,1.34,1749.76,390.66,
147.8,0.51,1.3,1739.98,396.65,
148,0.5,1.28,1749.76,397.15,
148.2,0.5,1.26,1720.43,399.25,
148.4,0.52,1.26,1759.53,406.58,
148.6,0.5,1.23,1749.76,403.57,
148.8,0.52,1.25,1739.98,408.76,
149,0.51,1.25,1749.76,405.09,
149.2,0.51,1.32,1749.76,394.62,
149.4,0.51,1.25,1749.76,405.09,
149.6,0.51,1.33,1749.76,392.63,
149.8,0.51,1.26,1759.53,402.93,
150,0.51,1.33,1749.76,392.63,
150.2,0.51,1.26,1769.31,402.93,
150.4,0.51,1.23,1739.98,407.29,
150.6,0.51,1.26,1759.53,402.93,
150.8,0.51,1.29,1749.76,398.71,
151,0.5,1.28,1759.53,397.15,
151.2,0.5,1.22,1759.53,405.78,
151.4,0.5,1.25,1769.31,401.39,
151.6,0.5,1.25,1749.76,401.39,
151.8,0.52,1.25,1739.98,408.76,
152,0.51,1.26,1749.76,402.93,
152.2,0.52,1.23,1759.53,410.98,
152.4,0.51,1.23,1769.31,407.29,
152.6,0.51,1.28,1749.76,400.81,
152.8,0.51,1.28,1749.76,400.81,
153,0.5,1.28,1759.53,397.15,
153.2,0.51,1.28,1769.31,400.81,
153.4,0.51,1.29,1730.21,398.71,
153.6,0.5,1.26,1749.76,399.25,
153.8,0.51,1.33,1739.98,392.63,
154,0.52,1.23,1730.21,410.98,
154.2,0.49,1.25,1759.53,397.66,
154.4,0.52,1.23,1739.98,410.98,
154.6,0.51,1.19,1749.76,414.1,
154.8,0.52,1.25,1749.76,408.76,
155,0.5,1.21,1739.98,408.03,
155.2,0.52,1.28,1769.31,404.43,
155.4,0.51,1.26,1749.76,402.93,
155.6,0.53,1.28,1749.76,408.03,
155.8,0.5,1.25,1739.98,401.39,
156,0.48,1.28,1749.76,389.72,
156.2,0.51,1.25,1759.53,405.09,
156.4,0.5,1.25,1749.76,401.39,
156.6,0.53,1.26,1759.53,410.19,
156.8,0.51,1.25,1749.76,405.09,
157,0.49,1.23,1730.21,399.82,
157.2,0.51,1.26,1739.98,402.93,
157.4,0.51,1.21,1759.53,411.79,
157.6,0.52,1.26,1769.31,406.58,
157.8,0.53,1.29,1739.98,405.9,
158,0.49,1.26,1739.98,395.54,
158.2,0.51,1.36,1749.76,388.72,
158.4,0.52,1.28,1769.31,404.43,
158.6,0.51,1.28,1739.98,400.81,
158.8,0.51,1.3,1739.98,396.65,
159,0.51,1.25,1749.76,405.09,
159.2,0.51,1.15,1739.98,421.26,
159.4,0.5,1.3,1749.76,393.03,
159.6,0.5,1.28,1769.31,397.15,
159.8,0.5,1.23,1759.53,403.57,
160,0.52,1.25,1769.31,408.76,
160.2,0.49,1.26,1739.98,395.54,
160.4,0.5,1.21,1739.98,408.03,
160.6,0.5,1.23,1749.76,403.57,
160.8,0.51,1.28,1759.53,400.81,
161,0.51,1.26,1759.53,402.93,
161.2,0.51,1.26,1739.98,402.93,
161.4,0.52,1.22,1749.76,413.23,
161.6,0.51,1.25,1749.76,405.09,
161.8,0.52,1.25,1759.53,408.76,
162,0.5,1.21,1749.76,408.03,
162.2,0.51,1.23,1759.53,407.29,
162.4,0.5,1.25,1759.53,401.39,
162.6,0.5,1.25,1769.31,401.39,
162.8,0.51,1.23,1759.53,407.29,
163,0.5,1.26,1730.21,399.25,
163.2,0.49,1.23,1739.98,399.82,
163.4,0.52,1.3,1769.31,400.24,
163.6,0.51,1.28,1739.98,400.81,
163.8,0.51,1.21,1759.53,411.79,
164,0.51,1.25,1739.98,405.09,
164.2,0.52,1.3,1749.76,400.24,
164.4,0.51,1.3,1759.53,396.65,
164.6,0.51,1.26,1739.98,402.93,
164.8,0.5,1.26,1730.21,399.25,
165,0.51,1.28,1739.98,400.81,
165.2,0.5,1.25,1730.21,401.39,
165.4,0.5,1.29,1759.53,395.07,
165.6,0.5,1.26,1759.53,399.25,
165.8,0.52,1.25,1759.53,408.76,
166,0.53,1.22,1749.76,416.9,
166.2,0.52,1.26,1749.76,406.58,
166.4,0.5,1.28,1720.43,397.15,
166.6,0.53,1.29,1759.53,405.9,
166.8,0.51,1.26,1759.53,402.93,
167,0.51,1.26,1749.76,402.93,
167.2,0.51,1.26,1730.21,402.93,
167.4,0.51,1.28,1759.53,400.81,
167.6,0.51,1.26,1739.98,402.93,
167.8,0.51,1.3,1739.98,396.65,
168,0.5,1.28,1730.21,397.15,
168.2,0.5,1.23,1759.53,403.57,
168.4,0.5,1.25,1749.76,401.39,
168.6,0.52,1.25,1788.86,408.76,
168.8,0.54,1.26,1749.76,413.78,
169,0.51,1.28,1759.53,400.81,
169.2,0.49,1.26,1759.53,395.54,
169.4,0.51,1.26,1759.53,402.93,
169.6,0.5,1.28,1749.76,397.15,
169.8,0.51,1.22,1749.76,409.52,
170,0.5,1.25,1759.53,401.39,
170.2,0.51,1.22,1739.98,409.52,
170.4,0.49,1.28,1739.98,393.45,
170.6,0.47,1.25,1759.53,390.09,
170.8,0.52,1.23,1749.76,410.98,
171,0.5,1.25,1739.98,401.39,
171.2,0.52,1.26,1739.98,406.58,
171.4,0.5,1.28,1739.98,397.15,
171.6,0.51,1.26,1759.53,402.93,
171.8,0.51,1.25,1759.53,405.09,
172,0.51,1.28,1759.53,400.81,
172.2,0.51,1.23,1759.53,407.29,
172.4,0.51,1.28,1730.21,400.81,
172.6,0.51,1.22,1739.98,409.52,
172.8,0.49,1.28,1759.53,393.45,
173,0.51,1.25,1759.53,405.09,
173.2,0.51,1.23,1749.76,407.29,
173.4,0.51,1.33,1749.76,392.63,
173.6,0.51,1.25,1759.53,405.09,
173.8,0.51,1.19,1739.98,414.1,
174,0.5,1.25,1730.21,401.39,
174.2,0.5,1.25,1769.31,401.39,
174.4,0.51,1.23,1749.76,407.29,
174.6,0.52,1.26,1749.76,406.58,
174.8,0.51,1.26,1759.53,402.93,
175,0.51,1.26,1739.98,402.93,
175.2,0.52,1.26,1759.53,406.58,
175.4,0.49,1.28,1739.98,393.45,
175.6,0.52,1.26,1759.53,406.58,
175.8,0.51,1.28,1739.98,400.81,
176,0.49,1.25,1739.98,397.66,
176.2,0.5,1.33,1759.53,389.04,
176.4,0.51,1.23,1739.98,407.29,
176.6,0.53,1.26,1739.98,410.19,
176.8,0.5,1.28,1730.21,397.15,
177,0.52,1.29,1749.76,402.32,
177.2,0.52,1.25,1759.53,408.76,
177.4,0.51,1.28,1730.21,400.81,
177.6,0.51,1.36,1759.53,388.72,
177.8,0.53,1.29,1759.53,405.9,
178,0.53,1.25,1769.31,412.39,
178.2,0.51,1.22,1759.53,409.52,
178.4,0.5,1.26,1730.21,399.25,
178.6,0.5,1.25,1739.98,401.39,
178.8,0.5,1.23,1749.76,403.57,
179,0.5,1.29,1749.76,395.07,
179.2,0.5,1.29,1769.31,395.07,
179.4,0.53,1.23,1759.53,414.63,
179.6,0.54,1.28,1749.76,411.59,
179.8,0.5,1.26,1730.21,399.25,
180,0.52,1.33,1749.76,396.18,
180.2,0.51,1.26,1769.31,402.93,
180.4,0.51,1.26,1759.53,402.93,
180.6,0.5,1.34,1759.53,387.09,
180.8,0.51,1.26,1749.76,402.93,
181,0.5,1.26,1749.76,399.25,
181.2,0.5,1.33,1749.76,389.04,
181.4,0.49,1.22,1749.76,402.01,
181.6,0.51,1.25,1769.31,405.09,
181.8,0.52,1.26,1749.76,406.58,
182,0.52,1.32,1759.53,398.2,
182.2,0.5,1.23,1720.43,403.57,
182.4,0.53,1.3,1749.76,403.8,
182.6,0.51,1.22,1749.76,409.52,
182.8,0.51,1.22,1749.76,409.52,
183,0.5,1.21,1759.53,408.03,
183.2,0.52,1.28,1759.53,404.43,
183.4,0.51,1.28,1739.98,400.81,
183.6,0.52,1.26,1759.53,406.58,
183.8,0.52,1.25,1759.53,408.76,
184,0.5,1.28,1730.21,397.15,
184.2,0.5,1.29,1749.76,395.07,
184.4,0.5,1.23,1759.53,403.57,
184.6,0.5,1.23,1779.08,403.57,
184.8,0.49,1.22,1759.53,402.01,
185,0.5,1.28,1739.98,397.15,
185.2,0.51,1.25,1739.98,405.09,
185.4,0.51,1.21,1749.76,411.79,
185.6,0.52,1.28,1739.98,404.43,
185.8,0.51,1.25,1759.53,405.09,
186,0.51,1.22,1720.43,409.52,
186.2,0.51,1.28,1749.76,400.81,
186.4,0.53,1.28,1749.76,408.03,
186.6,0.5,1.25,1749.76,401.39,
186.8,0.5,1.23,1769.31,403.57,
187,0.5,1.25,1749.76,401.39,
187.2,0.5,1.23,1739.98,403.57,
187.4,0.49,1.29,1739.98,391.4,
187.6,0.5,1.23,1739.98,403.57,
187.8,0.51,1.18,1759.53,416.44,
188,0.52,1.25,1739.98,408.76,
188.2,0.52,1.28,1739.98,404.43,
188.4,0.51,1.26,1749.76,402.93,
188.6,0.53,1.25,1769.31,412.39,
188.8,0.52,1.36,1759.53,392.24,
189,0.52,1.26,1759.53,406.58,
189.2,0.51,1.29,1749.76,398.71,
189.4,0.51,1.25,1739.98,405.09,
189.6,0.5,1.33,1759.53,389.04,
189.8,0.52,1.25,1749.76,408.76,
190,0.5,1.25,1749.76,401.39,
190.2,0.5,1.23,1769.31,403.57,
190.4,0.52,1.26,1779.08,406.58,
190.6,0.53,1.28,1769.31,408.03,
190.8,0.51,1.23,1749.76,407.29,
191,0.5,1.26,1759.53,399.25,
191.2,0.51,1.25,1759.53,405.09,
191.4,0.49,1.17,1749.76,411.14,
191.6,0.49,1.28,1739.98,393.45,
191.8,0.5,1.28,1749.76,397.15,
192,0.51,1.23,1749.76,407.29,
192.2,0.51,1.25,1739.98,405.09,
192.4,0.51,1.26,1749.76,402.93,
192.6,0.5,1.26,1739.98,399.25,
192.8,0.51,1.26,1779.08,402.93,
193,0.52,1.23,1739.98,410.98,
193.2,0.52,1.23,1759.53,410.98,
193.4,0.53,1.26,1749.76,410.19,
193.6,0.51,1.25,1749.76,405.09,
193.8,0.51,1.26,1759.53,402.93,
194,0.51,1.3,1759.53,396.65,
194.2,0.5,1.28,1759.53,397.15,
194.4,0.48,1.28,1759.53,389.72,
194.6,0.5,1.23,1769.31,403.57,
194.8,0.53,1.25,1769.31,412.39,
195,0.52,1.22,1759.53,413.23,
195.2,0.5,1.23,1749.76,403.57,
195.4,0.48,1.25,1749.76,393.89,
195.6,0.51,1.23,1749.76,407.29,
195.8,0.51,1.26,1730.21,402.93,
196,0.5,1.25,1739.98,401.39,
196.2,0.5,1.23,1749.76,403.57,
196.4,0.52,1.26,1759.53,406.58,
196.6,0.51,1.33,1759.53,392.63,
196.8,0.5,1.21,1759.53,408.03,
197,0.52,1.26,1779.08,406.58,
197.2,0.49,1.26,1739.98,395.54,
197.4,0.52,1.25,1759.53,408.76,
197.6,0.5,1.23,1759.53,403.57,
197.8,0.49,1.25,1759.53,397.66,
198,0.52,1.23,1749.76,410.98,
198.2,0.5,1.23,1759.53,403.57,
198.4,0.51,1.3,1759.53,396.65,
198.6,0.52,1.29,1739.98,402.32,
198.8,0.51,1.26,1720.43,402.93,
199,0.51,1.25,1769.31,405.09,
199.2,0.53,1.22,1749.76,416.9,
199.4,0.53,1.25,1749.76,412.39,
199.6,0.5,1.32,1730.21,391.02,
199.8,0.51,1.25,1749.76,405.09,
200,0.53,1.22,1759.53,416.9,
200.2,0.52,1.26,1769.31,406.58,
200.4,0.52,1.33,1759.53,396.18,
200.6,0.51,1.29,1749.76,398.71,
200.8,0.49,1.28,1759.53,393.45,
201,0.5,1.21,1749.76,408.03,
201.2,0.5,1.26,1739.98,399.25,
201.4,0.5,1.25,1720.43,401.39,
201.6,0.5,1.26,1779.08,399.25,
201.8,0.5,1.26,1730.21,399.25,
202,0.51,1.29,1739.98,398.71,
202.2,0.52,1.18,1749.76,420.21,
202.4,0.51,1.23,1739.98,407.29,
202.6,0.51,1.26,1779.08,402.93,
202.8,0.52,1.28,1749.76,404.43,
203,0.51,1.21,1759.53,411.79,
203.2,0.52,1.25,1769.31,408.76,
203.4,0.52,1.23,1749.76,410.98,
203.6,0.52,1.26,1730.21,406.58,
203.8,0.5,1.29,1730.21,395.07,
204,0.51,1.25,1769.31,405.09,
204.2,0.5,1.22,1759.53,405.78,
204.4,0.5,1.22,1749.76,405.78,
204.6,0.49,1.28,1739.98,393.45,
204.8,0.48,1.23,1759.53,396.03,
205,0.52,1.23,1759.53,410.98,
205.2,0.52,1.29,1749.76,402.32,
205.4,0.5,1.23,1739.98,403.57,
205.6,0.52,1.21,1739.98,415.52,
205.8,0.51,1.25,1739.98,405.09,
206,0.53,1.32,1749.76,401.74,
206.2,0.52,1.26,1769.31,406.58,
206.4,0.52,1.25,1749.76,408.76,
206.6,0.5,1.26,1749.76,399.25,
206.8,0.5,1.23,1759.53,403.57,
207,0.51,1.26,1739.98,402.93,
207.2,0.5,1.19,1759.53,410.32,
207.4,0.51,1.28,1759.53,400.81,
207.6,0.5,1.29,1739.98,395.07,
207.8,0.52,1.28,1739.98,404.43,
208,0.52,1.25,1759.53,408.76,
208.2,0.5,1.19,1749.76,410.32,
208.4,0.51,1.25,1739.98,405.09,
208.6,0.5,1.23,1739.98,403.57,
208.8,0.51,1.26,1769.31,402.93,
209,0.49,1.28,1749.76,393.45,
209.2,0.51,1.33,1739.98,392.63,
209.4,0.5,1.25,1749.76,401.39,
209.6,0.5,1.29,1739.98,395.07,
209.8,0.51,1.26,1769.31,402.93,
210,0.48,1.28,1739.98,389.72,
210.2,0.5,1.28,1730.21,397.15,
210.4,0.51,1.23,1739.98,407.29,
210.6,0.51,1.26,1739.98,402.93,
210.8,0.52,1.28,1739.98,404.43,
211,0.5,1.26,1749.76,399.25,
211.2,0.51,1.25,1739.98,405.09,
211.4,0.51,1.26,1749.76,402.93,
211.6,0.51,1.29,1759.53,398.71,
211.8,0.52,1.29,1749.76,402.32,
212,0.51,1.3,1739.98,396.65,
212.2,0.53,1.25,1759.53,412.39,
212.4,0.53,1.28,1749.76,408.03,
212.6,0.51,1.23,1769.31,407.29,
212.8,0.51,1.25,1749.76,405.09,
213,0.51,1.28,1759.53,400.81,
213.2,0.53,1.25,1769.31,412.39,
213.4,0.5,1.19,1749.76,410.32,
213.6,0.55,1.26,1749.76,417.33,
213.8,0.51,1.29,1739.98,398.71,
214,0.55,1.29,1749.76,412.96,
214.2,0.51,1.25,1749.76,405.09,
214.4,0.5,1.26,1739.98,399.25,
214.6,0.49,1.26,1730.21,395.54,
214.8,0.5,1.28,1749.76,397.15,
215,0.51,1.19,1759.53,414.1,
215.2,0.51,1.26,1739.98,402.93,
215.4,0.51,1.21,1730.21,411.79,
215.6,0.5,1.25,1759.53,401.39,
215.8,0.49,1.28,1749.76,393.45,
216,0.5,1.23,1759.53,403.57,
216.2,0.51,1.25,1749.76,405.09,
216.4,0.5,1.25,1749.76,401.39,
216.6,0.5,1.25,1730.21,401.39,
216.8,0.5,1.28,1720.43,397.15,
217,0.5,1.32,1749.76,391.02,
217.2,0.51,1.25,1739.98,405.09,
217.4,0.53,1.28,1759.53,408.03,
217.6,0.51,1.21,1739.98,411.79,
217.8,0.5,1.28,1720.43,397.15,
218,0.52,1.28,1759.53,404.43,
218.2,0.52,1.25,1749.76,408.76,
218.4,0.5,1.25,1759.53,401.39,
218.6,0.51,1.23,1759.53,407.29,
218.8,0.5,1.25,1749.76,401.39,
219,0.49,1.18,1749.76,408.8,
219.2,0.52,1.23,1759.53,410.98,
219.4,0.52,1.25,1759.53,408.76,
219.6,0.51,1.23,1739.98,407.29,
219.8,0.51,1.25,1739.98,405.09,
220,0.5,1.25,1769.31,401.39,
220.2,0.49,1.26,1739.98,395.54,
220.4,0.53,1.23,1759.53,414.63,
220.6,0.53,1.25,1749.76,412.39,
220.8,0.52,1.26,1749.76,406.58,
221,0.5,1.28,1730.21,397.15,
221.2,0.54,1.26,1749.76,413.78,
221.4,0.51,1.28,1739.98,400.81,
221.6,0.51,1.22,1739.98,409.52,
221.8,0.5,1.26,1749.76,399.25,
222,0.51,1.26,1749.76,402.93,
222.2,0.5,1.28,1739.98,397.15,
222.4,0.51,1.26,1749.76,402.93,
222.6,0.52,1.23,1759.53,410.98,
222.8,0.52,1.26,1739.98,406.58,
223,0.52,1.26,1739.98,406.58,
223.2,0.51,1.22,1759.53,409.52,
223.4,0.52,1.26,1769.31,406.58,
223.6,0.51,1.25,1749.76,405.09,
223.8,0.52,1.28,1749.76,404.43,
224,0.51,1.26,1739.98,402.93,
224.2,0.52,1.25,1739.98,408.76,
224.4,0.51,1.32,1749.76,394.62,
224.6,0.52,1.26,1769.31,406.58,
224.8,0.5,1.23,1749.76,403.57,
225,0.5,1.25,1739.98,401.39,
225.2,0.52,1.18,1749.76,420.21,
225.4,0.52,1.29,1759.53,402.32,
225.6,0.5,1.25,1720.43,401.39,
225.8,0.52,1.17,1759.53,422.62,
226,0.52,1.26,1769.31,406.58,
226.2,0.5,1.22,1759.53,405.78,
226.4,0.52,1.22,1759.53,413.23,
226.6,0.51,1.26,1769.31,402.93,
226.8,0.52,1.3,1749.76,400.24,
227,0.5,1.26,1749.76,399.25,
227.2,0.52,1.29,1759.53,402.32,
227.4,0.48,1.21,1739.98,400.4,
227.6,0.51,1.23,1749.76,407.29,
227.8,0.53,1.26,1749.76,410.19,
228,0.52,1.26,1739.98,406.58,
228.2,0.52,1.25,1759.53,408.76,
228.4,0.52,1.25,1769.31,408.76,
228.6,0.51,1.28,1739.98,400.81,
228.8,0.5,1.25,1749.76,401.39,
229,0.51,1.26,1759.53,402.93,
229.2,0.53,1.21,1759.53,419.21,
229.4,0.5,1.26,1739.98,399.25,
229.6,0.5,1.19,1759.53,410.32,
229.8,0.49,1.21,1739.98,404.23,
230,0.51,1.18,1769.31,416.44,
230.2,0.52,1.19,1739.98,417.84,
230.4,0.5,1.25,1720.43,401.39,
230.6,0.52,1.21,1759.53,415.52,
230.8,0.52,1.25,1749.76,408.76,
231,0.54,1.26,1749.76,413.78,
231.2,0.52,1.33,1749.76,396.18,
231.4,0.5,1.28,1749.76,397.15,
231.6,0.5,1.3,1739.98,393.03,
231.8,0.5,1.28,1769.31,397.15,
232,0.5,1.29,1749.76,395.07,
232.2,0.5,1.25,1749.76,401.39,
232.4,0.5,1.25,1779.08,401.39,
232.6,0.51,1.26,1739.98,402.93,
232.8,0.52,1.26,1759.53,406.58,
233,0.52,1.28,1759.53,404.43,
233.2,0.52,1.25,1759.53,408.76,
233.4,0.51,1.26,1759.53,402.93,
233.6,0.52,1.21,1759.53,415.52,
233.8,0.51,1.28,1749.76,400.81,
234,0.51,1.23,1739.98,407.29,
234.2,0.51,1.25,1739.98,405.09,
234.4,0.5,1.29,1749.76,395.07,
234.6,0.52,1.25,1720.43,408.76,
234.8,0.5,1.23,1749.76,403.57,
235,0.51,1.29,1759.53,398.71,
235.2,0.5,1.23,1739.98,403.57,
235.4,0.52,1.28,1749.76,404.43,
235.6,0.52,1.28,1730.21,404.43,
235.8,0.51,1.28,1739.98,400.81,
236,0.51,1.29,1749.76,398.71,
236.2,0.51,1.23,1739.98,407.29,
236.4,0.5,1.26,1739.98,399.25,
236.6,0.52,1.23,1739.98,410.98,
236.8,0.5,1.28,1730.21,397.15,
237,0.51,1.26,1739.98,402.93,
237.2,0.49,1.29,1749.76,391.4,
237.4,0.52,1.21,1739.98,415.52,
237.6,0.51,1.23,1749.76,407.29,
237.8,0.51,1.28,1759.53,400.81,
238,0.5,1.29,1720.43,395.07,
238.2,0.51,1.28,1749.76,400.81,
238.4,0.5,1.28,1759.53,397.15,
238.6,0.5,1.25,1749.76,401.39,
238.8,0.5,1.23,1749.76,403.57,
239,0.51,1.29,1749.76,398.71,
239.2,0.5,1.23,1759.53,403.57,
239.4,0.5,1.25,1759.53,401.39,
239.6,0.5,1.19,1759.53,410.32,
239.8,0.54,1.29,1749.76,409.44,
240,0.54,1.26,1749.76,413.78,
240.2,0.49,1.26,1749.76,395.54,
240.4,0.52,1.26,1759.53,406.58,
240.6,0.48,1.28,1759.53,389.72,
240.8,0.5,1.28,1749.76,397.15,
241,0.51,1.23,1749.76,407.29,
241.2,0.51,1.23,1739.98,407.29,
241.4,0.5,1.23,1769.31,403.57,
241.6,0.5,1.32,1730.21,391.02,
241.8,0.5,1.26,1759.53,399.25,
242,0.51,1.19,1769.31,414.1,
242.2,0.51,1.28,1749.76,400.81,
242.4,0.52,1.3,1749.76,400.24,
242.6,0.51,1.25,1749.76,405.09,
242.8,0.5,1.28,1749.76,397.15,
243,0.5,1.29,1749.76,395.07,
243.2,0.52,1.26,1749.76,406.58,
243.4,0.52,1.23,1739.98,410.98,
243.6,0.52,1.23,1749.76,410.98,
243.8,0.51,1.18,1759.53,416.44,
244,0.52,1.28,1739.98,404.43,
244.2,0.49,1.23,1749.76,399.82,
244.4,0.5,1.23,1739.98,403.57,
244.6,0.51,1.25,1749.76,405.09,
244.8,0.5,1.21,1759.53,408.03,
245,0.5,1.29,1759.53,395.07,
245.2,0.49,1.23,1739.98,399.82,
245.4,0.5,1.26,1739.98,399.25,
245.6,0.53,1.26,1759.53,410.19,
245.8,0.51,1.26,1779.08,402.93,
246,0.51,1.3,1739.98,396.65,
246.2,0.49,1.28,1749.76,393.45,
246.4,0.47,1.29,1759.53,383.94,
246.6,0.5,1.28,1759.53,397.15,
246.8,0.51,1.26,1749.76,402.93,
247,0.51,1.25,1730.21,405.09,
247.2,0.5,1.23,1739.98,403.57,
247.4,0.51,1.25,1739.98,405.09,
247.6,0.51,1.29,1759.53,398.71,
247.8,0.51,1.28,1739.98,400.81,
248,0.51,1.25,1759.53,405.09,
248.2,0.51,1.26,1759.53,402.93,
248.4,0.53,1.26,1769.31,410.19,
248.6,0.51,1.25,1788.86,405.09,
248.8,0.51,1.25,1759.53,405.09,
249,0.5,1.28,1739.98,397.15,
249.2,0.51,1.28,1749.76,400.81,
249.4,0.5,1.22,1759.53,405.78,
249.6,0.5,1.3,1749.76,393.03,
249.8,0.53,1.23,1749.76,414.63,
250,0.51,1.26,1730.21,402.93,
250.2,0.5,1.32,1739.98,391.02,
250.4,0.5,1.26,1749.76,399.25,
250.6,0.5,1.25,1759.53,401.39,
250.8,0.53,1.26,1749.76,410.19,
251,0.51,1.33,1749.76,392.63,
251.2,0.52,1.3,1749.76,400.24,
251.4,0.52,1.28,1730.21,404.43,
251.6,0.51,1.26,1759.53,402.93,
251.8,0.51,1.25,1739.98,405.09,
252,0.51,1.26,1749.76,402.93,
252.2,0.5,1.25,1769.31,401.39,
252.4,0.5,1.23,1749.76,403.57,
252.6,0.51,1.25,1739.98,405.09,
252.8,0.48,1.28,1739.98,389.72,
253,0.5,1.25,1749.76,401.39,
253.2,0.51,1.19,1739.98,414.1,
253.4,0.51,1.25,1749.76,405.09,
253.6,0.51,1.25,1749.76,405.09,
253.8,0.51,1.34,1769.31,390.66,
254,0.52,1.3,1769.31,400.24,
254.2,0.53,1.28,1759.53,408.03,
254.4,0.52,1.28,1759.53,404.43,
254.6,0.49,1.28,1730.21,393.45,
254.8,0.51,1.19,1769.31,414.1,
255,0.53,1.26,1769.31,410.19,
255.2,0.51,1.28,1759.53,400.81,
255.4,0.5,1.21,1749.76,408.03,
255.6,0.5,1.26,1730.21,399.25,
255.8,0.5,1.25,1759.53,401.39,
256,0.52,1.19,1749.76,417.84,
256.2,0.5,1.29,1730.21,395.07,
256.4,0.51,1.23,1759.53,407.29,
256.6,0.51,1.29,1749.76,398.71,
256.8,0.52,1.25,1749.76,408.76,
257,0.5,1.21,1759.53,408.03,
257.2,0.5,1.26,1769.31,399.25,
257.4,0.51,1.22,1759.53,409.52,
257.6,0.53,1.23,1749.76,414.63,
257.8,0.51,1.28,1769.31,400.81,
258,0.51,1.26,1739.98,402.93,
258.2,0.49,1.26,1739.98,395.54,
258.4,0.49,1.3,1739.98,389.38,
258.6,0.51,1.26,1730.21,402.93,
258.8,0.52,1.3,1730.21,400.24,
259,0.5,1.22,1749.76,405.78,
259.2,0.51,1.25,1759.53,405.09,
259.4,0.52,1.28,1749.76,404.43,
259.6,0.52,1.36,1759.53,392.24,
259.8,0.52,1.28,1759.53,404.43,
260,0.51,1.26,1759.53,402.93,
260.2,0.51,1.34,1749.76,390.66,
260.4,0.51,1.26,1749.76,402.93,
260.6,0.51,1.3,1749.76,396.65,
260.8,0.51,1.22,1769.31,409.52,
261,0.51,1.28,1749.76,400.81,
261.2,0.51,1.25,1779.08,405.09,
261.4,0.52,1.25,1759.53,408.76,
261.6,0.5,1.21,1749.76,408.03,
261.8,0.51,1.25,1749.76,405.09,
262,0.53,1.23,1759.53,414.63,
262.2,0.53,1.25,1739.98,412.39,
262.4,0.5,1.26,1769.31,399.25,
262.6,0.49,1.26,1749.76,395.54,
262.8,0.51,1.26,1759.53,402.93,
263,0.51,1.26,1730.21,402.93,
263.2,0.51,1.28,1749.76,400.81,
263.4,0.5,1.25,1749.76,401.39,
263.6,0.51,1.26,1769.31,402.93,
263.8,0.51,1.28,1710.65,400.81,
264,0.49,1.26,1739.98,395.54,
264.2,0.51,1.22,1749.76,409.52,
264.4,0.51,1.25,1769.31,405.09,
264.6,0.51,1.25,1769.31,405.09,
264.8,0.52,1.3,1739.98,400.24,
265,0.5,1.28,1730.21,397.15,
265.2,0.52,1.23,1739.98,410.98,
265.4,0.52,1.23,1759.53,410.98,
265.6,0.51,1.25,1739.98,405.09,
265.8,0.52,1.28,1759.53,404.43,
266,0.53,1.23,1739.98,414.63,
266.2,0.52,1.28,1759.53,404.43,
266.4,0.51,1.28,1749.76,400.81,
266.6,0.51,1.25,1759.53,405.09,
266.8,0.51,1.26,1749.76,402.93,
267,0.5,1.23,1749.76,403.57,
267.2,0.51,1.22,1739.98,409.52,
267.4,0.51,1.25,1739.98,405.09,
267.6,0.49,1.26,1749.76,395.54,
267.8,0.49,1.23,1749.76,399.82,
268,0.5,1.25,1739.98,401.39,
268.2,0.53,1.28,1759.53,408.03,
268.4,0.51,1.3,1759.53,396.65,
268.6,0.49,1.28,1749.76,393.45,
268.8,0.51,1.26,1749.76,402.93,
269,0.51,1.29,1749.76,398.71,
269.2,0.51,1.28,1749.76,400.81,
269.4,0.52,1.22,1749.76,413.23,
269.6,0.5,1.25,1749.76,401.39,
269.8,0.49,1.23,1749.76,399.82,
270,0.49,1.28,1720.43,393.45,
270.2,0.5,1.25,1749.76,401.39,
270.4,0.5,1.32,1769.31,391.02,
270.6,0.51,1.21,1739.98,411.79,
270.8,0.52,1.28,1749.76,404.43,
271,0.49,1.26,1730.21,395.54,
271.2,0.5,1.25,1749.76,401.39,
271.4,0.5,1.28,1749.76,397.15,
271.6,0.52,1.22,1739.98,413.23,
271.8,0.52,1.26,1749.76,406.58,
272,0.51,1.28,1749.76,400.81,
272.2,0.51,1.29,1739.98,398.71,
272.4,0.51,1.29,1749.76,398.71,
272.6,0.5,1.28,1739.98,397.15,
272.8,0.49,1.25,1720.43,397.66,
273,0.51,1.25,1749.76,405.09,
273.2,0.52,1.23,1759.53,410.98,
273.4,0.51,1.28,1739.98,400.81,
273.6,0.51,1.25,1759.53,405.09,
273.8,0.51,1.25,1759.53,405.09,
274,0.52,1.19,1759.53,417.84,
274.2,0.52,1.28,1739.98,404.43,
274.4,0.5,1.26,1739.98,399.25,
274.6,0.51,1.26,1759.53,402.93,
274.8,0.51,1.25,1749.76,405.09,
275,0.51,1.22,1739.98,409.52,
275.2,0.51,1.29,1739.98,398.71,
275.4,0.5,1.29,1749.76,395.07,
275.6,0.5,1.26,1739.98,399.25,
275.8,0.5,1.29,1739.98,395.07,
276,0.51,1.26,1739.98,402.93,
276.2,0.51,1.25,1749.76,405.09,
276.4,0.53,1.23,1759.53,414.63,
276.6,0.51,1.3,1759.53,396.65,
276.8,0.51,1.28,1749.76,400.81,
277,0.51,1.26,1759.53,402.93,
277.2,0.52,1.23,1749.76,410.98,
277.4,0.51,1.28,1749.76,400.81,
277.6,0.49,1.25,1769.31,397.66,
277.8,0.51,1.25,1749.76,405.09,
278,0.5,1.23,1769.31,403.57,
278.2,0.51,1.23,1759.53,407.29,
278.4,0.5,1.26,1749.76,399.25,
278.6,0.52,1.26,1759.53,406.58,
278.8,0.53,1.33,1749.76,399.7,
279,0.52,1.29,1749.76,402.32,
279.2,0.51,1.28,1759.53,400.81,
279.4,0.51,1.28,1720.43,400.81,
279.6,0.51,1.26,1730.21,402.93,
279.8,0.51,1.22,1739.98,409.52,
280,0.5,1.28,1739.98,397.15,
280.2,0.51,1.32,1749.76,394.62,
280.4,0.51,1.26,1759.53,402.93,
280.6,0.49,1.23,1739.98,399.82,
280.8,0.53,1.26,1739.98,410.19,
281,0.53,1.29,1749.76,405.9,
281.2,0.5,1.26,1759.53,399.25,
281.4,0.52,1.26,1769.31,406.58,
281.6,0.53,1.25,1749.76,412.39,
281.8,0.51,1.19,1749.76,414.1,
282,0.52,1.26,1749.76,406.58,
282.2,0.53,1.26,1749.76,410.19,
282.4,0.5,1.22,1749.76,405.78,
282.6,0.5,1.25,1739.98,401.39,
282.8,0.51,1.22,1749.76,409.52,
283,0.52,1.15,1769.31,425.07,
283.2,0.52,1.25,1759.53,408.76,
283.4,0.52,1.25,1739.98,408.76,
283.6,0.52,1.25,1749.76,408.76,
283.8,0.52,1.28,1749.76,404.43,
284,0.51,1.26,1730.21,402.93,
284.2,0.51,1.23,1749.76,407.29,
284.4,0.53,1.26,1749.76,410.19,
284.6,0.5,1.28,1749.76,397.15,
284.8,0.52,1.22,1769.31,413.23,
285,0.49,1.23,1749.76,399.82,
285.2,0.5,1.22,1749.76,405.78,
285.4,0.5,1.26,1739.98,399.25,
285.6,0.5,1.26,1720.43,399.25,
285.8,0.5,1.28,1749.76,397.15,
286,0.5,1.23,1759.53,403.57,
286.2,0.5,1.32,1759.53,391.02,
286.4,0.5,1.29,1749.76,395.07,
286.6,0.51,1.28,1749.76,400.81,
286.8,0.51,1.33,1759.53,392.63,
287,0.51,1.26,1739.98,402.93,
287.2,0.48,1.26,1749.76,391.79,
287.4,0.5,1.21,1759.53,408.03,
287.6,0.49,1.29,1749.76,391.4,
287.8,0.49,1.23,1749.76,399.82,
288,0.51,1.3,1749.76,396.65,
288.2,0.51,1.21,1749.76,411.79,
288.4,0.49,1.23,1739.98,399.82,
288.6,0.51,1.29,1739.98,398.71,
288.8,0.52,1.26,1749.76,406.58,
289,0.51,1.3,1749.76,396.65,
289.2,0.48,1.26,1739.98,391.79,
289.4,0.52,1.28,1749.76,404.43,
289.6,0.53,1.26,1759.53,410.19,
289.8,0.53,1.28,1749.76,408.03,
290,0.5,1.3,1749.76,393.03,
290.2,0.5,1.26,1730.21,399.25,
290.4,0.49,1.26,1739.98,395.54,
290.6,0.5,1.26,1739.98,399.25,
290.8,0.51,1.23,1739.98,407.29,
291,0.5,1.26,1739.98,399.25,
291.2,0.5,1.25,1779.08,401.39,
291.4,0.52,1.25,1749.76,408.76,
291.6,0.52,1.23,1749.76,410.98,
291.8,0.52,1.25,1749.76,408.76,
292,0.51,1.25,1759.53,405.09,
292.2,0.51,1.29,1749.76,398.71,
292.4,0.5,1.26,1749.76,399.25,
292.6,0.48,1.23,1759.53,396.03,
292.8,0.5,1.23,1769.31,403.57,
293,0.51,1.23,1769.31,407.29,
293.2,0.52,1.23,1739.98,410.98,
293.4,0.49,1.28,1739.98,393.45,
293.6,0.52,1.3,1739.98,400.24,
293.8,0.52,1.26,1759.53,406.58,
294,0.5,1.23,1739.98,403.57,
294.2,0.53,1.22,1749.76,416.9,
294.4,0.52,1.26,1749.76,406.58,
294.6,0.5,1.33,1749.76,389.04,
294.8,0.51,1.26,1749.76,402.93,
295,0.54,1.28,1749.76,411.59,
295.2,0.51,1.23,1759.53,407.29,
295.4,0.5,1.23,1730.21,403.57,
295.6,0.51,1.3,1739.98,396.65,
295.8,0.5,1.29,1710.65,395.07,
296,0.51,1.25,1769.31,405.09,
296.2,0.5,1.23,1739.98,403.57,
296.4,0.5,1.28,1749.76,397.15,
296.6,0.51,1.26,1749.76,402.93,
296.8,0.51,1.26,1749.76,402.93,
297,0.51,1.28,1739.98,400.81,
297.2,0.5,1.29,1759.53,395.07,
297.4,0.48,1.23,1749.76,396.03,
297.6,0.48,1.22,1759.53,398.2,
297.8,0.52,1.23,1779.08,410.98,
298,0.51,1.25,1730.21,405.09,
298.2,0.5,1.21,1749.76,408.03,
298.4,0.52,1.26,1749.76,406.58,
298.6,0.53,1.3,1749.76,403.8,
298.8,0.51,1.23,1759.53,407.29,
299,0.5,1.28,1749.76,397.15,
299.2,0.5,1.26,1720.43,399.25,
299.4,0.5,1.26,1739.98,399.25,
299.6,0.51,1.33,1739.98,392.63,
299.8,0.49,1.21,1759.53,404.23,
300,0.48,1.25,1739.98,393.89,
300.2,0.51,1.26,1769.31,402.93,
300.4,0.49,1.28,1749.76,393.45,
300.6,0.51,1.26,1739.98,402.93,
300.8,0.52,1.34,1749.76,394.19,
301,0.51,1.28,1730.21,400.81,
301.2,0.5,1.25,1749.76,401.39,
301.4,0.5,1.23,1759.53,403.57,
301.6,0.5,1.22,1759.53,405.78,
301.8,0.52,1.26,1730.21,406.58,
302,0.52,1.26,1739.98,406.58,
302.2,0.52,1.25,1769.31,408.76,
302.4,0.51,1.22,1759.53,409.52,
302.6,0.52,1.25,1759.53,408.76,
302.8,0.5,1.23,1759.53,403.57,
303,0.51,1.26,1759.53,402.93,
303.2,0.52,1.29,1749.76,402.32,
303.4,0.49,1.29,1739.98,391.4,
303.6,0.5,1.26,1749.76,399.25,
303.8,0.51,1.25,1769.31,405.09,
304,0.49,1.21,1749.76,404.23,
304.2,0.5,1.26,1720.43,399.25,
304.4,0.5,1.28,1759.53,397.15,
304.6,0.51,1.29,1739.98,398.71,
304.8,0.52,1.23,1759.53,410.98,
305,0.51,1.26,1759.53,402.93,
305.2,0.52,1.26,1749.76,406.58,
305.4,0.5,1.28,1759.53,397.15,
305.6,0.51,1.25,1769.31,405.09,
305.8,0.51,1.26,1739.98,402.93,
306,0.52,1.28,1759.53,404.43,
306.2,0.52,1.25,1739.98,408.76,
306.4,0.51,1.22,1759.53,409.52,
306.6,0.53,1.33,1749.76,399.7,
306.8,0.54,1.29,1739.98,409.44,
307,0.52,1.3,1749.76,400.24,
307.2,0.52,1.26,1749.76,406.58,
307.4,0.51,1.26,1739.98,402.93,
307.6,0.51,1.25,1739.98,405.09,
307.8,0.5,1.26,1749.76,399.25,
308,0.51,1.25,1749.76,405.09,
308.2,0.5,1.28,1749.76,397.15,
308.4,0.51,1.28,1779.08,400.81,
308.6,0.5,1.25,1759.53,401.39,
308.8,0.51,1.29,1739.98,398.71,
309,0.52,1.26,1739.98,406.58,
309.2,0.51,1.18,1739.98,416.44,
309.4,0.51,1.28,1730.21,400.81,
309.6,0.52,1.22,1759.53,413.23,
309.8,0.51,1.26,1769.31,402.93,
310,0.51,1.25,1749.76,405.09,
310.2,0.51,1.25,1788.86,405.09,
310.4,0.53,1.28,1759.53,408.03,
310.6,0.51,1.23,1779.08,407.29,
310.8,0.52,1.3,1749.76,400.24,
311,0.51,1.25,1749.76,405.09,
311.2,0.49,1.26,1739.98,395.54,
311.4,0.5,1.25,1730.21,401.39,
311.6,0.51,1.25,1720.43,405.09,
311.8,0.5,1.22,1739.98,405.78,
312,0.55,1.28,1739.98,415.13,
312.2,0.51,1.26,1759.53,402.93,
312.4,0.52,1.25,1749.76,408.76,
312.6,0.52,1.26,1779.08,406.58,
312.8,0.51,1.19,1759.53,414.1,
313,0.52,1.3,1749.76,400.24,
313.2,0.5,1.25,1749.76,401.39,
313.4,0.53,1.26,1739.98,410.19,
313.6,0.53,1.28,1739.98,408.03,
313.8,0.5,1.25,1749.76,401.39,
314,0.49,1.22,1749.76,402.01,
314.2,0.49,1.28,1739.98,393.45,
314.4,0.5,1.28,1720.43,397.15,
314.6,0.52,1.25,1739.98,408.76,
314.8,0.51,1.29,1769.31,398.71,
315,0.53,1.28,1769.31,408.03,
315.2,0.51,1.29,1739.98,398.71,
315.4,0.51,1.26,1759.53,402.93,
315.6,0.51,1.28,1759.53,400.81,
315.8,0.52,1.28,1749.76,404.43,
316,0.51,1.26,1779.08,402.93,
316.2,0.51,1.26,1739.98,402.93,
316.4,0.51,1.3,1759.53,396.65,
316.6,0.51,1.18,1739.98,416.44,
316.8,0.51,1.3,1749.76,396.65,
317,0.51,1.25,1749.76,405.09,
317.2,0.5,1.25,1739.98,401.39,
317.4,0.51,1.28,1769.31,400.81,
317.6,0.52,1.26,1759.53,406.58,
317.8,0.51,1.22,1749.76,409.52,
318,0.5,1.26,1749.76,399.25,
318.2,0.51,1.29,1749.76,398.71,
318.4,0.5,1.22,1739.98,405.78,
318.6,0.51,1.26,1759.53,402.93,
318.8,0.5,1.26,1739.98,399.25,
319,0.51,1.28,1739.98,400.81,
319.2,0.5,1.19,1739.98,410.32,
319.4,0.5,1.26,1759.53,399.25,
319.6,0.52,1.23,1739.98,410.98,
319.8,0.52,1.3,1759.53,400.24,
320,0.53,1.32,1739.98,401.74,
320.2,0.51,1.17,1759.53,418.83,
320.4,0.5,1.21,1759.53,408.03,
320.6,0.51,1.25,1749.76,405.09,
320.8,0.55,1.28,1749.76,415.13,
321,0.51,1.23,1769.31,407.29,
321.2,0.5,1.25,1759.53,401.39,
321.4,0.5,1.23,1739.98,403.57,
321.6,0.51,1.23,1759.53,407.29,
321.8,0.52,1.23,1730.21,410.98,
322,0.51,1.25,1730.21,405.09,
322.2,0.5,1.26,1759.53,399.25,
322.4,0.52,1.3,1749.76,400.24,
322.6,0.51,1.21,1749.76,411.79,
322.8,0.5,1.26,1730.21,399.25,
323,0.51,1.33,1759.53,392.63,
323.2,0.51,1.25,1769.31,405.09,
323.4,0.51,1.26,1730.21,402.93,
323.6,0.5,1.26,1739.98,399.25,
323.8,0.49,1.26,1739.98,395.54,
324,0.49,1.26,1739.98,395.54,
324.2,0.51,1.32,1739.98,394.62,
324.4,0.51,1.25,1749.76,405.09,
324.6,0.51,1.25,1759.53,405.09,
324.8,0.52,1.25,1759.53,408.76,
325,0.51,1.25,1730.21,405.09,
325.2,0.52,1.28,1759.53,404.43,
325.4,0.52,1.26,1739.98,406.58,
325.6,0.51,1.23,1749.76,407.29,
325.8,0.5,1.28,1749.76,397.15,
326,0.5,1.26,1749.76,399.25,
326.2,0.51,1.25,1769.31,405.09,
326.4,0.51,1.26,1749.76,402.93,
326.6,0.51,1.29,1759.53,398.71,
326.8,0.5,1.25,1739.98,401.39,
327,0.52,1.23,1759.53,410.98,
327.2,0.5,1.28,1759.53,397.15,
327.4,0.51,1.26,1749.76,402.93,
327.6,0.51,1.28,1749.76,400.81,
327.8,0.5,1.26,1769.31,399.25,
328,0.53,1.28,1749.76,408.03,
328.2,0.5,1.26,1739.98,399.25,
328.4,0.48,1.26,1739.98,391.79,
328.6,0.51,1.25,1730.21,405.09,
328.8,0.5,1.18,1739.98,412.64,
329,0.51,1.26,1730.21,402.93,
329.2,0.49,1.26,1749.76,395.54,
329.4,0.49,1.28,1759.53,393.45,
329.6,0.52,1.26,1739.98,406.58,
329.8,0.51,1.29,1739.98,398.71,
330,0.5,1.26,1730.21,399.25,
330.2,0.51,1.28,1739.98,400.81,
330.4,0.52,1.26,1759.53,406.58,
330.6,0.52,1.21,1749.76,415.52,
330.8,0.5,1.26,1739.98,399.25,
331,0.49,1.25,1739.98,397.66,
331.2,0.5,1.21,1749.76,408.03,
331.4,0.51,1.25,1730.21,405.09,
331.6,0.51,1.32,1749.76,394.62,
331.8,0.51,1.25,1759.53,405.09,
332,0.5,1.26,1730.21,399.25,
332.2,0.51,1.25,1759.53,405.09,
332.4,0.52,1.26,1730.21,406.58,
332.6,0.49,1.28,1730.21,393.45,
332.8,0.5,1.26,1749.76,399.25,
333,0.51,1.25,1759.53,405.09,
333.2,0.5,1.29,1749.76,395.07,
333.4,0.51,1.21,1749.76,411.79,
333.6,0.51,1.26,1759.53,402.93,
333.8,0.51,1.28,1730.21,400.81,
334,0.5,1.28,1749.76,397.15,
334.2,0.5,1.26,1739.98,399.25,
334.4,0.5,1.26,1749.76,399.25,
334.6,0.49,1.23,1720.43,399.82,
334.8,0.52,1.25,1730.21,408.76,
335,0.51,1.26,1749.76,402.93,
335.2,0.51,1.28,1749.76,400.81,
335.4,0.53,1.28,1739.98,408.03,
335.6,0.5,1.29,1720.43,395.07,
335.8,0.52,1.22,1759.53,413.23,
336,0.52,1.25,1759.53,408.76,
336.2,0.51,1.28,1749.76,400.81,
336.4,0.52,1.26,1749.76,406.58,
336.6,0.51,1.26,1759.53,402.93,
336.8,0.51,1.28,1730.21,400.81,
337,0.52,1.22,1749.76,413.23,
337.2,0.51,1.28,1759.53,400.81,
337.4,0.52,1.25,1749.76,408.76,
337.6,0.53,1.25,1739.98,412.39,
337.8,0.51,1.28,1749.76,400.81,
338,0.52,1.23,1739.98,410.98,
338.2,0.5,1.28,1739.98,397.15,
338.4,0.51,1.25,1739.98,405.09,
338.6,0.51,1.28,1749.76,400.81,
338.8,0.52,1.23,1739.98,410.98,
339,0.52,1.19,1749.76,417.84,
339.2,0.52,1.26,1749.76,406.58,
339.4,0.51,1.26,1759.53,402.93,
339.6,0.53,1.26,1749.76,410.19,
339.8,0.51,1.28,1749.76,400.81,
340,0.5,1.32,1759.53,391.02,
340.2,0.51,1.28,1739.98,400.81,
340.4,0.5,1.3,1749.76,393.03,
340.6,0.49,1.25,1769.31,397.66,
340.8,0.5,1.22,1749.76,405.78,
341,0.5,1.25,1749.76,401.39,
341.2,0.5,1.26,1749.76,399.25,
341.4,0.49,1.28,1720.43,393.45,
341.6,0.52,1.25,1749.76,408.76,
341.8,0.51,1.25,1769.31,405.09,
342,0.51,1.21,1749.76,411.79,
342.2,0.51,1.26,1779.08,402.93,
342.4,0.51,1.18,1749.76,416.44,
342.6,0.52,1.23,1730.21,410.98,
342.8,0.53,1.29,1749.76,405.9,
343,0.51,1.26,1749.76,402.93,
343.2,0.5,1.29,1739.98,395.07,
343.4,0.51,1.18,1759.53,416.44,
343.6,0.52,1.19,1749.76,417.84,
343.8,0.51,1.23,1749.76,407.29,
344,0.5,1.22,1749.76,405.78,
344.2,0.5,1.22,1749.76,405.78,
344.4,0.5,1.25,1769.31,401.39,
344.6,0.52,1.22,1759.53,413.23,
344.8,0.5,1.23,1749.76,403.57,
345,0.51,1.28,1749.76,400.81,
345.2,0.54,1.26,1749.76,413.78,
345.4,0.51,1.28,1759.53,400.81,
345.6,0.53,1.26,1749.76,410.19,
345.8,0.51,1.29,1749.76,398.71,
346,0.51,1.28,1730.21,400.81,
346.2,0.51,1.26,1739.98,402.93,
346.4,0.5,1.26,1730.21,399.25,
346.6,0.52,1.23,1739.98,410.98,
346.8,0.5,1.18,1739.98,412.64,
347,0.52,1.26,1759.53,406.58,
347.2,0.53,1.29,1739.98,405.9,
347.4,0.51,1.28,1739.98,400.81,
347.6,0.51,1.3,1759.53,396.65,
347.8,0.51,1.28,1759.53,400.81,
348,0.51,1.28,1749.76,400.81,
348.2,0.51,1.26,1779.08,402.93,
348.4,0.5,1.3,1749.76,393.03,
348.6,0.53,1.25,1769.31,412.39,
348.8,0.51,1.25,1739.98,405.09,
349,0.5,1.25,1749.76,401.39,
349.2,0.5,1.23,1759.53,403.57,
349.4,0.52,1.25,1769.31,408.76,
349.6,0.52,1.29,1749.76,402.32,
349.8,0.51,1.29,1759.53,398.71,
350,0.53,1.28,1759.53,408.03,
350.2,0.51,1.26,1739.98,402.93,
350.4,0.51,1.25,1759.53,405.09,
350.6,0.53,1.26,1749.76,410.19,
350.8,0.51,1.28,1759.53,400.81,
351,0.5,1.26,1739.98,399.25,
351.2,0.52,1.26,1749.76,406.58,
351.4,0.51,1.28,1730.21,400.81,
351.6,0.49,1.28,1739.98,393.45,
351.8,0.51,1.25,1749.76,405.09,
352,0.5,1.26,1720.43,399.25,
352.2,0.52,1.3,1749.76,400.24,
352.4,0.51,1.28,1749.76,400.81,
352.6,0.52,1.28,1759.53,404.43,
352.8,0.52,1.22,1739.98,413.23,
353,0.51,1.28,1749.76,400.81,
353.2,0.51,1.3,1749.76,396.65,
353.4,0.51,1.28,1739.98,400.81,
353.6,0.5,1.21,1749.76,408.03,
353.8,0.51,1.21,1749.76,411.79,
354,0.5,1.23,1759.53,403.57,
354.2,0.51,1.23,1749.76,407.29,
354.4,0.5,1.19,1749.76,410.32,
354.6,0.52,1.3,1749.76,400.24,
354.8,0.53,1.25,1749.76,412.39,
355,0.5,1.25,1720.43,401.39,
355.2,0.52,1.26,1739.98,406.58,
355.4,0.52,1.29,1759.53,402.32,
355.6,0.51,1.28,1759.53,400.81,
355.8,0.51,1.26,1749.76,402.93,
356,0.51,1.26,1749.76,402.93,
356.2,0.52,1.28,1749.76,404.43,
356.4,0.51,1.25,1749.76,405.09,
356.6,0.5,1.25,1759.53,401.39,
356.8,0.51,1.25,1720.43,405.09,
357,0.5,1.25,1720.43,401.39,
357.2,0.52,1.28,1749.76,404.43,
357.4,0.51,1.28,1739.98,400.81,
357.6,0.51,1.28,1759.53,400.81,
357.8,0.51,1.25,1759.53,405.09,
358,0.51,1.26,1749.76,402.93,
358.2,0.53,1.3,1749.76,403.8,
358.4,0.51,1.25,1788.86,405.09,
358.6,0.5,1.28,1730.21,397.15,
358.8,0.51,1.25,1769.31,405.09,
359,0.5,1.21,1749.76,408.03,
359.2,0.49,1.25,1720.43,397.66,
359.4,0.52,1.23,1749.76,410.98,
359.6,0.51,1.25,1759.53,405.09,
359.8,0.51,1.28,1739.98,400.81,
360,0.52,1.28,1739.98,404.43,
360.2,0.52,1.23,1749.76,410.98,
360.4,0.53,1.28,1759.53,408.03,
360.6,0.51,1.25,1769.31,405.09,
360.8,0.51,1.21,1739.98,411.79,
361,0.5,1.23,1749.76,403.57,
361.2,0.5,1.23,1730.21,403.57,
361.4,0.5,1.33,1739.98,389.04,
361.6,0.51,1.25,1749.76,405.09,
361.8,0.51,1.28,1739.98,400.81,
362,0.5,1.25,1739.98,401.39,
362.2,0.5,1.3,1730.21,393.03,
362.4,0.51,1.33,1739.98,392.63,
362.6,0.51,1.26,1759.53,402.93,
362.8,0.51,1.19,1759.53,414.1,
363,0.5,1.28,1739.98,397.15,
363.2,0.51,1.26,1739.98,402.93,
363.4,0.52,1.25,1759.53,408.76,
363.6,0.51,1.26,1749.76,402.93,
363.8,0.51,1.29,1730.21,398.71,
364,0.5,1.25,1759.53,401.39,
364.2,0.48,1.26,1749.76,391.79,
364.4,0.51,1.23,1749.76,407.29,
364.6,0.51,1.28,1739.98,400.81,
364.8,0.51,1.17,1749.76,418.83,
365,0.5,1.23,1720.43,403.57,
365.2,0.52,1.23,1759.53,410.98,
365.4,0.52,1.26,1749.76,406.58,
365.6,0.51,1.26,1749.76,402.93,
365.8,0.51,1.36,1749.76,388.72,
366,0.53,1.25,1749.76,412.39,
366.2,0.51,1.3,1739.98,396.65,
366.4,0.52,1.33,1749.76,396.18,
366.6,0.5,1.25,1759.53,401.39,
366.8,0.5,1.26,1739.98,399.25,
367,0.51,1.25,1739.98,405.09,
367.2,0.5,1.26,1730.21,399.25,
367.4,0.5,1.22,1759.53,405.78,
367.6,0.5,1.25,1739.98,401.39,
367.8,0.5,1.26,1759.53,399.25,
368,0.51,1.34,1739.98,390.66,
368.2,0.52,1.26,1739.98,406.58,
368.4,0.5,1.29,1739.98,395.07,
368.6,0.52,1.26,1739.98,406.58,
368.8,0.51,1.25,1749.76,405.09,
369,0.52,1.28,1749.76,404.43,
369.2,0.5,1.25,1749.76,401.39,
369.4,0.5,1.25,1769.31,401.39,
369.6,0.51,1.26,1749.76,402.93,
369.8,0.5,1.26,1730.21,399.25,
370,0.51,1.25,1739.98,405.09,
370.2,0.5,1.26,1739.98,399.25,
370.4,0.51,1.28,1749.76,400.81,
370.6,0.51,1.21,1739.98,411.79,
370.8,0.5,1.26,1749.76,399.25,
371,0.53,1.29,1739.98,405.9,
371.2,0.51,1.26,1759.53,402.93,
371.4,0.49,1.26,1730.21,395.54,
371.6,0.5,1.29,1749.76,395.07,
371.8,0.5,1.25,1749.76,401.39,
372,0.5,1.22,1739.98,405.78,
372.2,0.5,1.25,1759.53,401.39,
372.4,0.49,1.26,1730.21,395.54,
372.6,0.5,1.29,1749.76,395.07,
372.8,0.51,1.22,1749.76,409.52,
373,0.52,1.26,1739.98,406.58,
373.2,0.51,1.28,1739.98,400.81,
373.4,0.53,1.26,1759.53,410.19,
373.6,0.51,1.25,1739.98,405.09,
373.8,0.5,1.23,1759.53,403.57,
374,0.49,1.29,1749.76,391.4,
374.2,0.49,1.23,1739.98,399.82,
374.4,0.5,1.29,1759.53,395.07,
374.6,0.5,1.26,1759.53,399.25,
374.8,0.51,1.26,1739.98,402.93,
375,0.52,1.25,1739.98,408.76,
375.2,0.5,1.28,1749.76,397.15,
375.4,0.52,1.28,1779.08,404.43,
375.6,0.52,1.26,1739.98,406.58,
375.8,0.51,1.25,1759.53,405.09,
376,0.5,1.28,1779.08,397.15,
376.2,0.5,1.26,1749.76,399.25,
376.4,0.49,1.28,1739.98,393.45,
376.6,0.5,1.25,1769.31,401.39,
376.8,0.48,1.32,1739.98,383.71,
377,0.5,1.26,1739.98,399.25,
377.2,0.51,1.26,1739.98,402.93,
377.4,0.51,1.25,1759.53,405.09,
377.6,0.52,1.3,1759.53,400.24,
377.8,0.51,1.25,1769.31,405.09,
378,0.51,1.26,1769.31,402.93,
378.2,0.51,1.25,1788.86,405.09,
378.4,0.53,1.26,1730.21,410.19,
378.6,0.51,1.3,1749.76,396.65,
378.8,0.5,1.23,1749.76,403.57,
379,0.5,1.17,1759.53,415,
379.2,0.51,1.23,1749.76,407.29,
379.4,0.51,1.26,1749.76,402.93,
379.6,0.53,1.26,1749.76,410.19,
379.8,0.51,1.22,1739.98,409.52,
380,0.51,1.23,1749.76,407.29,
380.2,0.53,1.26,1759.53,410.19,
380.4,0.51,1.26,1759.53,402.93,
380.6,0.5,1.26,1759.53,399.25,
380.8,0.51,1.3,1739.98,396.65,
381,0.5,1.26,1749.76,399.25,
381.2,0.5,1.28,1739.98,397.15,
381.4,0.51,1.29,1749.76,398.71,
381.6,0.51,1.26,1759.53,402.93,
381.8,0.52,1.23,1730.21,410.98,
382,0.5,1.25,1739.98,401.39,
382.2,0.52,1.26,1759.53,406.58,
382.4,0.5,1.26,1749.76,399.25,
382.6,0.5,1.26,1749.76,399.25,
382.8,0.51,1.29,1749.76,398.71,
383,0.53,1.23,1759.53,414.63,
383.2,0.51,1.28,1739.98,400.81,
383.4,0.53,1.25,1749.76,412.39,
383.6,0.5,1.25,1739.98,401.39,
383.8,0.51,1.25,1749.76,405.09,
384,0.49,1.26,1749.76,395.54,
384.2,0.51,1.32,1749.76,394.62,
384.4,0.52,1.22,1749.76,413.23,
384.6,0.51,1.22,1730.21,409.52,
384.8,0.52,1.22,1739.98,413.23,
385,0.5,1.25,1730.21,401.39,
385.2,0.51,1.22,1749.76,409.52,
385.4,0.53,1.26,1759.53,410.19,
385.6,0.52,1.28,1759.53,404.43,
385.8,0.5,1.3,1749.76,393.03,
386,0.5,1.28,1759.53,397.15,
386.2,0.5,1.25,1749.76,401.39,
386.4,0.5,1.19,1749.76,410.32,
386.6,0.52,1.23,1739.98,410.98,
386.8,0.52,1.28,1749.76,404.43,
387,0.5,1.26,1730.21,399.25,
387.2,0.48,1.21,1749.76,400.4,
387.4,0.51,1.18,1759.53,416.44,
387.6,0.5,1.26,1759.53,399.25,
387.8,0.5,1.29,1749.76,395.07,
388,0.51,1.34,1739.98,390.66,
388.2,0.52,1.26,1749.76,406.58,
388.4,0.52,1.22,1749.76,413.23,
388.6,0.5,1.28,1739.98,397.15,
388.8,0.51,1.21,1759.53,411.79,
389,0.5,1.26,1739.98,399.25,
389.2,0.5,1.25,1759.53,401.39,
389.4,0.51,1.26,1749.76,402.93,
389.6,0.52,1.29,1739.98,402.32,
389.8,0.52,1.26,1749.76,406.58,
390,0.52,1.21,1769.31,415.52,
390.2,0.51,1.25,1749.76,405.09,
390.4,0.51,1.26,1749.76,402.93,
390.6,0.51,1.23,1739.98,407.29,
390.8,0.51,1.26,1749.76,402.93,
391,0.51,1.26,1749.76,402.93,
391.2,0.48,1.28,1749.76,389.72,
391.4,0.5,1.3,1749.76,393.03,
391.6,0.5,1.26,1720.43,399.25,
391.8,0.52,1.25,1749.76,408.76,
392,0.5,1.26,1720.43,399.25,
392.2,0.5,1.26,1769.31,399.25,
392.4,0.53,1.21,1739.98,419.21,
392.6,0.51,1.26,1759.53,402.93,
392.8,0.54,1.25,1739.98,416,
393,0.51,1.26,1759.53,402.93,
393.2,0.51,1.3,1749.76,396.65,
393.4,0.52,1.3,1749.76,400.24,
393.6,0.51,1.3,1759.53,396.65,
393.8,0.51,1.25,1739.98,405.09,
394,0.51,1.28,1759.53,400.81,
394.2,0.49,1.28,1759.53,393.45,
394.4,0.51,1.26,1749.76,402.93,
394.6,0.51,1.18,1749.76,416.44,
394.8,0.5,1.25,1720.43,401.39,
395,0.51,1.26,1749.76,402.93,
395.2,0.51,1.23,1769.31,407.29,
395.4,0.52,1.26,1759.53,406.58,
395.6,0.51,1.26,1749.76,402.93,
395.8,0.52,1.25,1759.53,408.76,
396,0.53,1.21,1759.53,419.21,
396.2,0.51,1.22,1749.76,409.52,
396.4,0.5,1.28,1730.21,397.15,
396.6,0.5,1.28,1739.98,397.15,
396.8,0.5,1.3,1730.21,393.03,
397,0.5,1.21,1749.76,408.03,
397.2,0.48,1.23,1749.76,396.03,
397.4,0.5,1.3,1739.98,393.03,
397.6,0.52,1.26,1749.76,406.58,
397.8,0.53,1.28,1739.98,408.03,
398,0.5,1.28,1759.53,397.15,
398.2,0.51,1.29,1759.53,398.71,
398.4,0.52,1.26,1749.76,406.58,
398.6,0.51,1.26,1749.76,402.93,
398.8,0.51,1.28,1739.98,400.81,
399,0.5,1.29,1730.21,395.07,
399.2,0.5,1.17,1739.98,415,
399.4,0.52,1.25,1739.98,408.76,
399.6,0.5,1.23,1739.98,403.57,
399.8,0.52,1.23,1749.76,410.98,
400,0.52,1.26,1739.98,406.58,
400.2,0.53,1.32,1759.53,401.74,
400.4,0.51,1.23,1759.53,407.29,
400.6,0.51,1.28,1739.98,400.81,
400.8,0.5,1.28,1739.98,397.15,
401,0.51,1.26,1769.31,402.93,
401.2,0.51,1.23,1759.53,407.29,
401.4,0.51,1.22,1769.31,409.52,
401.6,0.52,1.25,1730.21,408.76,
401.8,0.49,1.29,1739.98,391.4,
402,0.5,1.26,1759.53,399.25,
402.2,0.51,1.26,1730.21,402.93,
402.4,0.51,1.26,1769.31,402.93,
402.6,0.49,1.23,1759.53,399.82,
402.8,0.51,1.26,1739.98,402.93,
403,0.5,1.23,1749.76,403.57,
403.2,0.51,1.28,1749.76,400.81,
403.4,0.53,1.26,1749.76,410.19,
403.6,0.51,1.25,1769.31,405.09,
403.8,0.5,1.26,1749.76,399.25,
404,0.5,1.25,1749.76,401.39,
404.2,0.51,1.23,1730.21,407.29,
404.4,0.5,1.26,1739.98,399.25,
404.6,0.52,1.25,1759.53,408.76,
404.8,0.52,1.26,1769.31,406.58,
405,0.51,1.26,1749.76,402.93,
405.2,0.5,1.25,1749.76,401.39,
405.4,0.5,1.26,1730.21,399.25,
405.6,0.51,1.25,1749.76,405.09,
405.8,0.5,1.26,1730.21,399.25,
406,0.5,1.25,1769.31,401.39,
406.2,0.5,1.26,1739.98,399.25,
406.4,0.5,1.26,1739.98,399.25,
406.6,0.53,1.25,1739.98,412.39,
406.8,0.5,1.25,1739.98,401.39,
407,0.51,1.26,1739.98,402.93,
407.2,0.52,1.23,1759.53,410.98,
407.4,0.52,1.23,1749.76,410.98,
407.6,0.51,1.26,1739.98,402.93,
407.8,0.5,1.22,1759.53,405.78,
408,0.5,1.21,1749.76,408.03,
408.2,0.52,1.25,1759.53,408.76,
408.4,0.5,1.25,1759.53,401.39,
408.6,0.51,1.21,1749.76,411.79,
408.8,0.5,1.26,1749.76,399.25,
409,0.49,1.23,1730.21,399.82,
409.2,0.51,1.18,1739.98,416.44,
409.4,0.52,1.26,1749.76,406.58,
409.6,0.52,1.25,1749.76,408.76,
409.8,0.52,1.26,1749.76,406.58,
410,0.5,1.29,1759.53,395.07,
410.2,0.5,1.25,1749.76,401.39,
410.4,0.5,1.28,1739.98,397.15,
410.6,0.5,1.25,1739.98,401.39,
410.8,0.5,1.26,1759.53,399.25,
411,0.49,1.28,1720.43,393.45,
411.2,0.51,1.23,1739.98,407.29,
411.4,0.51,1.26,1759.53,402.93,
411.6,0.49,1.25,1739.98,397.66,
411.8,0.51,1.26,1739.98,402.93,
412,0.51,1.26,1749.76,402.93,
412.2,0.52,1.26,1759.53,406.58,
412.4,0.51,1.28,1739.98,400.81,
412.6,0.51,1.3,1749.76,396.65,
412.8,0.51,1.23,1769.31,407.29,
413,0.51,1.25,1739.98,405.09,
413.2,0.52,1.22,1749.76,413.23,
413.4,0.51,1.22,1749.76,409.52,
413.6,0.48,1.23,1749.76,396.03,
413.8,0.52,1.23,1779.08,410.98,
414,0.51,1.23,1759.53,407.29,
414.2,0.51,1.26,1749.76,402.93,
414.4,0.51,1.25,1749.76,405.09,
414.6,0.52,1.26,1739.98,406.58,
414.8,0.51,1.26,1759.53,402.93,
415,0.51,1.3,1739.98,396.65,
415.2,0.51,1.28,1720.43,400.81,
415.4,0.51,1.26,1749.76,402.93,
415.6,0.5,1.26,1749.76,399.25,
415.8,0.49,1.36,1739.98,381.59,
416,0.5,1.36,1739.98,385.17,
416.2,0.48,1.25,1739.98,393.89,
416.4,0.54,1.29,1739.98,409.44,
416.6,0.51,1.28,1720.43,400.81,
416.8,0.52,1.28,1749.76,404.43,
417,0.51,1.26,1749.76,402.93,
417.2,0.53,1.26,1759.53,410.19,
417.4,0.51,1.28,1749.76,400.81,
417.6,0.52,1.26,1749.76,406.58,
417.8,0.51,1.25,1739.98,405.09,
418,0.54,1.25,1739.98,416,
418.2,0.5,1.25,1730.21,401.39,
418.4,0.52,1.23,1749.76,410.98,
418.6,0.51,1.29,1749.76,398.71,
418.8,0.52,1.26,1759.53,406.58,
419,0.51,1.26,1739.98,402.93,
419.2,0.52,1.29,1739.98,402.32,
419.4,0.51,1.25,1769.31,405.09,
419.6,0.5,1.25,1739.98,401.39,
419.8,0.51,1.26,1739.98,402.93,
420,0.53,1.29,1739.98,405.9,
420.2,0.5,1.23,1749.76,403.57,
420.4,0.48,1.26,1739.98,391.79,
420.6,0.51,1.25,1739.98,405.09,
420.8,0.5,1.23,1749.76,403.57,
421,0.52,1.26,1730.21,406.58,
421.2,0.52,1.19,1749.76,417.84,
421.4,0.53,1.28,1749.76,408.03,
421.6,0.5,1.25,1759.53,401.39,
421.8,0.52,1.3,1749.76,400.24,
422,0.52,1.25,1769.31,408.76,
422.2,0.5,1.23,1749.76,403.57,
422.4,0.51,1.3,1749.76,396.65,
422.6,0.5,1.26,1759.53,399.25,
422.8,0.52,1.25,1739.98,408.76,
423,0.49,1.25,1720.43,397.66,
423.2,0.51,1.26,1730.21,402.93,
423.4,0.52,1.22,1759.53,413.23,
423.6,0.51,1.25,1759.53,405.09,
423.8,0.51,1.28,1749.76,400.81,
424,0.5,1.28,1749.76,397.15,
424.2,0.51,1.28,1739.98,400.81,
424.4,0.5,1.19,1759.53,410.32,
424.6,0.48,1.26,1749.76,391.79,
424.8,0.51,1.26,1749.76,402.93,
425,0.52,1.25,1759.53,408.76,
425.2,0.5,1.25,1749.76,401.39,
425.4,0.5,1.22,1759.53,405.78,
425.6,0.5,1.26,1759.53,399.25,
425.8,0.52,1.23,1739.98,410.98,
426,0.5,1.3,1739.98,393.03,
426.2,0.51,1.25,1730.21,405.09,
426.4,0.49,1.28,1749.76,393.45,
426.6,0.51,1.28,1739.98,400.81,
426.8,0.53,1.26,1749.76,410.19,
427,0.52,1.36,1749.76,392.24,
427.2,0.51,1.28,1749.76,400.81,
427.4,0.51,1.26,1739.98,402.93,
427.6,0.5,1.25,1759.53,401.39,
427.8,0.5,1.25,1759.53,401.39,
428,0.5,1.25,1759.53,401.39,
428.2,0.5,1.26,1749.76,399.25,
