# material: PA,,,,
# geometry: cyl,,,,
# preform_diameter: 20.0,,,,
# material_color: Gray,,,,
# temperature_C: 200.0,,,,
# drawdown_ratio: 50.0,,,,
# trial_number: 001,,,,
# operator: Luka Morita,,,,
# start_time: 2025-06-18 12:39:44,,,,
# notes: none,,,,
Time(s),Feed(mm/min),Wind(m/min),Diameter(um),Predicted_diameter(um)
1.22,4.06,10.07,283.48,401.63
1.42,4.06,10.08,273.7,401.36
1.62,4.06,10.07,283.48,401.63
1.82,4.06,10.07,293.26,401.63
2.02,4.06,10.07,273.7,401.63
2.22,4.06,10.08,303.03,401.36
2.42,4.05,10.08,293.26,400.9
2.62,4.06,10.08,322.58,401.36
2.82,4.06,10.08,303.03,401.36
3.02,4.06,10.07,303.03,401.63
3.22,4.05,10.08,312.81,400.9
3.42,4.06,10.08,293.26,401.36
3.62,4.06,10.08,273.7,401.36
3.82,4.05,10.07,263.93,401.17
4.02,4.06,10.07,254.15,401.63
4.22,4.06,10.08,234.6,401.36
4.42,4.06,10.07,254.15,401.63
4.62,4.06,10.08,263.93,401.36
4.82,4.06,10.08,263.93,401.36
5.02,4.05,10.07,283.48,401.17
5.22,4.06,10.09,283.48,401.1
5.42,4.04,10.08,273.7,400.44
5.62,4.06,10.07,283.48,401.63
5.82,4.06,10.08,283.48,401.36
6.02,4.06,10.08,283.48,401.36
6.22,4.05,10.08,283.48,400.9
6.42,4.06,10.07,244.38,401.63
6.62,4.05,10.08,273.7,400.9
6.82,4.06,10.08,263.93,401.36
7.02,4.06,10.08,254.15,401.36
7.22,4.06,10.07,283.48,401.63
7.42,4.05,10.05,273.7,401.44
7.62,4.06,10.08,273.7,401.36
7.82,4.06,10.07,273.7,401.63
8.02,4.06,10.08,273.7,401.36
8.22,4.06,10.07,283.48,401.63
8.42,4.05,10.08,273.7,400.9
8.62,4.05,10.07,293.26,401.17
8.82,4.06,10.09,283.48,401.1
9.02,4.05,10.08,293.26,400.9
9.22,4.06,10.07,303.03,401.63
9.42,4.06,10.07,293.26,401.63
9.62,4.06,10.07,303.03,401.63
9.82,4.06,10.08,303.03,401.36
10.02,4.06,10.07,303.03,401.63
10.22,4.06,10.07,293.26,401.63
10.42,4.06,10.07,312.81,401.63
10.62,4.05,10.08,303.03,400.9
10.82,4.05,10.08,293.26,400.9
11.02,4.06,10.07,293.26,401.63
11.22,4.06,10.08,273.7,401.36
11.42,4.06,10.07,283.48,401.63
11.62,4.06,10.08,283.48,401.36
11.82,4.05,10.07,263.93,401.17
12.02,4.06,10.09,283.48,401.1
12.22,4.05,10.07,263.93,401.17
12.42,4.06,10.07,273.7,401.63
12.62,4.05,10.08,263.93,400.9
12.82,4.06,10.07,263.93,401.63
13.02,4.06,10.08,254.15,401.36
13.22,4.06,10.07,283.48,401.63
13.42,4.06,10.08,254.15,401.36
13.62,4.06,10.08,283.48,401.36
13.82,4.06,10.07,244.38,401.63
14.02,4.06,10.07,293.26,401.63
14.22,4.06,10.07,303.03,401.63
14.42,4.06,10.08,312.81,401.36
14.62,4.05,10.07,303.03,401.17
14.82,4.06,10.07,303.03,401.63
15.02,4.05,10.08,254.15,400.9
15.22,4.05,10.07,273.7,401.17
15.42,4.06,10.08,283.48,401.36
15.62,4.06,10.07,283.48,401.63
15.82,4.05,10.07,283.48,401.17
16.02,4.06,10.08,263.93,401.36
16.22,4.06,10.08,273.7,401.36
16.42,4.06,10.07,273.7,401.63
16.62,4.06,10.07,244.38,401.63
16.82,4.05,10.09,263.93,400.64
17.02,4.06,10.08,244.38,401.36
17.22,4.06,10.08,244.38,401.36
17.42,4.06,10.08,273.7,401.36
17.62,4.06,10.07,303.03,401.63
17.82,4.06,10.08,273.7,401.36
18.02,4.06,10.07,273.7,401.63
18.22,4.06,10.08,303.03,401.36
18.42,4.06,10.08,303.03,401.36
18.62,4.06,10.08,293.26,401.36
18.82,4.05,10.09,303.03,400.64
19.02,4.06,10.08,312.81,401.36
19.22,4.05,10.08,293.26,400.9
19.42,4.06,10.07,303.03,401.63
19.62,4.06,10.08,293.26,401.36
19.82,4.04,10.07,273.7,400.71
20.02,4.06,10.08,293.26,401.36
20.22,4.06,10.07,293.26,401.63
20.42,4.06,10.08,273.7,401.36
20.62,4.05,10.07,283.48,401.17
20.82,4.06,10.05,273.7,401.9
21.02,4.06,10.08,283.48,401.36
21.22,4.06,10.05,293.26,401.9
21.42,4.06,10.07,273.7,401.63
21.62,4.06,10.07,293.26,401.63
21.82,4.06,10.08,293.26,401.36
22.02,4.05,10.07,273.7,401.17
22.22,4.06,10.07,303.03,401.63
22.42,4.06,10.07,283.48,401.63
22.62,4.06,10.07,283.48,401.63
22.82,4.06,10.08,254.15,401.36
23.02,4.06,10.07,273.7,401.63
23.22,4.06,10.08,283.48,401.36
23.42,4.06,10.08,273.7,401.36
23.62,4.06,10.08,283.48,401.36
23.82,4.06,10.08,273.7,401.36
24.02,4.06,10.07,293.26,401.63
24.22,4.05,10.07,293.26,401.17
24.42,4.06,10.07,312.81,401.63
24.62,4.06,10.07,303.03,401.63
24.82,4.06,10.07,293.26,401.63
25.02,4.06,10.07,273.7,401.63
25.22,4.05,10.08,283.48,400.9
25.42,4.06,10.08,303.03,401.36
25.62,4.06,10.08,273.7,401.36
25.82,4.06,10.07,303.03,401.63
26.02,4.06,10.07,293.26,401.63
26.22,4.06,10.08,312.81,401.36
26.42,4.06,10.07,293.26,401.63
26.62,4.06,10.07,283.48,401.63
26.82,4.06,10.08,283.48,401.36
27.02,4.06,10.07,254.15,401.63
27.22,4.05,10.07,263.93,401.17
27.42,4.06,10.08,254.15,401.36
27.62,4.05,10.08,263.93,400.9
27.82,4.06,10.07,273.7,401.63
28.02,4.06,10.08,254.15,401.36
28.22,4.06,10.08,273.7,401.36
28.42,4.06,10.08,254.15,401.36
28.62,4.06,10.08,273.7,401.36
28.82,4.06,10.07,254.15,401.63
29.02,4.06,10.08,263.93,401.36
29.22,4.06,10.07,254.15,401.63
29.42,4.06,10.08,273.7,401.36
29.62,4.06,10.04,273.7,402.17
29.82,4.06,10.07,263.93,401.63
30.02,4.05,10.08,263.93,400.9
30.22,4.06,10.08,293.26,401.36
30.42,4.05,10.08,283.48,400.9
30.62,4.06,10.08,303.03,401.36
30.82,4.05,10.07,312.81,401.17
31.02,4.06,10.07,303.03,401.63
31.22,4.05,10.08,312.81,400.9
31.42,4.06,10.08,342.13,401.36
31.62,4.06,10.08,351.91,401.36
31.82,4.06,10.07,351.91,401.63
32.02,4.05,10.07,332.36,401.17
32.22,4.05,10.08,303.03,400.9
32.42,4.06,10.07,303.03,401.63
32.62,4.06,10.07,283.48,401.63
32.82,4.06,10.07,293.26,401.63
33.02,4.05,10.08,254.15,400.9
33.22,4.06,10.04,273.7,402.17
33.42,4.06,10.07,244.38,401.63
33.62,4.05,10.07,244.38,401.17
33.82,4.06,10.07,244.38,401.63
34.02,4.06,10.08,234.6,401.36
34.22,4.06,10.07,263.93,401.63
34.42,4.05,10.07,254.15,401.17
34.62,4.06,10.08,254.15,401.36
34.82,4.06,10.08,273.7,401.36
35.02,4.06,10.08,273.7,401.36
35.22,4.06,10.08,273.7,401.36
35.42,4.05,10.08,273.7,400.9
35.62,4.06,10.07,283.48,401.63
35.82,4.06,10.08,293.26,401.36
36.02,4.06,10.07,303.03,401.63
36.22,4.06,10.07,293.26,401.63
36.42,4.06,10.07,312.81,401.63
36.62,4.06,10.07,303.03,401.63
36.82,4.06,10.08,293.26,401.36
37.02,4.06,10.08,303.03,401.36
37.22,4.05,10.08,283.48,400.9
37.42,4.06,10.08,283.48,401.36
37.62,4.06,10.08,254.15,401.36
37.82,4.06,10.07,283.48,401.63
38.02,4.06,10.07,273.7,401.63
38.22,4.06,10.08,254.15,401.36
38.42,4.06,10.08,263.93,401.36
38.62,4.06,10.08,244.38,401.36
38.82,4.06,10.07,263.93,401.63
39.02,4.06,10.07,234.6,401.63
39.22,4.06,10.07,273.7,401.63
39.42,4.06,10.08,263.93,401.36
39.62,4.05,10.08,263.93,400.9
39.82,4.06,10.07,273.7,401.63
40.02,4.06,10.08,273.7,401.36
40.22,4.06,10.07,273.7,401.63
40.42,4.06,10.08,263.93,401.36
40.62,4.06,10.07,283.48,401.63
40.82,4.06,10.07,273.7,401.63
41.02,4.05,10.07,293.26,401.17
41.22,4.06,10.07,303.03,401.63
41.42,4.05,10.08,322.58,400.9
41.62,4.06,10.07,322.58,401.63
41.82,4.05,10.07,312.81,401.17
42.02,4.06,10.07,293.26,401.63
42.22,4.06,10.07,293.26,401.63
42.42,4.05,10.08,293.26,400.9
42.62,4.06,10.08,283.48,401.36
42.82,4.05,10.07,273.7,401.17
43.02,4.06,10.07,273.7,401.63
43.22,4.06,10.08,254.15,401.36
43.42,4.05,10.07,263.93,401.17
43.62,4.06,10.08,263.93,401.36
43.82,4.05,10.05,234.6,401.44
44.02,4.06,10.08,254.15,401.36
44.22,4.06,10.08,234.6,401.36
44.42,4.06,10.07,263.93,401.63
44.62,4.05,10.07,273.7,401.17
44.82,4.06,10.07,254.15,401.63
45.02,4.06,10.08,273.7,401.36
45.22,4.06,10.07,283.48,401.63
45.42,4.06,10.08,283.48,401.36
45.62,4.05,10.08,293.26,400.9
45.82,4.06,10.07,312.81,401.63
46.02,4.06,10.07,312.81,401.63
46.22,4.06,10.07,332.36,401.63
46.42,4.06,10.07,322.58,401.63
46.62,4.06,10.07,322.58,401.63
46.82,4.06,10.08,303.03,401.36
47.02,4.06,10.08,263.93,401.36
47.22,4.06,10.07,283.48,401.63
47.42,4.06,10.08,263.93,401.36
47.62,4.06,10.08,263.93,401.36
47.82,4.06,10.08,263.93,401.36
48.02,4.05,10.08,244.38,400.9
48.22,4.06,10.07,263.93,401.63
48.42,4.05,10.07,254.15,401.17
48.62,4.06,10.07,263.93,401.63
48.82,4.06,10.08,263.93,401.36
49.02,4.06,10.07,283.48,401.63
49.22,4.06,10.07,273.7,401.63
49.42,4.05,10.07,283.48,401.17
49.62,4.06,10.07,303.03,401.63
49.82,4.06,10.08,293.26,401.36
50.02,4.06,10.07,303.03,401.63
50.22,4.06,10.07,303.03,401.63
50.42,4.06,10.08,303.03,401.36
50.62,4.06,10.07,303.03,401.63
50.82,4.06,10.07,283.48,401.63
51.02,4.06,10.08,273.7,401.36
51.22,4.06,10.07,293.26,401.63
51.42,4.06,10.07,303.03,401.63
51.62,4.06,10.08,283.48,401.36
51.82,4.06,10.07,283.48,401.63
52.02,4.06,10.07,263.93,401.63
52.22,4.06,10.07,273.7,401.63
52.42,4.06,10.07,273.7,401.63
52.62,4.06,10.08,283.48,401.36
52.82,4.06,10.07,283.48,401.63
53.02,4.05,10.07,273.7,401.17
53.22,4.06,10.07,0,401.63
53.42,4.06,10.07,273.7,401.63
53.62,4.06,10.08,273.7,401.36
53.82,4.06,10.07,273.7,401.63
54.02,4.06,10.08,254.15,401.36
54.22,4.06,10.08,283.48,401.36
54.42,4.06,10.08,273.7,401.36
54.62,4.05,10.07,273.7,401.17
54.82,4.06,10.07,283.48,401.63
55.02,4.06,10.07,273.7,401.63
55.22,4.06,10.07,303.03,401.63
55.42,4.05,10.07,312.81,401.17
55.62,4.06,10.07,293.26,401.63
55.82,4.05,10.07,293.26,401.17
56.02,4.06,10.07,293.26,401.63
56.22,4.06,10.08,293.26,401.36
56.42,4.05,10.08,312.81,400.9
56.62,4.06,10.07,322.58,401.63
56.82,4.05,10.08,303.03,400.9
57.02,4.06,10.07,273.7,401.63
57.22,4.05,10.07,293.26,401.17
57.42,4.06,10.07,263.93,401.63
57.62,4.06,10.07,254.15,401.63
57.82,4.06,10.07,263.93,401.63
58.02,4.06,10.08,263.93,401.36
58.22,4.05,10.08,263.93,400.9
58.42,4.06,10.07,273.7,401.63
58.62,4.06,10.08,254.15,401.36
58.82,4.06,10.07,254.15,401.63
59.02,4.05,10.08,263.93,400.9
59.22,4.05,10.07,263.93,401.17
59.42,4.06,10.05,283.48,401.9
59.62,4.06,10.07,263.93,401.63
59.82,4.06,10.07,283.48,401.63
60.02,4.06,10.08,273.7,401.36
60.22,4.06,10.07,273.7,401.63
60.42,4.06,10.07,283.48,401.63
60.62,4.06,10.07,283.48,401.63
60.82,4.06,10.09,293.26,401.1
61.02,4.06,10.08,273.7,401.36
61.22,4.06,10.08,293.26,401.36
61.42,4.06,10.07,293.26,401.63
61.62,4.06,10.07,303.03,401.63
61.82,4.05,10.08,312.81,400.9
62.02,4.06,10.08,322.58,401.36
62.22,4.06,10.08,293.26,401.36
62.42,4.05,10.07,273.7,401.17
62.62,4.05,10.07,263.93,401.17
62.82,4.06,10.07,273.7,401.63
63.02,4.06,10.08,283.48,401.36
63.22,4.06,10.07,263.93,401.63
63.42,4.06,10.08,283.48,401.36
63.62,4.06,10.08,254.15,401.36
63.82,4.06,10.07,254.15,401.63
64.02,4.06,10.08,254.15,401.36
64.22,4.05,10.08,244.38,400.9
64.42,4.06,10.07,283.48,401.63
64.62,4.06,10.07,420.33,401.63
64.82,4.05,10.07,303.03,401.17
65.02,4.05,10.07,303.03,401.17
65.22,4.05,10.07,312.81,401.17
65.42,4.06,10.08,293.26,401.36
65.62,4.06,10.08,263.93,401.36
65.82,4.06,10.08,303.03,401.36
66.02,4.06,10.08,263.93,401.36
66.22,4.05,10.07,273.7,401.17
66.42,4.06,10.08,273.7,401.36
66.62,4.06,10.07,293.26,401.63
66.82,4.06,10.07,283.48,401.63
67.02,4.06,10.07,283.48,401.63
67.22,4.06,10.07,283.48,401.63
67.42,4.06,10.08,263.93,401.36
67.62,4.06,10.07,283.48,401.63
67.82,4.06,10.07,263.93,401.63
68.02,4.06,10.07,293.26,401.63
68.22,4.05,10.08,283.48,400.9
68.42,4.06,10.08,273.7,401.36
68.62,4.06,10.08,273.7,401.36
68.82,4.05,10.08,303.03,400.9
69.02,4.06,10.07,293.26,401.63
69.22,4.06,10.08,303.03,401.36
69.42,4.06,10.04,303.03,402.17
69.62,4.06,10.08,283.48,401.36
69.82,4.05,10.07,293.26,401.17
70.02,4.06,10.07,293.26,401.63
70.22,4.05,10.08,263.93,400.9
70.42,4.06,10.07,283.48,401.63
70.62,4.06,10.08,263.93,401.36
70.82,4.06,10.07,283.48,401.63
71.02,4.06,10.08,273.7,401.36
71.22,4.06,10.08,283.48,401.36
71.42,4.06,10.08,273.7,401.36
71.62,4.06,10.07,312.81,401.63
71.82,4.06,10.07,303.03,401.63
72.02,4.06,10.08,293.26,401.36
72.22,4.06,10.08,273.7,401.36
72.42,4.06,10.07,254.15,401.63
72.62,4.06,10.07,273.7,401.63
72.82,4.04,10.07,273.7,400.71
73.02,4.06,10.08,273.7,401.36
73.22,4.06,10.07,283.48,401.63
73.42,4.05,10.07,283.48,401.17
73.62,4.06,10.08,263.93,401.36
73.82,4.07,10.07,273.7,402.09
74.02,4.06,10.08,293.26,401.36
74.22,4.06,10.04,283.48,402.17
74.42,4.06,10.09,263.93,401.1
74.62,4.06,10.07,273.7,401.63
74.82,4.06,10.07,263.93,401.63
75.02,4.05,10.08,244.38,400.9
75.22,4.06,10.07,273.7,401.63
75.42,4.06,10.07,273.7,401.63
75.62,4.06,10.07,273.7,401.63
75.82,4.05,10.08,273.7,400.9
76.02,4.06,10.07,283.48,401.63
76.22,4.06,10.07,254.15,401.63
76.42,4.06,10.07,273.7,401.63
76.62,4.06,10.08,273.7,401.36
76.82,4.05,10.08,254.15,400.9
77.02,4.06,10.07,283.48,401.63
77.22,4.06,10.08,293.26,401.36
77.42,4.06,10.08,293.26,401.36
77.62,4.06,10.08,293.26,401.36
77.82,4.06,10.07,303.03,401.63
78.02,4.05,10.08,283.48,400.9
78.22,4.06,10.08,283.48,401.36
78.42,4.06,10.08,283.48,401.36
78.62,4.05,10.07,263.93,401.17
78.82,4.06,10.07,273.7,401.63
79.02,4.06,10.08,263.93,401.36
79.22,4.06,10.08,283.48,401.36
79.42,4.06,10.05,263.93,401.9
79.62,4.06,10.07,263.93,401.63
79.82,4.05,10.08,254.15,400.9
80.02,4.06,10.07,273.7,401.63
80.22,4.06,10.07,263.93,401.63
80.42,4.06,10.09,283.48,401.1
80.62,4.06,10.07,293.26,401.63
80.82,4.05,10.08,263.93,400.9
81.02,4.06,10.08,293.26,401.36
81.22,4.06,10.07,273.7,401.63
81.42,4.06,10.07,293.26,401.63
81.62,4.05,10.07,273.7,401.17
81.82,4.06,10.07,273.7,401.63
82.02,4.06,10.09,283.48,401.1
82.22,4.06,10.07,283.48,401.63
82.42,4.06,10.08,263.93,401.36
82.62,4.06,10.07,254.15,401.63
82.82,4.06,10.07,254.15,401.63
83.02,4.06,10.07,254.15,401.63
83.22,4.06,10.04,273.7,402.17
83.42,4.06,10.07,254.15,401.63
83.62,4.05,10.07,254.15,401.17
83.82,4.06,10.08,273.7,401.36
84.02,4.05,10.08,263.93,400.9
84.22,4.06,10.05,263.93,401.9
84.42,4.06,10.09,273.7,401.1
84.62,4.06,10.07,293.26,401.63
84.82,4.06,10.08,254.15,401.36
85.02,4.06,10.07,273.7,401.63
85.22,4.05,10.07,263.93,401.17
85.42,4.05,10.08,283.48,400.9
85.62,4.06,10.07,293.26,401.63
85.82,4.05,10.08,283.48,400.9
86.02,4.06,10.07,293.26,401.63
86.22,4.06,10.08,283.48,401.36
86.42,4.06,10.08,303.03,401.36
86.62,4.06,10.08,283.48,401.36
86.82,4.06,10.07,303.03,401.63
87.02,4.06,10.07,283.48,401.63
87.22,4.06,10.07,293.26,401.63
87.42,4.06,10.07,293.26,401.63
87.62,4.05,10.08,283.48,400.9
87.82,4.06,10.08,283.48,401.36
88.02,4.05,10.08,293.26,400.9
88.22,4.06,10.07,273.7,401.63
88.42,4.06,10.07,303.03,401.63
88.62,4.05,10.07,263.93,401.17
88.82,4.06,10.08,283.48,401.36
89.02,4.06,10.08,273.7,401.36
89.22,4.06,10.07,273.7,401.63
89.42,4.06,10.08,283.48,401.36
89.62,4.06,10.07,273.7,401.63
89.82,4.06,10.08,254.15,401.36
90.02,4.06,10.08,273.7,401.36
90.22,4.06,10.08,263.93,401.36
90.42,4.06,10.08,273.7,401.36
90.62,4.06,10.08,263.93,401.36
90.82,4.06,10.08,283.48,401.36
91.02,4.06,10.07,293.26,401.63
91.22,4.06,10.08,254.15,401.36
91.42,4.06,10.07,283.48,401.63
91.62,4.06,10.07,273.7,401.63
91.82,4.06,10.07,293.26,401.63
92.02,4.06,10.08,273.7,401.36
92.22,4.06,10.08,293.26,401.36
92.42,4.06,10.07,303.03,401.63
92.62,4.06,10.08,322.58,401.36
92.82,4.06,10.07,303.03,401.63
93.02,4.06,10.08,293.26,401.36
93.22,4.06,10.07,283.48,401.63
93.42,4.05,10.08,283.48,400.9
93.62,4.06,10.07,273.7,401.63
93.82,4.06,10.08,254.15,401.36
94.02,4.05,10.08,263.93,400.9
94.22,4.06,10.07,263.93,401.63
94.42,4.06,10.08,244.38,401.36
94.62,4.06,10.08,244.38,401.36
94.82,4.06,10.07,244.38,401.63
95.02,4.06,10.08,254.15,401.36
95.22,4.06,10.07,244.38,401.63
95.42,4.05,10.08,254.15,400.9
95.62,4.06,10.08,254.15,401.36
95.82,4.06,10.08,254.15,401.36
96.02,4.06,10.08,263.93,401.36
96.22,4.06,10.07,254.15,401.63
96.42,4.05,10.07,244.38,401.17
96.62,4.06,10.07,263.93,401.63
96.82,4.06,10.08,273.7,401.36
97.02,4.06,10.07,283.48,401.63
97.22,4.06,10.07,273.7,401.63
97.42,4.05,10.08,254.15,400.9
97.62,4.06,10.07,273.7,401.63
97.82,4.06,10.08,283.48,401.36
98.02,4.06,10.07,303.03,401.63
98.22,4.06,10.08,283.48,401.36
98.42,4.05,10.07,283.48,401.17
98.62,4.06,10.07,312.81,401.63
98.82,4.06,10.08,293.26,401.36
99.02,4.05,10.07,303.03,401.17
99.22,4.06,10.07,303.03,401.63
99.42,4.06,10.08,293.26,401.36
99.62,4.05,10.07,303.03,401.17
99.82,4.06,10.08,283.48,401.36
100.02,4.06,10.07,273.7,401.63
100.22,4.06,10.08,244.38,401.36
100.42,4.06,10.08,273.7,401.36
100.62,4.06,10.08,254.15,401.36
100.82,4.06,10.08,263.93,401.36
101.02,4.06,10.07,263.93,401.63
101.22,4.06,10.08,234.6,401.36
101.42,4.06,10.07,254.15,401.63
101.62,4.05,10.07,244.38,401.17
101.82,4.05,10.08,263.93,400.9
102.02,4.06,10.07,244.38,401.63
102.22,4.06,10.08,263.93,401.36
102.42,4.06,10.07,254.15,401.63
102.62,4.06,10.08,244.38,401.36
102.82,4.06,10.07,244.38,401.63
103.02,4.05,10.08,244.38,400.9
103.22,4.06,10.07,254.15,401.63
103.42,4.06,10.07,263.93,401.63
103.62,4.06,10.07,263.93,401.63
103.82,4.07,10.07,254.15,402.09
104.02,4.06,10.08,254.15,401.36
104.22,4.06,10.08,254.15,401.36
104.42,4.06,10.07,283.48,401.63
104.62,4.06,10.07,263.93,401.63
104.82,4.06,10.07,263.93,401.63
105.02,4.05,10.08,273.7,400.9
105.22,4.06,10.07,283.48,401.63
105.42,4.06,10.07,273.7,401.63
105.62,4.06,10.07,293.26,401.63
105.82,4.06,10.07,273.7,401.63
106.02,4.06,10.07,273.7,401.63
106.22,4.06,10.07,283.48,401.63
106.42,4.05,10.09,263.93,400.64
106.62,4.06,10.05,254.15,401.9
106.82,4.06,10.07,244.38,401.63
107.02,4.05,10.07,254.15,401.17
107.22,4.06,10.07,273.7,401.63
107.42,4.06,10.08,254.15,401.36
107.62,4.06,10.07,303.03,401.63
107.82,4.05,10.08,263.93,400.9
108.02,4.06,10.07,244.38,401.63
108.22,4.06,10.08,263.93,401.36
108.42,4.05,10.08,244.38,400.9
108.62,4.06,10.07,254.15,401.63
108.82,4.05,10.07,254.15,401.17
109.02,4.06,10.07,254.15,401.63
109.22,4.06,10.08,244.38,401.36
109.42,4.06,10.07,254.15,401.63
109.62,4.06,10.07,263.93,401.63
109.82,4.06,10.07,273.7,401.63
110.02,4.06,10.07,273.7,401.63
110.22,4.06,10.08,273.7,401.36
110.42,4.05,10.08,254.15,400.9
110.62,4.06,10.07,283.48,401.63
110.82,4.06,10.08,293.26,401.36
111.02,4.06,10.07,283.48,401.63
111.22,4.06,10.08,303.03,401.36
111.42,4.06,10.07,293.26,401.63
111.62,4.06,10.08,273.7,401.36
111.82,4.06,10.07,303.03,401.63
112.02,4.06,10.07,293.26,401.63
112.22,4.06,10.08,303.03,401.36
112.42,4.06,10.07,293.26,401.63
112.62,4.06,10.08,273.7,401.36
112.82,4.06,10.07,293.26,401.63
113.02,4.06,10.08,283.48,401.36
113.22,4.06,10.07,254.15,401.63
113.42,4.06,10.08,263.93,401.36
113.62,4.06,10.08,254.15,401.36
113.82,4.06,10.07,254.15,401.63
114.02,4.06,10.09,254.15,401.1
114.22,4.06,10.08,254.15,401.36
114.42,4.06,10.07,254.15,401.63
114.62,4.06,10.08,244.38,401.36
114.82,4.06,10.08,244.38,401.36
115.02,4.06,10.08,244.38,401.36
115.22,4.05,10.07,234.6,401.17
115.42,4.06,10.07,254.15,401.63
115.62,4.06,10.08,263.93,401.36
115.82,4.06,10.07,283.48,401.63
116.02,4.06,10.08,273.7,401.36
116.22,4.06,10.07,263.93,401.63
116.42,4.05,10.08,273.7,400.9
116.62,4.05,10.07,254.15,401.17
116.82,4.06,10.08,273.7,401.36
117.02,4.05,10.08,263.93,400.9
117.22,4.06,10.08,273.7,401.36
117.42,4.06,10.07,263.93,401.63
117.62,4.06,10.07,273.7,401.63
117.82,4.06,10.08,283.48,401.36
118.02,4.06,10.08,263.93,401.36
118.22,4.06,10.07,303.03,401.63
118.42,4.05,10.08,263.93,400.9
118.62,4.05,10.07,293.26,401.17
118.82,4.06,10.08,283.48,401.36
119.02,4.06,10.08,283.48,401.36
119.22,4.06,10.07,273.7,401.63
119.42,4.06,10.08,273.7,401.36
119.62,4.07,10.07,244.38,402.09
119.82,4.06,10.05,254.15,401.9
120.02,4.05,10.07,224.83,401.17
120.22,4.06,10.07,244.38,401.63
120.42,4.05,10.07,224.83,401.17
120.62,4.06,10.05,254.15,401.9
120.82,4.06,10.07,234.6,401.63
121.02,4.06,10.07,244.38,401.63
121.22,4.06,10.07,224.83,401.63
121.42,4.06,10.08,224.83,401.36
121.62,4.06,10.07,234.6,401.63
121.82,4.06,10.08,224.83,401.36
122.02,4.06,10.07,254.15,401.63
122.22,4.06,10.07,234.6,401.63
122.42,4.06,10.08,254.15,401.36
122.62,4.06,10.07,254.15,401.63
122.82,4.06,10.08,263.93,401.36
123.02,4.06,10.07,273.7,401.63
123.22,4.06,10.07,263.93,401.63
123.42,4.06,10.07,273.7,401.63
123.62,4.06,10.08,263.93,401.36
123.82,4.06,10.08,234.6,401.36
124.02,4.06,10.07,303.03,401.63
124.22,4.06,10.07,273.7,401.63
124.42,4.06,10.07,283.48,401.63
124.62,4.06,10.08,283.48,401.36
124.82,4.06,10.07,283.48,401.63
125.02,4.06,10.07,283.48,401.63
125.22,4.06,10.07,283.48,401.63
125.42,4.06,10.08,273.7,401.36
125.62,4.06,10.08,273.7,401.36
125.82,4.06,10.07,263.93,401.63
126.02,4.06,10.07,244.38,401.63
126.22,4.06,10.07,254.15,401.63
126.42,4.06,10.07,273.7,401.63
126.62,4.06,10.07,254.15,401.63
126.82,4.06,10.07,244.38,401.63
127.02,4.06,10.07,254.15,401.63
127.22,4.06,10.07,263.93,401.63
127.42,4.06,10.08,244.38,401.36
127.62,4.06,10.05,254.15,401.9
127.82,4.06,10.07,244.38,401.63
128.02,4.06,10.07,254.15,401.63
128.22,4.06,10.07,263.93,401.63
128.42,4.05,10.08,263.93,400.9
128.62,4.06,10.07,273.7,401.63
128.82,4.05,10.08,273.7,400.9
129.02,4.06,10.07,263.93,401.63
129.22,4.06,10.07,263.93,401.63
129.42,4.05,10.08,283.48,400.9
129.62,4.06,10.07,273.7,401.63
129.82,4.05,10.07,273.7,401.17
130.02,4.06,10.07,273.7,401.63
130.22,4.06,10.08,283.48,401.36
130.42,4.05,10.07,263.93,401.17
130.62,4.06,10.07,273.7,401.63
130.82,4.06,10.07,273.7,401.63
131.02,4.06,10.07,273.7,401.63
131.22,4.05,10.08,254.15,400.9
131.42,4.06,10.07,244.38,401.63
131.62,4.06,10.08,234.6,401.36
131.82,4.06,10.07,244.38,401.63
132.02,4.06,10.07,244.38,401.63
132.22,4.06,10.07,254.15,401.63
132.42,4.05,10.07,273.7,401.17
132.62,4.06,10.07,244.38,401.63
132.82,4.06,10.08,244.38,401.36
133.02,4.06,10.07,273.7,401.63
133.22,4.06,10.08,263.93,401.36
133.42,4.06,10.07,283.48,401.63
133.62,4.06,10.08,273.7,401.36
133.82,4.06,10.07,283.48,401.63
134.02,4.06,10.07,303.03,401.63
134.22,4.05,10.08,263.93,400.9
134.42,4.06,10.07,283.48,401.63
134.62,4.06,10.08,283.48,401.36
134.82,4.06,10.07,293.26,401.63
135.02,4.06,10.08,263.93,401.36
135.22,4.06,10.07,273.7,401.63
135.42,4.06,10.08,273.7,401.36
135.62,4.05,10.07,263.93,401.17
135.82,4.06,10.08,283.48,401.36
136.02,4.06,10.07,283.48,401.63
136.22,4.06,10.08,273.7,401.36
136.42,4.06,10.08,263.93,401.36
136.62,4.05,10.07,263.93,401.17
136.82,4.06,10.08,263.93,401.36
137.02,4.06,10.08,263.93,401.36
137.22,4.06,10.08,273.7,401.36
137.42,4.06,10.07,263.93,401.63
137.62,4.06,10.08,234.6,401.36
137.82,4.06,10.07,263.93,401.63
138.02,4.05,10.08,254.15,400.9
138.22,4.06,10.07,234.6,401.63
138.42,4.06,10.08,254.15,401.36
138.62,4.06,10.07,263.93,401.63
138.82,4.06,10.08,244.38,401.36
139.02,4.06,10.08,263.93,401.36
139.22,4.06,10.08,254.15,401.36
139.42,4.05,10.08,254.15,400.9
139.62,4.06,10.07,254.15,401.63
139.82,4.06,10.08,273.7,401.36
140.02,4.06,10.07,273.7,401.63
140.22,4.06,10.07,293.26,401.63
140.42,4.05,10.07,283.48,401.17
140.62,4.06,10.07,293.26,401.63
140.82,4.06,10.08,293.26,401.36
141.02,4.05,10.08,303.03,400.9
141.22,4.06,10.08,283.48,401.36
141.42,4.04,10.09,254.15,400.18
141.62,4.05,10.07,254.15,401.17
141.82,4.06,10.07,254.15,401.63
142.02,4.05,10.05,244.38,401.44
142.22,4.06,10.09,263.93,401.1
142.42,4.06,10.08,244.38,401.36
142.62,4.06,10.07,234.6,401.63
142.82,4.05,10.08,244.38,400.9
143.02,4.06,10.07,234.6,401.63
143.22,4.06,10.08,224.83,401.36
143.42,4.05,10.07,234.6,401.17
143.62,4.06,10.08,254.15,401.36
143.82,4.05,10.07,244.38,401.17
144.02,4.06,10.07,234.6,401.63
144.22,4.06,10.07,244.38,401.63
144.42,4.06,10.07,254.15,401.63
144.62,4.06,10.07,273.7,401.63
144.82,4.06,10.07,263.93,401.63
145.02,4.06,10.07,283.48,401.63
145.22,4.06,10.08,263.93,401.36
145.42,4.05,10.07,273.7,401.17
145.62,4.06,10.08,254.15,401.36
145.82,4.05,10.08,263.93,400.9
146.02,4.06,10.07,263.93,401.63
146.22,4.05,10.08,244.38,400.9
146.42,4.06,10.08,254.15,401.36
146.62,4.06,10.08,254.15,401.36
146.82,4.05,10.07,254.15,401.17
147.02,4.06,10.07,254.15,401.63
147.22,4.05,10.07,254.15,401.17
147.42,4.06,10.07,263.93,401.63
147.62,4.06,10.08,254.15,401.36
147.82,4.06,10.07,244.38,401.63
148.02,4.06,10.07,244.38,401.63
148.22,4.06,10.08,273.7,401.36
148.42,4.05,10.07,254.15,401.17
148.62,4.06,10.08,244.38,401.36
148.82,4.06,10.07,263.93,401.63
149.02,4.05,10.08,263.93,400.9
149.22,4.06,10.07,234.6,401.63
149.42,4.06,10.08,263.93,401.36
149.62,4.06,10.09,263.93,401.1
149.82,4.06,10.07,244.38,401.63
150.02,4.05,10.08,244.38,400.9
150.22,4.06,10.07,254.15,401.63
150.42,4.06,10.08,244.38,401.36
150.62,4.06,10.07,254.15,401.63
150.82,4.06,10.08,244.38,401.36
151.02,4.06,10.08,254.15,401.36
151.22,4.06,10.07,263.93,401.63
151.42,4.06,10.08,273.7,401.36
151.62,4.06,10.08,283.48,401.36
151.82,4.05,10.08,263.93,400.9
152.02,4.06,10.07,273.7,401.63
152.22,4.06,10.08,263.93,401.36
152.42,4.05,10.08,263.93,400.9
152.62,4.06,10.08,273.7,401.36
152.82,4.06,10.07,273.7,401.63
153.02,4.06,10.07,263.93,401.63
153.22,4.06,10.08,263.93,401.36
153.42,4.06,10.07,273.7,401.63
153.62,4.05,10.08,263.93,400.9
153.82,4.05,10.07,283.48,401.17
154.02,4.06,10.08,273.7,401.36
154.22,4.06,10.09,283.48,401.1
154.42,4.06,10.05,263.93,401.9
154.62,4.05,10.08,263.93,400.9
154.82,4.06,10.07,254.15,401.63
155.02,4.06,10.08,254.15,401.36
155.22,4.06,10.07,273.7,401.63
155.42,4.06,10.08,234.6,401.36
155.62,4.06,10.07,263.93,401.63
155.82,4.06,10.07,254.15,401.63
156.02,4.05,10.08,244.38,400.9
156.22,4.06,10.08,254.15,401.36
156.42,4.06,10.07,244.38,401.63
156.62,4.06,10.07,244.38,401.63
156.82,4.05,10.07,263.93,401.17
157.02,4.06,10.08,244.38,401.36
157.22,4.06,10.07,263.93,401.63
157.42,4.06,10.08,244.38,401.36
157.62,4.06,10.07,254.15,401.63
157.82,4.06,10.07,244.38,401.63
158.02,4.06,10.08,244.38,401.36
158.22,4.06,10.07,263.93,401.63
158.42,4.06,10.08,244.38,401.36
158.62,4.06,10.07,263.93,401.63
158.82,4.06,10.08,244.38,401.36
159.02,4.06,10.08,254.15,401.36
159.22,4.06,10.07,254.15,401.63
159.42,4.06,10.07,234.6,401.63
159.62,4.06,10.07,244.38,401.63
159.82,4.06,10.07,244.38,401.63
160.02,4.06,10.07,244.38,401.63
160.22,4.06,10.07,254.15,401.63
160.42,4.05,10.08,244.38,400.9
160.62,4.05,10.07,263.93,401.17
160.82,4.06,10.08,263.93,401.36
161.02,4.06,10.07,263.93,401.63
161.22,4.06,10.07,254.15,401.63
161.42,4.06,10.08,244.38,401.36
161.62,4.06,10.07,273.7,401.63
161.82,4.06,10.08,263.93,401.36
162.02,4.05,10.07,244.38,401.17
162.22,4.06,10.07,263.93,401.63
162.42,4.06,10.07,273.7,401.63
162.62,4.05,10.07,254.15,401.17
162.82,4.06,10.07,273.7,401.63
163.02,4.06,10.07,263.93,401.63
163.22,4.06,10.07,263.93,401.63
163.42,4.05,10.08,263.93,400.9
163.62,4.05,10.07,283.48,401.17
163.82,4.05,10.08,273.7,400.9
164.02,4.06,10.08,263.93,401.36
164.22,4.05,10.08,263.93,400.9
164.42,4.06,10.08,254.15,401.36
164.62,4.06,10.07,273.7,401.63
164.82,4.06,10.08,263.93,401.36
165.02,4.06,10.07,263.93,401.63
165.22,4.06,10.08,244.38,401.36
165.42,4.06,10.08,273.7,401.36
165.62,4.06,10.08,234.6,401.36
165.82,4.06,10.08,254.15,401.36
166.02,4.06,10.07,244.38,401.63
166.22,4.06,10.08,244.38,401.36
166.42,4.06,10.07,244.38,401.63
166.62,4.06,10.08,244.38,401.36
166.82,4.06,10.07,244.38,401.63
167.02,4.06,10.08,224.83,401.36
167.22,4.05,10.07,234.6,401.17
167.42,4.06,10.08,254.15,401.36
167.62,4.06,10.08,244.38,401.36
167.82,4.06,10.07,254.15,401.63
168.02,4.06,10.07,254.15,401.63
168.22,4.05,10.07,254.15,401.17
168.42,4.06,10.08,254.15,401.36
168.62,4.05,10.08,234.6,400.9
168.82,4.06,10.08,263.93,401.36
169.02,4.05,10.07,273.7,401.17
169.22,4.05,10.08,273.7,400.9
169.42,4.06,10.08,273.7,401.36
169.62,4.06,10.07,273.7,401.63
169.82,4.06,10.08,263.93,401.36
170.02,4.06,10.07,273.7,401.63
170.22,4.06,10.07,273.7,401.63
170.42,4.06,10.07,244.38,401.63
170.62,4.06,10.07,263.93,401.63
170.82,4.06,10.08,273.7,401.36
171.02,4.06,10.07,263.93,401.63
171.22,4.06,10.08,263.93,401.36
171.42,4.06,10.07,263.93,401.63
171.62,4.06,10.08,234.6,401.36
171.82,4.05,10.08,244.38,400.9
172.02,4.06,10.07,244.38,401.63
172.22,4.05,10.08,293.26,400.9
172.42,4.06,10.07,273.7,401.63
172.62,4.05,10.07,263.93,401.17
172.82,4.06,10.07,244.38,401.63
173.02,4.06,10.07,263.93,401.63
173.22,4.06,10.08,263.93,401.36
173.42,4.06,10.07,263.93,401.63
173.62,4.06,10.08,244.38,401.36
173.82,4.06,10.08,283.48,401.36
174.02,4.06,10.08,254.15,401.36
174.22,4.05,10.07,254.15,401.17
174.42,4.06,10.07,263.93,401.63
174.62,4.06,10.07,263.93,401.63
174.82,4.06,10.07,263.93,401.63
175.02,4.06,10.07,254.15,401.63
175.22,4.06,10.07,273.7,401.63
175.42,4.06,10.08,283.48,401.36
175.62,4.06,10.07,263.93,401.63
175.82,4.06,10.07,273.7,401.63
176.02,4.06,10.08,273.7,401.36
176.22,4.06,10.07,283.48,401.63
176.42,4.06,10.08,293.26,401.36
176.62,4.06,10.07,303.03,401.63
176.82,4.06,10.07,322.58,401.63
177.02,4.06,10.07,303.03,401.63
177.22,4.06,10.08,283.48,401.36
177.42,4.06,10.07,263.93,401.63
177.62,4.06,10.07,273.7,401.63
177.82,4.05,10.08,273.7,400.9
178.02,4.06,10.08,303.03,401.36
178.22,4.06,10.07,263.93,401.63
178.42,4.06,10.08,254.15,401.36
178.62,4.06,10.07,263.93,401.63
178.82,4.06,10.08,244.38,401.36
179.02,4.06,10.08,254.15,401.36
179.22,4.06,10.07,254.15,401.63
179.42,4.05,10.08,244.38,400.9
179.62,4.06,10.08,263.93,401.36
179.82,4.05,10.07,263.93,401.17
180.02,4.06,10.07,234.6,401.63
180.22,4.06,10.08,244.38,401.36
180.42,4.06,10.08,244.38,401.36
180.62,4.05,10.08,234.6,400.9
180.82,4.05,10.08,244.38,400.9
181.02,4.06,10.07,244.38,401.63
181.22,4.06,10.07,254.15,401.63
181.42,4.06,10.07,244.38,401.63
181.62,4.06,10.08,263.93,401.36
181.82,4.06,10.07,254.15,401.63
182.02,4.06,10.08,254.15,401.36
182.22,4.05,10.07,263.93,401.17
182.42,4.06,10.07,273.7,401.63
182.62,4.06,10.08,263.93,401.36
182.82,4.06,10.07,283.48,401.63
183.02,4.06,10.07,273.7,401.63
183.22,4.05,10.08,283.48,400.9
183.42,4.06,10.07,303.03,401.63
183.62,4.06,10.08,273.7,401.36
183.82,4.06,10.07,293.26,401.63
184.02,4.06,10.07,273.7,401.63
184.22,4.06,10.07,273.7,401.63
184.42,4.06,10.07,254.15,401.63
184.62,4.06,10.08,263.93,401.36
184.82,4.06,10.07,254.15,401.63
185.02,4.06,10.08,234.6,401.36
185.22,4.05,10.07,224.83,401.17
185.42,4.06,10.08,234.6,401.36
185.62,4.06,10.07,244.38,401.63
185.82,4.06,10.07,244.38,401.63
186.02,4.06,10.08,244.38,401.36
186.22,4.06,10.07,254.15,401.63
186.42,4.06,10.08,254.15,401.36
186.62,4.06,10.08,254.15,401.36
186.82,4.06,10.08,254.15,401.36
187.02,4.05,10.07,234.6,401.17
187.22,4.05,10.07,263.93,401.17
187.42,4.05,10.08,234.6,400.9
187.62,4.06,10.07,273.7,401.63
187.82,4.06,10.08,263.93,401.36
188.02,4.05,10.08,273.7,400.9
188.22,4.06,10.07,273.7,401.63
188.42,4.06,10.08,263.93,401.36
188.62,4.06,10.07,293.26,401.63
188.82,4.06,10.09,293.26,401.1
189.02,4.06,10.08,283.48,401.36
189.22,4.06,10.07,273.7,401.63
189.42,4.05,10.07,283.48,401.17
189.62,4.06,10.07,283.48,401.63
189.82,4.05,10.08,283.48,400.9
190.02,4.06,10.07,263.93,401.63
190.22,4.06,10.07,293.26,401.63
190.42,4.06,10.08,283.48,401.36
190.62,4.06,10.07,273.7,401.63
190.82,4.06,10.07,273.7,401.63
191.02,4.06,10.07,254.15,401.63
191.22,4.05,10.08,234.6,400.9
191.42,4.06,10.07,244.38,401.63
191.62,4.06,10.08,215.05,401.36
191.82,4.06,10.07,244.38,401.63
192.02,4.06,10.07,244.38,401.63
192.22,4.06,10.08,244.38,401.36
192.42,4.06,10.07,244.38,401.63
192.62,4.05,10.08,234.6,400.9
192.82,4.06,10.07,254.15,401.63
193.02,4.05,10.08,254.15,400.9
193.22,4.06,10.07,263.93,401.63
193.42,4.06,10.07,263.93,401.63
193.62,4.06,10.08,273.7,401.36
193.82,4.06,10.07,263.93,401.63
194.02,4.05,10.09,263.93,400.64
194.22,4.06,10.07,273.7,401.63
194.42,4.05,10.05,263.93,401.44
194.62,4.06,10.07,263.93,401.63
194.82,4.06,10.07,293.26,401.63
195.02,4.06,10.07,303.03,401.63
195.22,4.06,10.07,283.48,401.63
195.42,4.06,10.08,273.7,401.36
195.62,4.06,10.07,254.15,401.63
195.82,4.06,10.08,263.93,401.36
196.02,4.06,10.07,263.93,401.63
196.22,4.06,10.08,254.15,401.36
196.42,4.06,10.08,263.93,401.36
196.62,4.06,10.07,254.15,401.63
196.82,4.06,10.09,254.15,401.1
197.02,4.06,10.08,263.93,401.36
197.22,4.05,10.07,234.6,401.17
197.42,4.05,10.07,263.93,401.17
197.62,4.06,10.07,254.15,401.63
197.82,4.05,10.08,234.6,400.9
198.02,4.06,10.07,244.38,401.63
198.22,4.05,10.08,224.83,400.9
198.42,4.06,10.07,244.38,401.63
198.62,4.06,10.07,244.38,401.63
198.82,4.06,10.07,254.15,401.63
199.02,4.06,10.08,244.38,401.36
199.22,4.06,10.07,263.93,401.63
199.42,4.06,10.07,254.15,401.63
199.62,4.06,10.08,254.15,401.36
199.82,4.06,10.07,273.7,401.63
200.02,4.06,10.07,263.93,401.63
200.22,4.06,10.07,283.48,401.63
200.42,4.06,10.07,283.48,401.63
200.62,4.06,10.08,283.48,401.36
200.82,4.06,10.07,273.7,401.63
201.02,4.05,10.07,283.48,401.17
201.22,4.06,10.08,283.48,401.36
201.42,4.06,10.09,283.48,401.1
201.62,4.06,10.08,263.93,401.36
201.82,4.06,10.08,244.38,401.36
202.02,4.06,10.08,263.93,401.36
202.22,4.06,10.07,283.48,401.63
202.42,4.06,10.08,273.7,401.36
202.62,4.06,10.08,263.93,401.36
202.82,4.06,10.07,254.15,401.63
203.02,4.06,10.08,273.7,401.36
203.22,4.06,10.07,263.93,401.63
203.42,4.06,10.07,263.93,401.63
203.62,4.06,10.09,263.93,401.1
203.82,4.05,10.08,254.15,400.9
204.02,4.06,10.07,254.15,401.63
204.22,4.06,10.08,254.15,401.36
204.42,4.06,10.08,234.6,401.36
204.62,4.06,10.07,215.05,401.63
204.82,4.05,10.08,234.6,400.9
205.02,4.06,10.07,254.15,401.63
205.22,4.06,10.08,254.15,401.36
205.42,4.06,10.07,244.38,401.63
205.62,4.05,10.08,254.15,400.9
205.82,4.06,10.07,224.83,401.63
206.02,4.06,10.08,244.38,401.36
206.22,4.06,10.07,254.15,401.63
206.42,4.06,10.07,254.15,401.63
206.62,4.05,10.08,263.93,400.9
206.82,4.06,10.07,263.93,401.63
207.02,4.06,10.08,283.48,401.36
207.22,4.06,10.07,303.03,401.63
207.42,4.06,10.08,273.7,401.36
207.62,4.05,10.07,273.7,401.17
207.82,4.06,10.07,293.26,401.63
208.02,4.06,10.09,273.7,401.1
208.22,4.06,10.07,273.7,401.63
208.42,4.06,10.07,244.38,401.63
208.62,4.05,10.08,234.6,400.9
208.82,4.05,10.08,263.93,400.9
209.02,4.06,10.08,263.93,401.36
209.22,4.06,10.07,234.6,401.63
209.42,4.06,10.07,234.6,401.63
209.62,4.06,10.07,244.38,401.63
209.82,4.06,10.08,224.83,401.36
210.02,4.05,10.08,244.38,400.9
210.22,4.06,10.07,234.6,401.63
210.42,4.05,10.08,205.28,400.9
210.62,4.05,10.08,224.83,400.9
210.82,4.06,10.08,224.83,401.36
211.02,4.06,10.07,263.93,401.63
211.22,4.06,10.08,234.6,401.36
211.42,4.06,10.07,244.38,401.63
211.62,4.06,10.08,234.6,401.36
211.82,4.06,10.08,244.38,401.36
212.02,4.06,10.07,244.38,401.63
212.22,4.06,10.07,234.6,401.63
212.42,4.06,10.07,244.38,401.63
212.62,4.06,10.08,244.38,401.36
212.82,4.06,10.07,244.38,401.63
213.02,4.04,10.07,273.7,400.71
213.22,4.05,10.07,254.15,401.17
213.42,4.06,10.08,254.15,401.36
213.62,4.06,10.08,254.15,401.36
213.82,4.06,10.07,273.7,401.63
214.02,4.05,10.07,283.48,401.17
214.22,4.06,10.07,234.6,401.63
214.42,4.06,10.07,254.15,401.63
214.62,4.06,10.05,234.6,401.9
214.82,4.06,10.07,254.15,401.63
215.02,4.05,10.08,263.93,400.9
215.22,4.06,10.08,254.15,401.36
215.42,4.06,10.08,244.38,401.36
215.62,4.06,10.08,244.38,401.36
215.82,4.06,10.07,254.15,401.63
216.02,4.05,10.08,254.15,400.9
216.22,4.06,10.08,263.93,401.36
216.42,4.06,10.08,234.6,401.36
216.62,4.06,10.07,244.38,401.63
216.82,4.06,10.07,254.15,401.63
217.02,4.06,10.08,234.6,401.36
217.22,4.06,10.08,244.38,401.36
217.42,4.06,10.08,215.05,401.36
217.62,4.06,10.07,254.15,401.63
217.82,4.06,10.05,244.38,401.9
218.02,4.06,10.08,244.38,401.36
218.22,4.06,10.07,254.15,401.63
218.42,4.06,10.08,254.15,401.36
218.62,4.06,10.07,244.38,401.63
218.82,4.05,10.08,263.93,400.9
219.02,4.05,10.08,244.38,400.9
219.22,4.06,10.07,263.93,401.63
219.42,4.06,10.08,293.26,401.36
219.62,4.05,10.07,273.7,401.17
219.82,4.06,10.08,254.15,401.36
220.02,4.06,10.05,263.93,401.9
220.22,4.05,10.08,273.7,400.9
220.42,4.06,10.07,254.15,401.63
220.62,4.06,10.08,293.26,401.36
220.82,4.05,10.08,254.15,400.9
221.02,4.05,10.08,263.93,400.9
221.22,4.06,10.08,263.93,401.36
221.42,4.1,10.07,273.7,403.47
221.62,4.21,10.07,263.93,408.94
221.82,4.57,10.08,234.6,425.93
222.02,4.59,10.08,263.93,426.8
222.22,5.04,10.08,244.38,447.09
222.42,5.09,10.07,263.93,449.86
222.62,5.06,10.08,244.38,447.92
222.82,5.07,10.07,234.6,448.63
223.02,5.04,10.07,254.15,447.39
223.22,5.01,10.08,224.83,445.85
223.42,5,10.07,244.38,445.73
223.62,5.05,10.08,254.15,447.5
223.82,4.99,10.07,254.15,445.32
224.02,5,10.08,244.38,445.43
224.22,5,10.07,254.15,445.73
224.42,5,10.08,234.6,445.43
224.62,5,10.05,263.93,446.03
224.82,4.99,10.07,273.7,445.32
225.02,5,10.08,244.38,445.43
225.22,5,10.05,244.38,446.03
225.42,5,10.07,234.6,445.73
225.62,5.15,10.07,234.6,452.32
225.82,5.37,10.07,254.15,462.03
226.02,5.44,10.07,234.6,464.83
226.22,5.62,10.07,254.15,472.72
226.42,5.62,10.05,234.6,473.04
226.62,5.78,10.07,244.38,479.33
226.82,5.82,10.08,234.6,480.55
227.02,5.98,10.07,234.6,487.36
227.22,5.99,10.08,224.83,487.42
227.42,5.99,10.08,215.05,487.42
227.62,6.04,10.11,234.6,489.04
227.82,6.06,10.08,224.83,490.44
228.02,6.06,10.07,263.93,490.77
228.22,6.03,10.05,234.6,489.96
228.42,6.02,10.08,283.48,488.93
228.62,6.01,10.07,263.93,488.88
228.82,6.01,10.08,293.26,488.55
229.02,6.02,10.07,254.15,489.26
229.22,6,10.08,234.6,487.8
229.42,6.01,10.07,234.6,488.88
229.62,6.01,10.08,254.15,488.18
229.82,6.01,10.08,273.7,488.18
230.02,6,10.07,244.38,488.12
230.22,5.99,10.07,244.38,487.74
230.42,5.99,10.05,244.38,488.07
230.62,5.99,10.08,244.38,487.42
230.82,5.99,10.07,254.15,487.74
231.02,5.99,10.08,263.93,487.42
231.22,6.01,10.07,263.93,488.88
231.42,6.01,10.07,273.7,488.88
231.62,6.02,10.08,263.93,488.93
231.82,6.02,10.09,254.15,488.61
232.02,6.02,10.05,254.15,489.58
232.22,6.01,10.07,234.6,488.5
232.42,6.01,10.07,263.93,488.5
232.62,6.01,10.08,254.15,488.18
232.82,6.01,10.07,254.15,488.5
233.02,6.01,10.07,254.15,488.88
233.22,6.01,10.08,254.15,488.18
233.42,6.01,10.07,244.38,488.5
233.62,6.01,10.08,263.93,488.55
233.82,6.01,10.07,234.6,488.5
234.02,6.01,10.07,244.38,488.88
234.22,6.01,10.07,234.6,488.5
234.42,6.01,10.07,244.38,488.5
234.62,6.01,10.08,234.6,488.55
234.82,6.01,10.07,244.38,488.5
235.02,6.01,10.07,234.6,488.88
235.22,6.01,10.07,215.05,488.5
235.42,6.01,10.08,244.38,488.55
235.62,6.01,10.08,224.83,488.18
235.82,6.01,10.07,224.83,488.5
236.02,6.01,10.08,224.83,488.55
236.22,6.01,10.07,234.6,488.5
236.42,6.01,10.25,244.38,484.38
236.62,6.01,11.19,234.6,463.61
236.82,6.01,12.04,244.38,447.03
237.02,6.01,12.55,224.83,437.51
237.22,6.01,13.02,244.38,429.55
237.42,6.01,13.48,381.23,422.21
237.62,6.01,13.72,234.6,418.8
237.82,6.01,13.73,322.58,418.27
238.02,6.01,13.73,254.15,418.6
238.22,6.01,13.72,283.48,418.8
238.42,6.01,13.73,283.48,418.27
238.62,6.01,13.73,244.38,418.27
238.82,6.01,13.73,254.15,418.27
239.02,6.01,13.73,234.6,418.6
239.22,6,13.73,205.28,417.95
239.42,6.01,13.58,244.38,420.54
239.62,6.01,13.4,234.6,423.81
239.82,6.01,13.18,205.28,426.91
240.02,6.01,13.05,205.28,429.44
240.22,6.01,12.82,215.05,433.24
240.42,6.01,12.68,195.5,435.53
240.62,6.01,12.52,215.05,438.32
240.82,6.01,12.52,195.5,437.98
241.02,6.01,12.5,205.28,438.45
241.22,6.01,12.46,205.28,439.16
241.42,6.01,12.31,205.28,441.79
241.62,6.01,12.21,224.83,443.82
241.82,6.01,12.19,205.28,444.31
242.02,6.01,12.12,195.5,445.2
242.22,6.01,12.19,215.05,444.31
242.42,6.01,12.25,205.28,442.75
242.62,6.01,12.31,234.6,441.79
242.82,6.01,12.33,205.28,441.65
243.02,6.01,12.31,205.28,441.79
243.22,6.01,12.36,234.6,441.17
243.42,6.01,12.38,215.05,440.93
243.62,5.92,12.35,215.05,437.98
243.82,5.83,12.36,293.26,434.28
244.02,5.8,12.33,215.05,433.71
244.22,5.64,12.36,224.83,427.29
244.42,5.65,12.35,215.05,427.87
244.62,5.55,12.35,244.38,423.98
244.82,5.53,12.36,254.15,423.04
245.02,5.52,12.35,263.93,422.91
245.22,5.24,12.35,254.15,412.08
245.42,5.25,12.33,244.38,412.67
245.62,5.04,12.36,234.6,403.72
245.82,5.03,12.36,234.6,403.35
246.02,4.97,12.35,263.93,401.32
246.22,4.97,12.36,254.15,401.1
246.42,4.96,12.36,224.83,400.73
246.62,4.99,12.35,244.38,402.07
246.82,4.99,12.38,224.83,401.64
247.02,4.99,12.35,234.6,402.07
247.22,4.99,12.36,215.05,401.85
247.42,4.99,12.35,224.83,402.07
247.62,4.99,12.39,195.5,401.42
247.82,4.99,12.47,205.28,400.12
248.02,4.99,12.48,205.28,399.91
248.22,4.99,12.51,185.73,399.48
248.42,4.99,12.48,195.5,399.91
248.62,4.99,12.48,215.05,399.91
248.82,4.99,12.5,195.5,399.69
249.02,4.99,12.48,205.28,399.91
249.22,4.99,12.5,166.18,399.69
249.42,4.99,12.48,215.05,399.91
249.62,4.99,12.47,205.28,400.12
249.82,5.01,12.5,205.28,400.44
250.02,5,12.51,205.28,399.85
250.22,5,12.5,205.28,400.06
250.42,5,12.48,205.28,400.28
250.62,5,12.48,195.5,400.28
250.82,4.99,12.48,195.5,399.91
251.02,5,12.5,215.05,400.06
251.22,4.99,12.55,185.73,398.83
251.42,5,12.55,215.05,399.21
251.62,4.99,12.56,185.73,398.62
251.82,4.99,12.55,195.5,398.83
252.02,5,12.58,215.05,398.78
252.22,5,12.56,224.83,398.99
252.42,5,12.56,205.28,398.99
252.62,5,12.56,224.83,398.99
252.82,4.99,12.55,215.05,398.83
253.02,4.99,12.51,215.05,399.48
253.22,5,12.5,224.83,400.06
253.42,5.01,12.48,215.05,400.65
253.62,4.99,12.5,215.05,399.69
253.82,5,12.5,205.28,400.06
254.02,5,12.5,215.05,400.06
254.22,5,12.51,195.5,399.85
254.42,5,12.51,244.38,399.85
254.62,5,12.51,234.6,399.85
254.82,5,12.51,185.73,399.85
255.02,5,12.48,215.05,400.28
255.22,5,12.5,205.28,400.06
255.42,5,12.48,205.28,400.28
255.62,5,12.51,215.05,399.85
255.82,4.99,12.5,332.36,399.69
256.02,5,12.51,283.48,399.85
256.22,4.99,12.5,166.18,399.69
256.42,5,12.5,205.28,400.06
256.62,4.99,12.52,205.28,399.26
256.82,5,12.48,224.83,400.28
257.02,5,12.52,205.28,399.63
257.22,5,12.51,224.83,399.85
257.42,5,12.51,205.28,399.85
257.62,4.99,12.5,195.5,399.69
257.82,5,12.5,234.6,400.06
258.02,5,12.51,234.6,399.85
258.22,5,12.5,244.38,400.06
258.42,4.99,12.5,244.38,399.69
258.62,5,12.5,244.38,400.06
258.82,5,12.5,215.05,400.06
259.02,5,12.5,244.38,400.06
259.22,4.99,12.51,244.38,399.48
259.42,4.99,12.51,234.6,399.48
259.62,4.99,12.51,234.6,399.48
259.82,5,12.48,234.6,400.28
260.02,5,12.51,234.6,399.85
260.22,5,12.51,234.6,399.85
260.42,5,12.5,234.6,400.06
260.62,5,12.5,224.83,400.06
260.82,5,12.51,234.6,399.85
261.02,4.99,12.5,224.83,399.69
261.22,5,12.51,215.05,399.85
261.42,5,12.5,224.83,400.06
261.62,5,12.5,195.5,400.06
261.82,5,12.5,215.05,400.06
262.02,5.01,12.51,205.28,400.22
262.22,5,12.51,205.28,399.85
262.42,5,12.51,205.28,399.85
262.62,5,12.51,205.28,399.85
262.82,5,12.5,205.28,400.06
263.02,5,12.5,195.5,400.06
263.22,5,12.5,224.83,400.06
263.42,5,12.5,205.28,400.06
263.62,5,12.51,205.28,399.85
263.82,5,12.5,205.28,400.06
264.02,5,12.52,215.05,399.63
264.22,5,12.5,205.28,400.06
264.42,4.99,12.51,195.5,399.48
264.62,5,12.51,205.28,399.85
264.82,5,12.52,195.5,399.63
265.02,5,12.5,215.05,400.06
265.22,5,12.51,205.28,399.85
265.42,5,12.5,244.38,400.06
265.62,5,12.51,224.83,399.85
265.82,4.99,12.5,185.73,399.69
266.02,5,12.51,224.83,399.85
266.22,5,12.51,205.28,399.85
266.42,5,12.5,234.6,400.06
266.62,5,12.51,215.05,399.85
266.82,5,12.5,244.38,400.06
267.02,5,12.51,205.28,399.85
267.22,4.99,12.51,205.28,399.48
267.42,5,12.51,234.6,399.85
267.62,5,12.51,224.83,399.85
267.82,5,12.5,234.6,400.06
268.02,5,12.51,224.83,399.85
268.22,5,12.5,244.38,400.06
268.42,5,12.51,215.05,399.85
268.62,5,12.5,224.83,400.06
268.82,5,12.51,205.28,399.85
269.02,5,12.5,215.05,400.06
269.22,5,12.51,215.05,399.85
269.42,5,12.5,224.83,400.06
269.62,4.99,12.51,224.83,399.48
269.82,5,12.51,185.73,399.85
270.02,5,12.51,195.5,399.85
270.22,5,12.52,215.05,399.63
270.42,5,12.5,205.28,400.06
270.62,5,12.5,175.95,400.06
270.82,5,12.5,215.05,400.06
271.02,5,12.51,224.83,399.85
271.22,5,12.5,215.05,400.06
271.42,5,12.51,205.28,399.85
271.62,5,12.5,215.05,400.06
271.82,5,12.51,205.28,399.85
272.02,5,12.52,205.28,399.63
272.22,4.99,12.5,215.05,399.69
272.42,5,12.51,215.05,399.85
272.62,5,12.5,224.83,400.06
272.82,4.99,12.51,205.28,399.48
273.02,5,12.5,215.05,400.06
273.22,5,12.5,215.05,400.06
273.42,5,12.5,215.05,400.06
273.62,5,12.51,215.05,399.85
273.82,5,12.52,205.28,399.63
274.02,4.99,12.48,195.5,399.91
274.22,5,12.51,224.83,399.85
274.42,4.99,12.5,254.15,399.69
274.62,4.99,12.51,205.28,399.48
274.82,5,12.52,215.05,399.63
275.02,5,12.51,205.28,399.85
275.22,5,12.5,215.05,400.06
275.42,5,12.51,224.83,399.85
275.62,5,12.52,234.6,399.63
275.82,5,12.5,205.28,400.06
276.02,5,12.52,185.73,399.63
276.22,5,12.51,195.5,399.85
276.42,4.99,12.51,224.83,399.48
276.62,5,12.51,205.28,399.85
276.82,5,12.5,224.83,400.06
277.02,4.99,12.5,205.28,399.69
277.22,5,12.51,205.28,399.85
277.42,4.99,12.51,224.83,399.48
277.62,5,12.51,215.05,399.85
277.82,5,12.51,185.73,399.85
278.02,4.99,12.51,195.5,399.48
278.22,5,12.51,205.28,399.85
278.42,5,12.51,175.95,399.85
278.62,5,12.5,195.5,400.06
278.82,5,12.5,195.5,400.06
279.02,5,12.51,205.28,399.85
279.22,5,12.52,215.05,399.63
279.42,5,12.51,205.28,399.85
279.62,5,12.51,185.73,399.85
279.82,4.99,12.51,205.28,399.48
280.02,5,12.5,195.5,400.06
280.22,5,12.51,185.73,399.85
280.42,4.99,12.5,185.73,399.69
280.62,5,12.5,215.05,400.06
280.82,5,12.5,224.83,400.06
281.02,5,12.51,205.28,399.85
281.22,5,12.51,185.73,399.85
281.42,5,12.5,205.28,400.06
281.62,5,12.51,205.28,399.85
281.82,4.99,12.5,215.05,399.69
282.02,5,12.51,224.83,399.85
282.22,5,12.5,224.83,400.06
282.42,5,12.5,205.28,400.06
282.62,5,12.51,224.83,399.85
282.82,4.99,12.51,205.28,399.48
283.02,5,12.51,205.28,399.85
283.22,4.99,12.51,205.28,399.48
283.42,5,12.51,205.28,399.85
283.62,5,12.5,215.05,400.06
283.82,5,12.51,205.28,399.85
284.02,5,12.5,215.05,400.06
284.22,5,12.5,195.5,400.06
284.42,5,12.52,185.73,399.63
284.62,5,12.5,205.28,400.06
284.82,5,12.52,205.28,399.63
285.02,5,12.48,215.05,400.28
285.22,5,12.51,215.05,399.85
285.42,5,12.5,205.28,400.06
285.62,4.99,12.51,195.5,399.48
285.82,5,12.5,205.28,400.06
286.02,5,12.5,215.05,400.06
286.22,4.99,12.51,185.73,399.48
286.42,5,12.51,195.5,399.85
286.62,5,12.51,175.95,399.85
286.82,4.99,12.5,185.73,399.69
287.02,5,12.5,215.05,400.06
287.22,4.99,12.51,205.28,399.48
287.42,5,12.5,215.05,400.06
287.62,4.99,12.52,205.28,399.26
287.82,5,12.51,205.28,399.85
288.02,5,12.51,166.18,399.85
288.22,5,12.5,215.05,400.06
288.42,5,12.51,185.73,399.85
288.62,5,12.48,195.5,400.28
288.82,5,12.51,234.6,399.85
289.02,4.99,12.51,205.28,399.48
289.22,5,12.5,224.83,400.06
289.42,5,12.51,224.83,399.85
289.62,5,12.51,224.83,399.85
289.82,5,12.52,175.95,399.63
290.02,5,12.5,205.28,400.06
290.22,5,12.51,205.28,399.85
290.42,5,12.48,215.05,400.28
290.62,5,12.5,205.28,400.06
290.82,5,12.51,234.6,399.85
291.02,5,12.51,205.28,399.85
291.22,5,12.51,195.5,399.85
291.42,5,12.51,224.83,399.85
291.62,5,12.51,195.5,399.85
291.82,5,12.51,215.05,399.85
292.02,4.99,12.52,195.5,399.26
292.22,5,12.5,195.5,400.06
292.42,5,12.51,195.5,399.85
292.62,5,12.51,195.5,399.85
292.82,5,12.51,215.05,399.85
293.02,4.99,12.52,224.83,399.26
293.22,5,12.5,0,400.06
293.42,5,12.51,0,399.85
293.62,5,12.5,0,400.06
293.82,5,12.51,0,399.85
294.02,4.99,12.51,0,399.48
294.22,5,12.51,0,399.85
294.42,5,12.5,0,400.06
294.62,5,12.5,0,400.06
294.82,5,12.52,0,399.63
295.02,5,12.5,0,400.06
295.22,5,12.5,0,400.06
295.42,5,12.51,0,399.85
295.62,5,12.51,0,399.85
295.82,5,12.51,0,399.85
296.02,5,12.52,0,399.63
296.22,5,12.48,0,400.28
296.42,5,12.52,0,399.63
296.62,5,12.5,0,400.06
296.82,4.99,12.54,0,399.05
297.02,4.99,12.5,0,399.69
297.22,5,12.5,0,400.06
297.42,5,12.5,0,400.06
297.62,5,12.5,0,400.06
297.82,5,12.51,0,399.85
298.02,5,12.5,0,400.06
298.22,5,12.51,0,399.85
298.42,4.99,12.51,0,399.48
298.62,5,12.5,0,400.06
298.82,5,12.51,0,399.85
299.02,5,12.5,0,400.06
299.22,5,12.51,0,399.85
299.42,5,12.51,0,399.85
299.62,5,12.51,0,399.85
299.82,4.99,12.51,0,399.48
300.02,5,12.5,0,400.06
300.22,5,12.51,0,399.85
300.42,5,12.5,0,400.06
300.62,4.99,12.51,0,399.48
300.82,4.99,12.52,0,399.26
301.02,4.99,12.5,0,399.69
301.22,5,12.5,0,400.06
301.42,5,12.5,0,400.06
301.62,4.99,12.51,0,399.48
301.82,5,12.51,0,399.85
302.02,4.99,12.51,0,399.48
302.22,5,12.5,0,400.06
302.42,4.99,12.51,0,399.48
302.62,5,12.51,0,399.85
313.02,5,12.51,0,399.85
313.22,5,12.5,0,400.06
313.42,5,12.5,0,400.06
313.62,4.99,12.52,0,399.26
313.82,5,12.51,0,399.85
314.02,5,12.51,0,399.85
314.22,4.99,12.51,0,399.48
314.42,5,12.5,0,400.06
314.62,5,12.5,0,400.06
314.82,5,12.51,0,399.85
315.02,5,12.5,0,400.06
315.22,5,12.5,0,400.06
315.42,5,12.51,0,399.85
315.62,5,12.48,0,400.28
315.82,5,12.51,0,399.85
316.02,5,12.51,0,399.85
316.22,4.99,12.52,0,399.26
316.42,5,12.5,0,400.06
316.62,5,12.51,0,399.85
316.82,5,12.5,0,400.06
317.02,5,12.51,0,399.85
317.22,5,12.5,0,400.06
317.42,5,12.51,0,399.85
317.62,5,12.51,0,399.85
317.82,5,12.48,0,400.28
318.02,5,12.51,0,399.85
318.22,5,12.51,0,399.85
318.42,5,12.51,0,399.85
318.62,5,12.51,0,399.85
318.82,5,12.51,0,399.85
319.02,4.99,12.52,0,399.26
319.22,5,12.5,0,400.06
319.42,5,12.48,0,400.28
319.62,4.99,12.51,0,399.48
319.82,5,12.5,0,400.06
320.02,5,12.52,0,399.63
320.22,5,12.51,0,399.85
320.42,5,12.51,0,399.85
320.62,4.99,12.51,0,399.48
320.82,4.99,12.51,0,399.48
321.02,5,12.5,0,400.06
321.22,5,12.5,0,400.06
321.42,5,12.51,0,399.85
321.62,5,12.52,0,399.63
321.82,4.99,12.5,0,399.69
322.02,5,12.51,0,399.85
322.22,5,12.52,0,399.63
322.42,5,12.5,0,400.06
322.62,5,12.52,0,399.63
322.82,5,12.5,0,400.06
323.02,5,12.51,0,399.85
323.22,5,12.51,0,399.85
323.42,5,12.5,0,400.06
323.62,5,12.52,0,399.63
323.82,5,12.51,0,399.85
324.02,5,12.51,0,399.85
324.22,5,12.5,0,400.06
345.21,5,12.5,0,400.06
345.41,5,12.5,0,400.06
345.61,4.99,12.51,0,399.48
345.81,5,12.5,0,400.06
346.01,5,12.5,0,400.06
346.21,5,12.52,0,399.63
346.41,5,12.5,0,400.06
346.61,5,12.51,0,399.85
346.81,5,12.51,0,399.85
347.01,5,12.5,0,400.06
347.21,5,12.5,0,400.06
347.41,5,12.5,0,400.06
347.61,5,12.48,0,400.28
347.81,4.99,12.51,0,399.48
348.01,4.99,12.51,0,399.48
348.21,5,12.51,0,399.85
348.41,4.99,12.51,0,399.48
348.61,5,12.5,0,400.06
348.81,4.99,12.51,0,399.48
349.01,4.99,12.52,0,399.26
349.21,5,12.5,0,400.06
349.41,4.99,12.51,0,399.48
349.61,4.99,12.5,0,399.69
349.81,5,12.5,0,400.06
350.01,5,12.51,0,399.85
350.21,5,12.5,0,400.06
350.41,5,12.5,0,400.06
350.61,5,12.51,0,399.85
350.81,5,12.51,0,399.85
351.01,5,12.52,0,399.63
351.21,5,12.51,0,399.85
351.41,5,12.51,0,399.85
351.61,5,12.51,0,399.85
351.81,5,12.51,0,399.85
352.01,5,12.51,0,399.85
352.21,5,12.5,0,400.06
352.41,4.99,12.51,0,399.48
352.61,5,12.51,0,399.85
352.81,5,12.51,0,399.85
353.01,5,12.51,0,399.85
353.21,4.99,12.51,0,399.48
353.41,5,12.51,0,399.85
371.3,5.01,12.51,0,400.22
371.5,4.99,12.5,0,399.69
371.7,5,12.52,0,399.63
371.89,5,12.51,0,399.85
372.1,5,12.5,0,400.06
372.3,5,12.5,0,400.06
372.5,5,12.51,0,399.85
372.7,5,12.52,0,399.63
372.9,5,12.5,0,400.06
373.1,5,12.51,0,399.85
373.3,5,12.5,0,400.06
373.5,5,12.51,0,399.85
373.7,5,12.51,0,399.85
373.9,5,12.5,0,400.06
374.1,5,12.5,0,400.06
374.3,5,12.51,0,399.85
374.5,5,12.5,0,400.06
374.7,5,12.52,0,399.63
374.9,5,12.51,0,399.85
375.1,5,12.5,0,400.06
375.3,5,12.51,0,399.85
375.5,5,12.51,0,399.85
375.7,5,12.51,0,399.85
375.9,4.99,12.52,0,399.26
376.1,4.99,12.5,0,399.69
376.3,5,12.51,0,399.85
376.5,4.99,12.5,0,399.69
376.7,4.99,12.5,0,399.69
376.9,5,12.51,0,399.85
377.1,5,12.5,0,400.06
377.3,4.99,12.51,0,399.48
377.5,5,12.52,0,399.63
377.7,5,12.51,0,399.85
377.9,5,12.52,0,399.63
378.1,5,12.5,0,400.06
378.3,5,12.51,0,399.85
378.5,5,12.51,0,399.85
378.7,4.99,12.5,0,399.69
378.9,4.99,12.51,0,399.48
379.1,5,12.52,0,399.63
379.3,5,12.5,0,400.06
379.5,5,12.5,0,400.06
379.7,4.99,12.5,0,399.69
379.9,4.99,12.51,0,399.48
380.1,5,12.5,0,400.06
380.3,5,12.5,0,400.06
380.5,5,12.5,0,400.06
380.7,5,12.5,0,400.06
380.9,5,12.51,0,399.85
381.1,5,12.5,0,400.06
381.3,5,12.51,0,399.85
381.5,5,12.51,0,399.85
381.7,5,12.5,0,400.06
381.9,4.99,12.51,0,399.48
382.1,5,12.51,0,399.85
382.3,5,12.51,0,399.85
382.5,5,12.52,0,399.63
382.7,5,12.52,0,399.63
382.9,4.99,12.51,0,399.48
383.1,4.99,12.5,0,399.69
383.3,5,12.5,0,400.06
383.5,4.99,12.48,0,399.91
383.7,5,12.51,0,399.85
383.9,5,12.51,0,399.85
384.1,5,12.52,0,399.63
384.3,5,12.51,0,399.85
384.5,5,12.51,0,399.85
384.7,5,12.51,0,399.85
384.9,4.99,12.51,0,399.48
385.1,4.99,12.51,0,399.48
385.3,5,12.51,0,399.85
385.5,5,12.5,0,400.06
385.7,5,12.52,0,399.63
385.9,4.99,12.51,0,399.48
386.1,5,12.51,0,399.85
386.3,5,12.51,0,399.85
386.5,5,12.51,0,399.85
386.7,5,12.5,0,400.06
386.9,5,12.51,0,399.85
387.1,5,12.51,0,399.85
387.3,4.99,12.51,0,399.48
387.5,5,12.5,0,400.06
387.7,5,12.51,0,399.85
387.9,5,12.5,0,400.06
388.1,5,12.51,0,399.85
388.3,4.99,12.5,0,399.69
388.5,5,12.5,0,400.06
388.7,5,12.51,0,399.85
388.9,5,12.5,0,400.06
389.1,5,12.51,0,399.85
389.3,5,12.51,0,399.85
389.5,5,12.5,0,400.06
389.7,4.99,12.51,0,399.48
389.9,5,12.5,0,400.06
390.1,5,12.51,0,399.85
390.3,5,12.52,0,399.63
390.5,4.99,12.5,0,399.69
390.7,5,12.51,0,399.85
390.9,5,12.5,0,400.06
391.1,4.99,12.51,0,399.48
391.3,5,12.52,0,399.63
391.5,5,12.51,0,399.85
391.7,5,12.5,0,400.06
391.9,5,12.52,0,399.63
392.1,5,12.52,0,399.63
392.3,5,12.51,9.78,399.85
392.5,4.99,12.5,0,399.69
392.7,4.99,12.52,0,399.26
392.9,5,12.5,0,400.06
393.1,5,12.51,0,399.85
393.3,5,12.5,0,400.06
393.5,5,12.5,0,400.06
393.7,5,12.51,0,399.85
