# material: PETG,,,,
# geometry: cyl,,,,
# preform_diameter: 20.0,,,,
# material_color: Clear,,,,
# temperature_C: 190.0,,,,
# drawdown_ratio: 20.0,,,,
# trial_number: 001,,,,
# operator: Luka,,,,
# start_time: 2025-06-18 13:18:55,,,,
# notes: testing lower draw cone in oven,,,,
Time(s),Feed(mm/min),Wind(m/min),Diameter(um),Predicted_diameter(um)
1.22,9.5,3.02,899.32,1121.57
1.42,9.49,3.03,879.77,1118.53
1.62,9.49,3.03,879.77,1118.53
1.82,9.49,3.03,889.54,1118.53
2.02,9.49,3.03,889.54,1118.53
2.22,9.49,3.03,889.54,1118.53
2.42,9.49,3.05,909.09,1116.07
2.62,9.49,3.02,899.32,1121.02
2.82,9.48,3.03,889.54,1117.98
3.02,9.48,3.03,909.09,1117.98
3.22,9.5,3.02,928.64,1121.57
3.42,9.49,3.03,909.09,1118.53
3.62,9.49,3.03,928.64,1118.53
3.82,9.49,3.03,918.87,1118.53
4.02,9.49,3.03,948.19,1118.53
4.22,9.49,3.05,928.64,1116.07
4.42,9.5,3.03,899.32,1119.08
4.62,9.49,3.03,938.42,1118.53
4.82,9.49,3.03,928.64,1118.53
5.02,9.5,3.03,957.97,1119.08
5.22,9.49,3.03,997.07,1118.53
5.42,9.49,3.03,997.07,1118.53
5.62,9.5,3.03,977.52,1119.08
5.82,9.49,3.03,987.29,1118.53
6.02,9.49,3.03,948.19,1118.53
6.22,9.49,3.02,987.29,1121.02
6.42,9.49,3.02,977.52,1121.02
6.62,9.5,3.03,997.07,1119.08
6.82,9.49,3.03,997.07,1118.53
7.02,9.5,3.02,967.74,1121.57
7.22,9.49,3.06,987.29,1113.62
7.42,9.49,3.03,1016.62,1118.53
7.62,9.49,3.02,987.29,1121.02
7.82,9.48,3.03,948.19,1117.98
8.02,9.48,3.02,977.52,1120.47
8.22,9.49,3.05,948.19,1116.07
8.42,9.49,3.03,967.74,1118.53
8.62,9.49,3.02,977.52,1121.02
8.82,9.49,3.03,997.07,1118.53
9.02,9.49,3.03,987.29,1118.53
9.22,9.5,3.02,987.29,1121.57
9.42,9.48,3.03,977.52,1117.98
9.62,9.49,3.03,987.29,1118.53
9.82,9.51,3.06,967.74,1114.71
10.02,9.49,3.03,987.29,1118.53
10.22,9.48,3.03,1006.84,1117.98
10.42,9.49,3.02,987.29,1121.02
10.62,9.49,3.05,987.29,1116.07
10.82,9.51,3.03,967.74,1119.63
11.02,9.48,3.06,977.52,1113.07
11.22,9.48,3.03,987.29,1117.98
11.42,9.49,3.02,1006.84,1121.02
11.62,9.49,3.05,1055.72,1116.07
11.82,9.5,3.03,1085.04,1119.08
12.02,9.49,3.03,1075.27,1118.53
12.22,9.48,3.03,1075.27,1117.98
12.42,9.49,3.03,1085.04,1118.53
12.62,9.5,3.05,1065.49,1116.61
12.82,9.48,3.03,1075.27,1117.98
13.02,9.5,3.03,1065.49,1119.08
13.22,9.49,3.03,1104.59,1118.53
13.42,9.49,3.02,1094.82,1121.02
13.62,9.49,3.03,1065.49,1118.53
13.82,9.49,3.02,1085.04,1121.02
14.02,9.5,3.03,1065.49,1119.08
14.22,9.49,3.05,1094.82,1116.07
14.42,9.48,3.03,1133.92,1117.98
14.62,9.49,3.03,1143.69,1118.53
14.82,9.5,3.03,1143.69,1119.08
15.02,9.49,3.03,1114.37,1118.53
15.22,9.5,3.03,1124.14,1119.08
15.42,9.5,3.02,1124.14,1121.57
15.62,9.49,3.05,1094.82,1116.07
15.82,9.49,3.03,1075.27,1118.53
16.02,9.5,3.03,1075.27,1119.08
16.22,9.5,3.03,1124.14,1119.08
16.42,9.5,3.03,1104.59,1119.08
16.62,9.49,3.03,1114.37,1118.53
16.82,9.49,3.03,1133.92,1118.53
17.02,9.5,3.03,1133.92,1119.08
17.22,9.48,3.03,1114.37,1117.98
17.42,9.49,3.03,1094.82,1118.53
17.62,9.49,3.03,1094.82,1118.53
17.82,9.48,3.03,1114.37,1117.98
18.02,9.5,3.03,1124.14,1119.08
18.22,9.49,3.03,1133.92,1118.53
18.42,9.48,3.02,1153.47,1120.47
18.62,9.5,3.02,1153.47,1121.57
18.82,9.48,3.03,1133.92,1117.98
19.02,9.49,3.03,1143.69,1118.53
19.22,9.51,3.03,1143.69,1119.63
19.42,9.47,3.03,1182.8,1117.44
19.62,9.49,3.03,1173.02,1118.53
19.82,9.49,3.03,1192.57,1118.53
20.02,9.48,3.05,1163.25,1115.52
20.22,9.5,3.03,1173.02,1119.08
20.42,9.48,3.03,1173.02,1117.98
20.62,9.47,3.05,1192.57,1114.97
20.82,9.49,3.02,1202.35,1121.02
21.02,9.49,3.03,1231.67,1118.53
21.22,9.5,3.05,1221.9,1116.61
21.42,9.5,3.02,1212.12,1121.57
21.62,9.48,3.03,1212.12,1117.98
21.82,9.5,3.03,1231.67,1119.08
22.02,9.48,3.03,1231.67,1117.98
22.22,9.49,3.03,1261,1118.53
22.42,9.5,3.02,1270.77,1121.57
22.62,9.49,3.03,1290.32,1118.53
22.82,9.5,3.03,1300.1,1119.08
23.02,9.5,3.03,1339.2,1119.08
23.22,9.48,3.05,1358.75,1115.52
23.42,9.49,3.06,1319.65,1113.62
23.62,9.49,3.03,1300.1,1118.53
23.82,9.49,3.03,1300.1,1118.53
24.02,9.49,3.03,1290.32,1118.53
24.22,9.49,3.03,1319.65,1118.53
24.42,9.5,3.03,1388.07,1119.08
24.62,9.5,3.03,1427.17,1119.08
24.82,9.49,3.03,1456.5,1118.53
25.02,9.49,3.02,1436.95,1121.02
25.22,9.49,3.03,1446.73,1118.53
25.42,9.49,3.03,1427.17,1118.53
25.62,9.5,3.03,1436.95,1119.08
25.82,9.48,3.03,1436.95,1117.98
26.02,9.49,3.03,1417.4,1118.53
26.22,9.49,3.03,1407.62,1118.53
26.42,9.49,3.03,1368.52,1118.53
26.62,9.49,3.02,1348.97,1121.02
26.82,9.49,3.05,1397.85,1116.07
27.02,9.48,3.05,1358.75,1115.52
27.22,9.48,3.02,1358.75,1120.47
27.42,9.49,3.05,1368.52,1116.07
27.62,9.5,3.03,1339.2,1119.08
27.82,9.49,3.02,1339.2,1121.02
28.02,9.49,3.02,1388.07,1121.02
28.22,9.5,3.03,1368.52,1119.08
28.42,9.48,3.05,1329.42,1115.52
28.62,9.5,3.03,1309.87,1119.08
28.82,9.5,3.05,1280.55,1116.61
29.02,9.48,3.03,1319.65,1117.98
29.22,9.49,3.03,1290.32,1118.53
29.42,9.49,3.03,1261,1118.53
29.62,9.5,3.03,1280.55,1119.08
29.82,9.49,3.03,1261,1118.53
30.02,9.48,3.03,1231.67,1117.98
30.22,9.49,3.03,1212.12,1118.53
30.42,9.5,3.05,1192.57,1116.61
30.62,9.5,3.02,1182.8,1121.57
30.82,9.49,3.03,1173.02,1118.53
31.02,9.48,3.05,1202.35,1115.52
31.22,9.49,3.02,1163.25,1121.02
31.42,9.49,3.02,1173.02,1121.02
31.62,9.49,3.03,1163.25,1118.53
31.82,9.5,3.02,1182.8,1121.57
32.02,9.49,3.05,1163.25,1116.07
32.22,9.48,3.03,1173.02,1117.98
32.42,9.5,3.03,1133.92,1119.08
32.62,9.48,3.05,1133.92,1115.52
32.82,9.51,3.03,1114.37,1119.63
33.02,9.48,3.03,1182.8,1117.98
33.22,9.5,3.03,1202.35,1119.08
33.42,9.5,3.03,1202.35,1119.08
33.62,9.49,3.05,1192.57,1116.07
33.82,9.5,3.02,1173.02,1121.57
34.02,9.49,3.03,1133.92,1118.53
34.22,9.48,3.05,1124.14,1115.52
34.42,9.5,3.02,1133.92,1121.57
34.62,9.48,3.03,1143.69,1117.98
34.82,9.49,3.03,1163.25,1118.53
35.02,9.49,3.03,1173.02,1118.53
35.22,9.49,3.05,1202.35,1116.07
35.42,9.48,3.03,1192.57,1117.98
35.62,9.49,3.03,1241.45,1118.53
35.82,9.49,3.05,1270.77,1116.07
36.02,9.49,3.03,1251.22,1118.53
36.22,9.48,3.03,1231.67,1117.98
36.42,9.48,3.03,1241.45,1117.98
36.62,9.48,3.02,1221.9,1120.47
36.82,9.49,3.05,1212.12,1116.07
37.02,9.5,3.03,1221.9,1119.08
37.22,9.49,3.05,1231.67,1116.07
37.42,9.48,3.03,1261,1117.98
37.62,9.5,3.02,1261,1121.57
37.82,9.49,3.03,1309.87,1118.53
38.02,9.5,3.03,1329.42,1119.08
38.22,9.5,3.03,1329.42,1119.08
38.42,9.48,3.05,1319.65,1115.52
38.62,9.48,3.03,1348.97,1117.98
38.82,9.5,3.05,1407.62,1116.61
39.02,9.49,3.02,1476.05,1121.02
39.22,9.5,3.01,1495.6,1124.07
39.42,9.48,3.03,1495.6,1117.98
39.62,9.49,3.02,1524.93,1121.02
39.82,9.48,3.02,1524.93,1120.47
40.02,9.49,3.05,1505.38,1116.07
40.22,9.5,3.02,1466.28,1121.57
40.42,9.49,3.03,1446.73,1118.53
40.62,9.49,3.03,1436.95,1118.53
40.82,9.5,3.02,1417.4,1121.57
41.02,9.48,3.03,1427.17,1117.98
41.22,9.49,3.03,1407.62,1118.53
41.42,9.5,3.02,1397.85,1121.57
41.62,9.5,3.03,1378.3,1119.08
41.82,9.5,3.03,1358.75,1119.08
42.02,9.49,3.05,1388.07,1116.07
42.22,9.5,3.03,1407.62,1119.08
42.42,9.5,3.02,1407.62,1121.57
42.62,9.48,3.05,1466.28,1115.52
42.82,9.49,3.02,1495.6,1121.02
43.02,9.49,3.05,1505.38,1116.07
43.22,9.49,3.03,1534.7,1118.53
43.42,9.5,3.02,1515.15,1121.57
43.62,9.49,3.05,1534.7,1116.07
43.82,9.5,3.02,1544.48,1121.57
44.02,9.5,3.03,1544.48,1119.08
44.22,9.49,3.05,1495.6,1116.07
44.42,9.5,3.03,1456.5,1119.08
44.62,9.48,3.02,1476.05,1120.47
44.82,9.49,3.03,1485.83,1118.53
45.02,9.51,3.02,1515.15,1122.12
45.22,9.48,3.03,1495.6,1117.98
45.42,9.5,3.03,1495.6,1119.08
45.62,9.49,3.03,1505.38,1118.53
45.82,9.5,3.02,1505.38,1121.57
46.02,9.49,3.02,1583.58,1121.02
46.22,9.48,3.03,1583.58,1117.98
46.42,9.49,3.03,1593.35,1118.53
46.62,9.5,3.03,1554.25,1119.08
46.82,9.48,3.03,1544.48,1117.98
47.02,9.49,3.02,1554.25,1121.02
47.22,9.49,3.03,1593.35,1118.53
47.42,9.49,3.03,1524.93,1118.53
47.62,9.5,3.02,1495.6,1121.57
47.82,9.48,3.03,1505.38,1117.98
48.02,9.49,3.03,1515.15,1118.53
48.22,9.5,3.03,1466.28,1119.08
48.42,9.48,3.03,1436.95,1117.98
48.62,9.49,3.03,1436.95,1118.53
48.82,9.48,3.03,1466.28,1117.98
49.02,9.5,3.02,1446.73,1121.57
49.22,9.49,3.03,1476.05,1118.53
49.42,9.49,3.03,1485.83,1118.53
49.62,9.5,3.03,1505.38,1119.08
49.82,9.49,3.03,1505.38,1118.53
50.02,9.48,3.03,1534.7,1117.98
50.22,9.5,3.03,1524.93,1119.08
50.42,9.5,3.03,1515.15,1119.08
50.62,9.49,3.02,1495.6,1121.02
50.82,9.5,3.03,1476.05,1119.08
51.02,9.5,3.03,1505.38,1119.08
51.22,9.48,3.05,1485.83,1115.52
51.42,9.49,3.06,1495.6,1113.62
51.62,9.5,3.03,1485.83,1119.08
51.82,9.49,3.01,1495.6,1123.52
52.02,9.49,3.05,1554.25,1116.07
52.22,9.5,3.02,1573.8,1121.57
52.42,9.49,3.03,1612.9,1118.53
52.62,9.5,3.02,1603.13,1121.57
52.82,9.49,3.03,1564.03,1118.53
53.02,9.47,3.03,1612.9,1117.44
53.22,9.49,3.03,1642.23,1118.53
53.42,9.49,3.03,1671.55,1118.53
53.62,9.49,3.03,1593.35,1118.53
53.82,9.49,3.02,1573.8,1121.02
54.02,9.48,3.03,1554.25,1117.98
54.22,9.5,3.03,1544.48,1119.08
54.42,9.49,3.05,1544.48,1116.07
54.62,9.48,3.05,1573.8,1115.52
54.82,9.49,3.03,1583.58,1118.53
55.02,9.49,3.03,1593.35,1118.53
55.22,9.5,3.02,1593.35,1121.57
55.42,9.49,3.05,1603.13,1116.07
55.62,9.49,3.05,1593.35,1116.07
55.82,9.5,3.02,1573.8,1121.57
56.02,9.49,3.03,1583.58,1118.53
56.22,9.49,3.02,1573.8,1121.02
56.42,9.5,3.05,1564.03,1116.61
56.62,9.49,3.03,1583.58,1118.53
56.82,9.5,3.05,1583.58,1116.61
57.02,9.49,3.05,1583.58,1116.07
57.22,9.48,3.03,1593.35,1117.98
57.42,9.49,3.02,1612.9,1121.02
57.62,9.5,3.02,1612.9,1121.57
57.82,9.49,3.03,1612.9,1118.53
58.02,9.48,3.03,1593.35,1117.98
58.22,9.48,3.03,1622.68,1117.98
58.42,9.49,3.02,1622.68,1121.02
58.62,9.5,3.03,1612.9,1119.08
58.82,9.49,3.03,1603.13,1118.53
59.02,9.47,3.03,1583.58,1117.44
59.22,9.48,3.05,1593.35,1115.52
59.42,9.48,3.03,1603.13,1117.98
59.62,9.49,3.03,1622.68,1118.53
59.82,9.49,3.03,1593.35,1118.53
60.02,9.49,3.05,1622.68,1116.07
60.22,9.49,3.05,1632.45,1116.07
60.42,9.5,3.02,1652,1121.57
60.62,9.49,3.03,1681.33,1118.53
60.82,9.5,3.03,1661.78,1119.08
61.02,9.5,3.03,1652,1119.08
61.22,9.49,3.05,1652,1116.07
61.42,9.49,3.03,1642.23,1118.53
61.62,9.49,3.05,1632.45,1116.07
61.82,9.5,3.05,1632.45,1116.61
62.02,9.49,3.03,1652,1118.53
62.22,9.48,3.03,1671.55,1117.98
62.42,9.49,3.02,1671.55,1121.02
62.62,9.48,3.05,1652,1115.52
62.82,9.5,3.03,1700.88,1119.08
63.02,9.49,3.03,1700.88,1118.53
63.22,9.48,3.03,1720.43,1117.98
63.42,9.51,3.02,1720.43,1122.12
63.62,9.49,3.05,1720.43,1116.07
63.82,9.5,3.03,1710.65,1119.08
64.02,9.5,3.03,1720.43,1119.08
64.22,9.5,3.03,1720.43,1119.08
64.42,9.48,3.02,1720.43,1120.47
64.62,9.49,3.05,1730.21,1116.07
64.82,9.49,3.05,1759.53,1116.07
65.02,9.5,3.02,1749.76,1121.57
65.22,9.49,3.02,1788.86,1121.02
65.42,9.5,3.02,1769.31,1121.57
65.62,9.48,3.03,1759.53,1117.98
65.82,9.49,3.03,1779.08,1118.53
66.02,9.51,3.02,1779.08,1122.12
66.22,9.49,3.03,1818.18,1118.53
66.42,9.49,3.02,1788.86,1121.02
66.62,9.49,3.03,1818.18,1118.53
66.82,9.48,3.05,1818.18,1115.52
67.02,9.5,3.02,1808.41,1121.57
67.22,9.48,3.05,1818.18,1115.52
67.42,9.48,3.02,1827.96,1120.47
67.62,9.48,3.03,1837.73,1117.98
67.82,9.49,3.03,1818.18,1118.53
68.02,9.49,3.03,1808.41,1118.53
68.22,9.49,3.05,1808.41,1116.07
68.42,9.5,3.03,1808.41,1119.08
68.62,9.49,3.03,1779.08,1118.53
68.82,9.5,3.05,1779.08,1116.61
69.02,9.5,3.03,1779.08,1119.08
69.22,9.49,3.03,1788.86,1118.53
69.42,9.49,3.03,1808.41,1118.53
69.62,9.5,3.03,1779.08,1119.08
69.82,9.48,3.03,1769.31,1117.98
70.02,9.5,3.02,1769.31,1121.57
70.22,9.49,3.07,1798.63,1111.18
70.42,9.48,3.03,1798.63,1117.98
70.62,9.48,3.02,1818.18,1120.47
70.82,9.49,3.05,1798.63,1116.07
71.02,9.5,3.03,1818.18,1119.08
71.22,9.5,3.05,1827.96,1116.61
71.42,9.49,3.03,1837.73,1118.53
71.62,9.5,3.02,1818.18,1121.57
71.82,9.49,3.02,1827.96,1121.02
72.02,9.49,3.03,1827.96,1118.53
72.22,9.49,3.03,1808.41,1118.53
72.42,9.49,3.05,1798.63,1116.07
72.62,9.48,3.03,1818.18,1117.98
72.82,9.49,3.05,1818.18,1116.07
73.02,9.48,3.05,1857.28,1115.52
73.22,9.5,3.03,1896.38,1119.08
73.42,9.49,3.03,1925.71,1118.53
73.62,9.49,3.03,1915.93,1118.53
73.82,9.47,3.02,1906.16,1119.92
74.02,9.49,3.03,1886.61,1118.53
74.22,9.49,3.02,1886.61,1121.02
74.42,9.51,3.05,1896.38,1117.16
74.62,9.48,3.03,1906.16,1117.98
74.82,9.49,3.02,1906.16,1121.02
75.02,9.5,3.03,1925.71,1119.08
75.22,9.49,3.05,1896.38,1116.07
75.42,9.5,3.03,1876.83,1119.08
75.62,9.5,3.03,1896.38,1119.08
75.82,9.48,3.03,1925.71,1117.98
76.02,9.49,3.05,1906.16,1116.07
76.22,9.49,3.02,1906.16,1121.02
76.42,9.5,3.03,1896.38,1119.08
76.62,9.49,3.03,1876.83,1118.53
76.82,9.5,3.02,1876.83,1121.57
77.02,9.48,3.03,1867.06,1117.98
77.22,9.5,3.03,1876.83,1119.08
77.42,9.5,3.02,1847.51,1121.57
77.62,9.5,3.05,1886.61,1116.61
77.82,9.48,3.02,1886.61,1120.47
78.02,9.5,3.03,1867.06,1119.08
78.22,9.49,3.03,1896.38,1118.53
78.42,9.49,3.03,1886.61,1118.53
78.62,9.49,3.03,1867.06,1118.53
78.82,9.48,3.05,1876.83,1115.52
79.02,9.49,3.03,1886.61,1118.53
79.22,9.49,3.03,1896.38,1118.53
79.42,9.5,3.03,1886.61,1119.08
79.62,9.5,3.03,1925.71,1119.08
79.82,9.48,3.03,1915.93,1117.98
80.02,9.5,3.02,1935.48,1121.57
80.22,9.48,3.02,1915.93,1120.47
80.42,9.49,3.03,1906.16,1118.53
80.62,9.51,3.03,1886.61,1119.63
80.82,9.5,3.03,1876.83,1119.08
81.02,9.49,3.03,1886.61,1118.53
81.22,9.49,3.02,1896.38,1121.02
81.42,9.5,3.02,1906.16,1121.57
81.62,9.49,3.02,1906.16,1121.02
81.82,9.48,3.03,1906.16,1117.98
82.02,9.48,3.03,1886.61,1117.98
82.22,9.5,3.03,1876.83,1119.08
82.42,9.5,3.03,1857.28,1119.08
82.62,9.49,3.03,1857.28,1118.53
82.82,9.48,3.03,1906.16,1117.98
83.02,9.49,3.03,1896.38,1118.53
83.22,9.49,3.02,1906.16,1121.02
83.42,9.49,3.03,1906.16,1118.53
83.62,9.5,3.03,1915.93,1119.08
83.82,9.49,3.06,1896.38,1113.62
84.02,9.49,3.02,1906.16,1121.02
84.22,9.5,3.05,1896.38,1116.61
84.42,9.48,3.03,1915.93,1117.98
84.62,9.49,3.03,1915.93,1118.53
84.82,9.49,3.02,1915.93,1121.02
85.02,9.49,3.02,1925.71,1121.02
85.22,9.49,3.03,1886.61,1118.53
85.42,9.49,3.03,1915.93,1118.53
85.62,9.5,3.03,1935.48,1119.08
85.82,9.49,3.05,1955.03,1116.07
86.02,9.48,3.03,1974.58,1117.98
86.22,9.5,3.02,1955.03,1121.57
86.42,9.47,3.03,1964.81,1117.44
86.62,9.49,3.03,1964.81,1118.53
86.82,9.5,3.03,1886.61,1119.08
87.02,9.49,3.05,1925.71,1116.07
87.22,9.5,3.03,1906.16,1119.08
87.42,9.49,3.03,1886.61,1118.53
87.62,9.49,3.03,1867.06,1118.53
87.82,9.49,3.02,1847.51,1121.02
88.02,9.48,3.05,1876.83,1115.52
88.22,9.5,3.02,1906.16,1121.57
88.42,9.48,3.03,1915.93,1117.98
88.62,9.48,3.03,1896.38,1117.98
88.82,9.5,3.02,1886.61,1121.57
89.02,9.49,3.03,1886.61,1118.53
89.22,9.49,3.05,1886.61,1116.07
89.42,9.5,3.02,1876.83,1121.57
89.62,9.48,3.05,1906.16,1115.52
89.82,9.5,3.03,1896.38,1119.08
90.02,9.48,3.05,1876.83,1115.52
90.22,9.49,3.03,1915.93,1118.53
90.42,9.5,3.02,1876.83,1121.57
90.62,9.48,3.05,1876.83,1115.52
90.82,9.51,3.05,1837.73,1117.16
91.02,9.49,3.03,1827.96,1118.53
91.22,9.48,3.03,1837.73,1117.98
91.42,9.49,3.02,1857.28,1121.02
91.62,9.48,3.03,1857.28,1117.98
91.82,9.49,3.05,1876.83,1116.07
92.02,9.51,3.02,1867.06,1122.12
92.22,9.5,3.05,1867.06,1116.61
92.42,9.49,3.03,1867.06,1118.53
92.62,9.5,3.03,1837.73,1119.08
92.82,9.49,3.03,1857.28,1118.53
93.02,9.5,3.03,1857.28,1119.08
93.22,9.48,3.05,1857.28,1115.52
93.42,9.49,3.03,1867.06,1118.53
93.62,9.5,3.02,1896.38,1121.57
93.82,9.49,3.05,1915.93,1116.07
94.02,9.5,3.03,1935.48,1119.08
94.22,9.49,3.03,1955.03,1118.53
94.42,9.48,3.03,1964.81,1117.98
94.62,9.49,3.03,1955.03,1118.53
94.82,9.49,3.03,1945.26,1118.53
95.02,9.5,3.03,1906.16,1119.08
95.22,9.49,3.05,1925.71,1116.07
95.42,9.49,3.01,1945.26,1123.52
95.62,9.49,3.02,1906.16,1121.02
95.82,9.48,3.03,1886.61,1117.98
96.02,9.5,3.03,1886.61,1119.08
96.22,9.5,3.03,1857.28,1119.08
96.42,9.49,3.03,1876.83,1118.53
96.62,9.49,3.03,1876.83,1118.53
96.82,9.5,3.05,1876.83,1116.61
97.02,9.49,3.03,1876.83,1118.53
97.22,9.49,3.05,1906.16,1116.07
97.42,9.5,3.05,1935.48,1116.61
97.62,9.49,3.02,1935.48,1121.02
97.82,9.49,3.03,1935.48,1118.53
98.02,9.49,3.05,1935.48,1116.07
98.22,9.5,3.02,1906.16,1121.57
98.42,9.48,3.05,1886.61,1115.52
98.62,9.48,3.03,1876.83,1117.98
98.82,9.5,3.03,1876.83,1119.08
99.02,9.5,3.05,1896.38,1116.61
99.22,9.5,3.02,1896.38,1121.57
99.42,9.48,3.06,1857.28,1113.07
99.62,9.49,3.02,1867.06,1121.02
99.82,9.49,3.03,1876.83,1118.53
100.02,9.5,3.05,1915.93,1116.61
100.22,9.51,3.03,1886.61,1119.63
100.42,9.49,3.03,1867.06,1118.53
100.62,9.5,3.03,1886.61,1119.08
100.82,9.49,3.02,1867.06,1121.02
101.02,9.49,3.03,1837.73,1118.53
101.22,9.5,3.03,1837.73,1119.08
101.42,9.5,3.03,1818.18,1119.08
101.62,9.48,3.02,1808.41,1120.47
101.82,9.51,3.03,1759.53,1119.63
102.02,9.49,3.05,1769.31,1116.07
102.22,9.49,3.05,1759.53,1116.07
102.42,9.49,3.03,1798.63,1118.53
102.62,9.49,3.05,1779.08,1116.07
102.82,9.49,3.02,1769.31,1121.02
103.02,9.48,3.05,1749.76,1115.52
103.22,9.48,3.03,1759.53,1117.98
103.42,9.49,3.03,1749.76,1118.53
103.62,9.5,3.03,1759.53,1119.08
103.82,9.49,3.03,1759.53,1118.53
104.02,9.5,3.02,1749.76,1121.57
104.22,9.49,3.06,1759.53,1113.62
104.42,9.49,3.03,1779.08,1118.53
104.62,9.49,3.03,1788.86,1118.53
104.82,9.48,3.02,1788.86,1120.47
105.02,9.49,3.03,1779.08,1118.53
105.22,9.48,3.03,1769.31,1117.98
105.42,9.49,3.05,1759.53,1116.07
105.62,9.49,3.03,1749.76,1118.53
105.82,9.48,3.05,1720.43,1115.52
106.02,9.5,3.02,1730.21,1121.57
106.22,9.49,3.05,1700.88,1116.07
106.42,9.5,3.03,1710.65,1119.08
106.62,9.5,3.05,1720.43,1116.61
106.82,9.49,3.03,1730.21,1118.53
107.02,9.5,3.05,1720.43,1116.61
107.22,9.49,3.03,1730.21,1118.53
107.42,9.49,3.02,1691.1,1121.02
107.62,9.5,3.02,1691.1,1121.57
107.82,9.49,3.03,1691.1,1118.53
108.02,9.48,3.05,1691.1,1115.52
108.22,9.49,3.03,1681.33,1118.53
108.42,9.49,3.05,1700.88,1116.07
108.62,9.5,3.02,1710.65,1121.57
108.82,9.48,3.03,1710.65,1117.98
109.02,9.49,3.03,1700.88,1118.53
109.22,9.49,3.03,1710.65,1118.53
109.42,9.48,3.03,1730.21,1117.98
109.62,9.5,3.03,1700.88,1119.08
109.82,9.49,3.03,1661.78,1118.53
110.02,9.49,3.03,1661.78,1118.53
110.22,9.5,3.02,1681.33,1121.57
110.42,9.49,3.03,1681.33,1118.53
110.62,9.49,3.03,1691.1,1118.53
110.82,9.5,3.02,1700.88,1121.57
111.02,9.49,3.05,1710.65,1116.07
111.22,9.48,3.02,1720.43,1120.47
111.42,9.5,3.03,1730.21,1119.08
111.62,9.48,3.03,1720.43,1117.98
111.82,9.5,3.05,1681.33,1116.61
112.02,9.49,3.03,1691.1,1118.53
112.22,9.48,3.05,1671.55,1115.52
112.42,9.5,3.02,1681.33,1121.57
112.62,9.49,3.03,1661.78,1118.53
112.82,9.49,3.03,1681.33,1118.53
113.02,9.49,3.03,1700.88,1118.53
113.22,9.49,3.03,1730.21,1118.53
113.42,9.5,3.02,1720.43,1121.57
113.62,9.51,3.03,1681.33,1119.63
113.82,9.5,3.03,1691.1,1119.08
114.02,9.49,3.01,1661.78,1123.52
114.22,9.48,3.05,1661.78,1115.52
114.42,9.48,3.03,1642.23,1117.98
114.62,9.5,3.03,1603.13,1119.08
114.82,9.48,3.03,1612.9,1117.98
115.02,9.5,3.05,1603.13,1116.61
115.22,9.49,3.03,1593.35,1118.53
115.42,9.48,3.03,1612.9,1117.98
115.62,9.5,3.03,1593.35,1119.08
115.82,9.49,3.03,1573.8,1118.53
116.02,9.49,3.05,1573.8,1116.07
116.22,9.5,3.03,1554.25,1119.08
116.42,9.5,3.03,1573.8,1119.08
116.62,9.5,3.05,1564.03,1116.61
116.82,9.49,3.02,1573.8,1121.02
117.02,9.49,3.05,1583.58,1116.07
117.22,9.5,3.02,1593.35,1121.57
117.42,9.48,3.05,1593.35,1115.52
117.62,9.47,3.03,1593.35,1117.44
117.82,9.48,3.03,1583.58,1117.98
118.02,9.48,3.03,1593.35,1117.98
118.22,9.5,3.05,1573.8,1116.61
118.42,9.49,3.03,1593.35,1118.53
118.62,9.49,3.03,1583.58,1118.53
118.82,9.49,3.03,1593.35,1118.53
119.02,9.49,3.03,1612.9,1118.53
119.22,9.5,3.03,1603.13,1119.08
119.42,9.49,3.05,1583.58,1116.07
119.62,9.48,3.02,1573.8,1120.47
119.82,9.5,3.03,1583.58,1119.08
120.02,9.48,3.05,1593.35,1115.52
120.22,9.51,3.02,1603.13,1122.12
120.42,9.49,3.05,1593.35,1116.07
120.62,9.48,3.03,1622.68,1117.98
120.82,9.48,3.03,1583.58,1117.98
121.02,9.5,3.05,1603.13,1116.61
121.22,9.5,3.03,1583.58,1119.08
121.42,9.49,3.05,1583.58,1116.07
121.62,9.5,3.03,1583.58,1119.08
121.82,9.49,3.02,1564.03,1121.02
122.02,9.5,3.03,1603.13,1119.08
122.22,9.5,3.02,1583.58,1121.57
122.42,9.5,3.03,1622.68,1119.08
122.62,9.48,3.02,1642.23,1120.47
122.82,9.5,3.03,1642.23,1119.08
123.02,9.48,3.03,1661.78,1117.98
123.22,9.5,3.03,1652,1119.08
123.42,9.48,3.05,1661.78,1115.52
123.62,9.49,3.03,1661.78,1118.53
123.82,9.47,3.02,1632.45,1119.92
124.02,9.49,3.03,1593.35,1118.53
124.22,9.5,3.02,1593.35,1121.57
124.42,9.49,3.05,1573.8,1116.07
124.62,9.49,3.03,1573.8,1118.53
124.82,9.5,3.03,1583.58,1119.08
125.02,9.49,3.03,1622.68,1118.53
125.22,9.5,3.02,1622.68,1121.57
125.42,9.49,3.03,1622.68,1118.53
125.62,9.48,3.03,1622.68,1117.98
125.82,9.49,3.03,1603.13,1118.53
126.02,9.5,3.05,1622.68,1116.61
126.22,9.5,3.05,1622.68,1116.61
126.42,9.5,3.03,1632.45,1119.08
126.62,9.49,3.05,1632.45,1116.07
126.82,9.49,3.02,1632.45,1121.02
127.02,9.48,3.03,1652,1117.98
127.22,9.5,3.03,1661.78,1119.08
127.42,9.51,3.02,1652,1122.12
127.62,9.49,3.03,1661.78,1118.53
127.82,9.5,3.03,1642.23,1119.08
128.02,9.49,3.03,1632.45,1118.53
128.22,9.49,3.05,1652,1116.07
128.42,9.49,3.02,1642.23,1121.02
128.62,9.49,3.05,1622.68,1116.07
128.82,9.48,3.02,1642.23,1120.47
129.02,9.49,3.03,1612.9,1118.53
129.22,9.48,3.03,1642.23,1117.98
129.42,9.5,3.03,1661.78,1119.08
129.62,9.49,3.05,1652,1116.07
129.82,9.49,3.02,1632.45,1121.02
130.02,9.5,3.02,1661.78,1121.57
130.22,9.49,3.05,1632.45,1116.07
130.42,9.5,3.03,1652,1119.08
130.62,9.48,3.02,1652,1120.47
130.82,9.48,3.03,1661.78,1117.98
131.02,9.51,3.03,1632.45,1119.63
131.22,9.49,3.03,1652,1118.53
131.42,9.49,3.03,1642.23,1118.53
131.62,9.49,3.03,1661.78,1118.53
131.82,9.49,3.03,1661.78,1118.53
132.02,9.49,3.02,1661.78,1121.02
132.22,9.49,3.03,1681.33,1118.53
132.42,9.5,3.03,1642.23,1119.08
132.62,9.5,3.05,1622.68,1116.61
132.82,9.49,3.05,1632.45,1116.07
133.02,9.49,3.03,1642.23,1118.53
133.22,9.49,3.02,1671.55,1121.02
133.42,9.5,3.05,1661.78,1116.61
133.62,9.51,2.99,1652,1127.14
133.82,9.49,3.05,1652,1116.07
134.02,9.48,3.03,1671.55,1117.98
134.22,9.49,3.03,1671.55,1118.53
134.42,9.49,3.03,1671.55,1118.53
134.62,9.49,3.03,1642.23,1118.53
134.82,9.49,3.02,1661.78,1121.02
135.02,9.48,3.03,1661.78,1117.98
135.22,9.49,3.03,1661.78,1118.53
135.42,9.49,3.03,1661.78,1118.53
135.62,9.49,3.03,1661.78,1118.53
135.82,9.51,3.05,1642.23,1117.16
136.02,9.49,3.02,1642.23,1121.02
136.22,9.5,3.05,1661.78,1116.61
136.42,9.49,3.02,1661.78,1121.02
136.62,9.48,3.03,1671.55,1117.98
136.82,9.49,3.02,1671.55,1121.02
137.02,9.51,3.03,1671.55,1119.63
137.22,9.49,3.05,1720.43,1116.07
137.42,9.49,3.03,1710.65,1118.53
137.62,9.5,3.03,1720.43,1119.08
137.82,9.48,3.03,1749.76,1117.98
138.02,9.5,3.03,1749.76,1119.08
138.22,9.49,3.05,1749.76,1116.07
138.42,9.5,3.03,1788.86,1119.08
138.62,9.49,3.03,1769.31,1118.53
138.82,9.49,3.05,1779.08,1116.07
139.02,9.5,3.05,1749.76,1116.61
139.22,9.49,3.02,1700.88,1121.02
139.42,9.48,3.01,1691.1,1122.96
139.62,9.5,3.03,1661.78,1119.08
139.82,9.48,3.03,1661.78,1117.98
140.02,9.49,3.03,1642.23,1118.53
140.22,9.51,3.02,1661.78,1122.12
140.42,9.49,3.03,1681.33,1118.53
140.62,9.48,3.03,1671.55,1117.98
140.82,9.5,3.02,1661.78,1121.57
141.02,9.49,3.03,1671.55,1118.53
141.22,9.49,3.03,1632.45,1118.53
141.42,9.5,3.03,1612.9,1119.08
141.62,9.48,3.05,1622.68,1115.52
141.82,9.48,3.02,1612.9,1120.47
142.02,9.49,3.05,1622.68,1116.07
142.22,9.49,3.03,1622.68,1118.53
142.42,9.5,3.05,1661.78,1116.61
142.62,9.48,3.03,1642.23,1117.98
142.82,9.5,3.02,1661.78,1121.57
143.02,9.48,3.02,1661.78,1120.47
143.22,9.5,3.05,1691.1,1116.61
143.42,9.49,3.03,1700.88,1118.53
143.62,9.49,3.05,1720.43,1116.07
143.82,9.49,3.03,1671.55,1118.53
144.02,9.49,3.02,1700.88,1121.02
144.22,9.49,3.03,1710.65,1118.53
144.42,9.49,3.05,1671.55,1116.07
144.62,9.51,3.02,1671.55,1122.12
144.82,9.49,3.05,1661.78,1116.07
145.02,9.48,3.02,1652,1120.47
145.22,9.5,3.03,1612.9,1119.08
145.42,9.48,3.03,1642.23,1117.98
145.62,9.49,3.03,1652,1118.53
145.82,9.49,3.03,1652,1118.53
146.02,9.49,3.03,1622.68,1118.53
146.22,9.5,3.03,1612.9,1119.08
146.42,9.5,3.03,1583.58,1119.08
146.62,9.49,3.03,1603.13,1118.53
146.82,9.5,3.03,1593.35,1119.08
147.02,9.49,3.03,1632.45,1118.53
147.22,9.5,3.02,1632.45,1121.57
147.42,9.49,3.02,1652,1121.02
147.62,9.5,3.03,1652,1119.08
147.82,9.49,3.01,1642.23,1123.52
148.02,9.49,3.05,1661.78,1116.07
148.22,9.47,3.02,1642.23,1119.92
148.42,9.5,3.03,1632.45,1119.08
148.62,9.49,3.03,1671.55,1118.53
148.82,9.5,3.02,1652,1121.57
149.02,9.5,3.03,1661.78,1119.08
149.22,9.49,3.02,1661.78,1121.02
149.42,9.48,3.03,1652,1117.98
149.62,9.5,3.03,1671.55,1119.08
149.82,9.5,3.02,1681.33,1121.57
150.02,9.5,3.03,1700.88,1119.08
150.22,9.49,3.02,1691.1,1121.02
150.42,9.5,3.02,1681.33,1121.57
150.62,9.48,3.03,1671.55,1117.98
150.82,9.5,3.03,1642.23,1119.08
151.02,9.49,3.05,1642.23,1116.07
151.22,9.49,3.02,1642.23,1121.02
151.42,9.49,3.02,1632.45,1121.02
151.62,9.49,3.07,1652,1111.18
151.82,9.5,3.05,1652,1116.61
152.02,9.5,3.02,1661.78,1121.57
152.22,9.49,3.03,1691.1,1118.53
152.42,9.49,3.03,1671.55,1118.53
152.62,9.48,3.03,1642.23,1117.98
152.82,9.49,3.03,1661.78,1118.53
153.02,9.51,3.02,1652,1122.12
153.22,9.49,3.03,1652,1118.53
153.42,9.49,3.02,1652,1121.02
153.62,9.49,3.03,1681.33,1118.53
153.82,9.48,3.03,1681.33,1117.98
154.02,9.5,3.03,1671.55,1119.08
154.22,9.48,3.03,1642.23,1117.98
154.42,9.49,3.03,1652,1118.53
154.62,9.49,3.03,1671.55,1118.53
154.82,9.48,3.03,1681.33,1117.98
155.02,9.49,3.05,1691.1,1116.07
155.22,9.49,3.03,1700.88,1118.53
155.42,9.49,3.03,1710.65,1118.53
155.62,9.5,3.03,1710.65,1119.08
155.82,9.5,3.05,1691.1,1116.61
156.02,9.49,3.03,1710.65,1118.53
156.22,9.5,3.03,1730.21,1119.08
156.42,9.49,3.03,1720.43,1118.53
156.62,9.48,3.02,1739.98,1120.47
156.82,9.5,3.03,1710.65,1119.08
157.02,9.48,3.05,1700.88,1115.52
157.22,9.49,3.03,1710.65,1118.53
157.42,9.48,3.05,1710.65,1115.52
157.62,9.49,3.03,1720.43,1118.53
157.82,9.49,3.05,1720.43,1116.07
158.02,9.48,3.05,1720.43,1115.52
158.22,9.49,3.05,1700.88,1116.07
158.42,9.49,3.03,1691.1,1118.53
158.62,9.49,3.05,1671.55,1116.07
158.82,9.49,3.02,1632.45,1121.02
159.02,9.48,3.03,1642.23,1117.98
159.22,9.49,3.03,1632.45,1118.53
159.42,9.5,3.03,1642.23,1119.08
159.62,9.5,3.05,1661.78,1116.61
159.82,9.5,3.03,1642.23,1119.08
160.02,9.49,3.03,1652,1118.53
160.22,9.49,3.05,1661.78,1116.07
160.42,9.5,3.02,1681.33,1121.57
160.62,9.5,3.03,1671.55,1119.08
160.82,9.48,3.03,1671.55,1117.98
161.02,9.49,3.03,1671.55,1118.53
161.22,9.49,3.05,1671.55,1116.07
161.42,9.5,3.05,1671.55,1116.61
161.62,9.51,3.03,1652,1119.63
161.82,9.48,3.03,1652,1117.98
162.02,9.5,3.02,1632.45,1121.57
162.22,9.48,3.05,1622.68,1115.52
162.42,9.49,3.03,1652,1118.53
162.62,9.5,3.02,1632.45,1121.57
162.82,9.49,3.03,1652,1118.53
163.02,9.5,3.03,1652,1119.08
163.22,9.5,3.03,1652,1119.08
163.42,9.49,3.05,1632.45,1116.07
163.62,9.5,3.02,1632.45,1121.57
163.82,9.49,3.05,1622.68,1116.07
164.02,9.48,3.03,1642.23,1117.98
164.22,9.49,3.05,1642.23,1116.07
164.42,9.49,3.05,1691.1,1116.07
164.62,9.49,3.03,1681.33,1118.53
164.82,9.49,3.03,1681.33,1118.53
165.02,9.49,3.05,1661.78,1116.07
165.22,9.5,3.02,1642.23,1121.57
165.42,9.49,3.05,1622.68,1116.07
165.62,9.49,3.03,1622.68,1118.53
165.82,9.51,3.03,1632.45,1119.63
166.02,9.49,3.03,1652,1118.53
166.22,9.49,3.02,1632.45,1121.02
166.42,9.48,3.03,1603.13,1117.98
166.62,9.49,3.05,1632.45,1116.07
166.82,9.49,3.03,1622.68,1118.53
167.02,9.48,3.05,1642.23,1115.52
167.22,9.49,3.03,1632.45,1118.53
167.42,9.48,3.01,1593.35,1122.96
167.62,9.49,3.05,1632.45,1116.07
167.82,9.48,3.05,1632.45,1115.52
168.02,9.49,3.02,1603.13,1121.02
168.22,9.48,3.05,1612.9,1115.52
168.42,9.49,3.02,1612.9,1121.02
168.62,9.49,3.05,1603.13,1116.07
168.82,9.5,3.03,1622.68,1119.08
169.02,9.5,3.03,1622.68,1119.08
169.22,9.5,3.03,1622.68,1119.08
169.42,9.49,3.02,1612.9,1121.02
169.62,9.49,3.05,1603.13,1116.07
169.82,9.48,3.03,1603.13,1117.98
170.02,9.5,3.03,1622.68,1119.08
170.22,9.49,3.03,1603.13,1118.53
170.42,9.49,3.03,1622.68,1118.53
170.62,9.48,3.03,1603.13,1117.98
170.82,9.49,3.05,1603.13,1116.07
171.02,9.5,3.03,1603.13,1119.08
171.22,9.5,3.03,1554.25,1119.08
171.42,9.48,3.06,1564.03,1113.07
171.62,9.49,3.03,1573.8,1118.53
171.82,9.49,3.03,1554.25,1118.53
172.02,9.49,3.03,1573.8,1118.53
172.22,9.48,3.03,1593.35,1117.98
172.42,9.5,3.03,1573.8,1119.08
172.62,9.47,3.03,1573.8,1117.44
172.82,9.5,3.02,1534.7,1121.57
173.02,9.49,3.03,1515.15,1118.53
173.22,9.5,3.05,1515.15,1116.61
173.42,9.49,3.02,1495.6,1121.02
173.62,9.49,3.03,1495.6,1118.53
173.82,9.48,3.02,1495.6,1120.47
174.02,9.5,3.05,1476.05,1116.61
174.22,9.48,3.03,1485.83,1117.98
174.42,9.48,3.05,1495.6,1115.52
174.62,9.49,3.02,1485.83,1121.02
174.82,9.49,3.03,1515.15,1118.53
175.02,9.48,3.03,1524.93,1117.98
175.22,9.48,3.03,1515.15,1117.98
175.42,9.48,3.05,1524.93,1115.52
175.62,9.5,3.03,1534.7,1119.08
175.82,9.49,3.03,1524.93,1118.53
176.02,9.49,3.05,1515.15,1116.07
176.22,9.49,3.02,1505.38,1121.02
176.42,9.48,3.05,1495.6,1115.52
176.62,9.5,3.03,1505.38,1119.08
176.82,9.49,3.02,1476.05,1121.02
177.02,9.49,3.05,1515.15,1116.07
177.22,9.49,3.02,1524.93,1121.02
177.42,9.5,3.02,1524.93,1121.57
177.62,9.48,3.05,1505.38,1115.52
177.82,9.49,3.03,1495.6,1118.53
178.02,9.49,3.05,1505.38,1116.07
178.22,9.48,3.03,1485.83,1117.98
178.42,9.48,3.03,1485.83,1117.98
178.62,9.5,3.05,1495.6,1116.61
178.82,9.49,3.03,1485.83,1118.53
179.02,9.5,3.05,1466.28,1116.61
179.22,9.48,3.05,1446.73,1115.52
179.42,9.5,3.02,1446.73,1121.57
179.62,9.49,3.03,1456.5,1118.53
179.82,9.49,3.03,1436.95,1118.53
180.02,9.5,3.03,1466.28,1119.08
180.22,9.48,3.03,1476.05,1117.98
180.42,9.49,3.05,1515.15,1116.07
180.62,9.5,3.02,1524.93,1121.57
180.82,9.48,3.03,1534.7,1117.98
181.02,9.5,3.03,1534.7,1119.08
181.22,9.51,3.02,1573.8,1122.12
181.42,9.49,3.05,1603.13,1116.07
181.62,9.48,3.02,1622.68,1120.47
181.82,9.5,3.03,1652,1119.08
182.02,9.49,3.03,1681.33,1118.53
182.22,9.5,3.05,1700.88,1116.61
182.42,9.5,3.03,1700.88,1119.08
182.62,9.49,3.03,1671.55,1118.53
182.82,9.49,3.03,1661.78,1118.53
183.02,9.49,3.03,1642.23,1118.53
183.22,9.48,3.02,1612.9,1120.47
183.42,9.48,3.03,1554.25,1117.98
183.62,9.49,3.03,1564.03,1118.53
183.82,9.5,3.02,1554.25,1121.57
184.02,9.49,3.03,1564.03,1118.53
184.22,9.49,3.03,1524.93,1118.53
184.42,9.49,3.02,1524.93,1121.02
184.62,9.49,3.03,1505.38,1118.53
184.82,9.48,3.02,1515.15,1120.47
185.02,9.49,3.02,1456.5,1121.02
185.22,9.49,3.05,1505.38,1116.07
185.42,9.51,3.03,1495.6,1119.63
185.62,9.49,3.03,1466.28,1118.53
185.82,9.49,3.03,1476.05,1118.53
186.02,9.5,3.03,1466.28,1119.08
186.22,9.49,3.05,1476.05,1116.07
186.42,9.48,3.05,1456.5,1115.52
186.62,9.49,3.01,1407.62,1123.52
186.82,9.49,3.03,1397.85,1118.53
187.02,9.5,3.02,1397.85,1121.57
187.22,9.49,3.02,1397.85,1121.02
187.42,9.49,3.05,1378.3,1116.07
187.62,9.49,3.02,1388.07,1121.02
187.82,9.49,3.03,1378.3,1118.53
188.02,9.49,3.03,1388.07,1118.53
188.22,9.49,3.03,1368.52,1118.53
188.42,9.49,3.03,1397.85,1118.53
188.62,9.5,3.05,1388.07,1116.61
188.82,9.51,3.02,1388.07,1122.12
189.02,9.49,3.03,1407.62,1118.53
189.22,9.5,3.02,1427.17,1121.57
189.42,9.49,3.03,1407.62,1118.53
189.62,9.48,3.03,1436.95,1117.98
189.82,9.49,3.02,1417.4,1121.02
190.02,9.48,3.03,1466.28,1117.98
190.22,9.5,3.03,1476.05,1119.08
190.42,9.5,3.02,1436.95,1121.57
190.62,9.5,3.05,1436.95,1116.61
190.82,9.5,3.03,1407.62,1119.08
191.02,9.5,3.03,1417.4,1119.08
191.22,9.49,3.03,1436.95,1118.53
191.42,9.51,3.03,1417.4,1119.63
191.62,9.49,3.03,1407.62,1118.53
191.82,9.5,3.02,1388.07,1121.57
192.02,9.49,3.03,1368.52,1118.53
192.22,9.5,3.03,1388.07,1119.08
192.42,9.5,3.03,1397.85,1119.08
192.62,9.5,3.03,1378.3,1119.08
192.82,9.49,3.02,1397.85,1121.02
193.02,9.49,3.05,1397.85,1116.07
193.22,9.49,3.03,1388.07,1118.53
193.42,9.5,3.02,1397.85,1121.57
193.62,9.49,3.03,1427.17,1118.53
193.82,9.5,3.03,1417.4,1119.08
194.02,9.5,3.03,1427.17,1119.08
194.22,9.5,3.03,1446.73,1119.08
194.42,9.49,3.03,1436.95,1118.53
194.62,9.49,3.05,1446.73,1116.07
194.82,9.48,3.05,1446.73,1115.52
195.02,9.5,3.05,1446.73,1116.61
195.22,9.49,3.03,1427.17,1118.53
195.42,9.49,3.05,1446.73,1116.07
195.62,9.48,3.02,1446.73,1120.47
195.82,9.49,3.05,1407.62,1116.07
196.02,9.5,3.03,1427.17,1119.08
196.22,9.49,3.05,1407.62,1116.07
196.42,9.49,3.03,1417.4,1118.53
196.62,9.49,3.02,1417.4,1121.02
196.82,9.49,3.03,1378.3,1118.53
197.02,9.47,3.05,1358.75,1114.97
197.22,9.51,3.02,1339.2,1122.12
197.42,9.49,3.05,1358.75,1116.07
197.62,9.48,3.03,1397.85,1117.98
197.82,9.5,3.02,1407.62,1121.57
198.02,9.49,3.05,1388.07,1116.07
198.22,9.51,3.03,1388.07,1119.63
198.42,9.49,3.03,1417.4,1118.53
198.62,9.49,3.03,1456.5,1118.53
198.82,9.49,3.02,1524.93,1121.02
199.02,9.49,3.05,1583.58,1116.07
199.22,9.48,3.03,1652,1117.98
199.42,9.48,3.03,1730.21,1117.98
199.62,9.48,3.03,1827.96,1117.98
199.82,9.49,3.03,1827.96,1118.53
200.02,9.5,3.02,1818.18,1121.57
200.22,9.48,3.05,1818.18,1115.52
200.42,9.49,3.03,1749.76,1118.53
200.62,9.49,3.03,1730.21,1118.53
200.82,9.49,3.03,1691.1,1118.53
201.02,9.5,3.03,1661.78,1119.08
201.22,9.5,3.02,1622.68,1121.57
201.42,9.5,3.05,1583.58,1116.61
201.62,9.5,3.02,1534.7,1121.57
201.82,9.49,3.03,1485.83,1118.53
202.02,9.5,3.02,1515.15,1121.57
202.22,9.48,3.05,1505.38,1115.52
202.42,9.48,3.03,1505.38,1117.98
202.62,9.5,3.02,1495.6,1121.57
202.82,9.49,3.03,1515.15,1118.53
203.02,9.49,3.03,1505.38,1118.53
203.22,9.5,3.01,1485.83,1124.07
203.42,9.49,3.03,1485.83,1118.53
203.62,9.5,3.02,1446.73,1121.57
203.82,9.5,3.06,1456.5,1114.16
204.02,9.47,3.02,1476.05,1119.92
204.22,9.51,3.02,1466.28,1122.12
204.42,9.49,3.03,1476.05,1118.53
204.62,9.5,3.03,1436.95,1119.08
204.82,9.49,3.03,1427.17,1118.53
205.02,9.47,3.05,1417.4,1114.97
205.22,9.5,3.03,1417.4,1119.08
205.42,9.48,3.03,1417.4,1117.98
205.62,9.49,3.05,1436.95,1116.07
205.82,9.51,3.02,1388.07,1122.12
206.02,9.49,3.05,1368.52,1116.07
206.22,9.49,3.03,1397.85,1118.53
206.42,9.49,3.01,1378.3,1123.52
206.62,9.48,3.03,1358.75,1117.98
206.82,9.5,3.02,1358.75,1121.57
207.02,9.5,3.03,1329.42,1119.08
207.22,9.5,3.02,1339.2,1121.57
207.42,9.48,3.02,1339.2,1120.47
207.62,9.49,3.02,1348.97,1121.02
207.82,9.48,3.05,1348.97,1115.52
208.02,9.49,3.02,1319.65,1121.02
208.22,9.49,3.05,1358.75,1116.07
208.42,9.5,3.02,1378.3,1121.57
208.62,9.48,3.03,1348.97,1117.98
208.82,9.49,3.03,1378.3,1118.53
209.02,9.51,3.03,1348.97,1119.63
209.22,9.49,3.03,1358.75,1118.53
209.42,9.5,3.03,1348.97,1119.08
209.62,9.49,3.02,1348.97,1121.02
209.82,9.48,3.03,1339.2,1117.98
210.02,9.49,3.03,1339.2,1118.53
210.22,9.51,3.03,1348.97,1119.63
210.42,9.48,3.05,1358.75,1115.52
210.62,9.49,3.02,1368.52,1121.02
210.82,9.49,3.03,1358.75,1118.53
211.02,9.5,3.03,1348.97,1119.08
211.22,9.5,3.02,1339.2,1121.57
211.42,9.48,3.03,1309.87,1117.98
211.62,9.5,3.03,1290.32,1119.08
211.82,9.49,3.02,1329.42,1121.02
212.02,9.48,3.03,1309.87,1117.98
212.22,9.5,3.02,1309.87,1121.57
212.42,9.49,3.03,1329.42,1118.53
212.62,9.5,3.05,1339.2,1116.61
212.82,9.49,3.03,1339.2,1118.53
213.02,9.48,3.05,1339.2,1115.52
213.22,9.49,3.03,1378.3,1118.53
213.42,9.5,3.03,1388.07,1119.08
213.62,9.49,3.03,1368.52,1118.53
213.82,9.5,3.03,1348.97,1119.08
214.02,9.49,3.05,1348.97,1116.07
214.22,9.5,3.05,1309.87,1116.61
214.42,9.5,3.02,1329.42,1121.57
214.62,9.48,3.03,1329.42,1117.98
214.82,9.5,3.03,1348.97,1119.08
215.02,9.49,3.05,1290.32,1116.07
215.22,9.49,3.03,1290.32,1118.53
215.42,9.51,3.02,1251.22,1122.12
215.62,9.5,3.03,1290.32,1119.08
215.82,9.5,3.02,1319.65,1121.57
216.02,9.49,3.03,1329.42,1118.53
216.22,9.5,3.03,1309.87,1119.08
216.42,9.49,3.02,1309.87,1121.02
216.62,9.49,3.03,1300.1,1118.53
216.82,9.49,3.01,1270.77,1123.52
217.02,9.5,3.05,1251.22,1116.61
217.22,9.48,3.03,1261,1117.98
217.42,9.49,3.02,1261,1121.02
217.62,9.48,3.05,1270.77,1115.52
217.82,9.5,3.02,1261,1121.57
218.02,9.49,3.03,1251.22,1118.53
218.22,9.5,3.05,1251.22,1116.61
218.42,9.5,3.03,1212.12,1119.08
218.62,9.49,3.03,1221.9,1118.53
218.82,9.49,3.03,1241.45,1118.53
219.02,9.49,3.02,1221.9,1121.02
219.22,9.49,3.03,1251.22,1118.53
219.42,9.5,3.05,1212.12,1116.61
219.62,9.5,3.03,1241.45,1119.08
219.82,9.48,3.05,1261,1115.52
220.02,9.48,3.03,1221.9,1117.98
220.22,9.5,3.03,1231.67,1119.08
220.42,9.48,3.03,1270.77,1117.98
220.62,9.5,3.05,1251.22,1116.61
220.82,9.49,3.03,1241.45,1118.53
221.02,9.49,3.05,1270.77,1116.07
221.22,9.49,3.02,1270.77,1121.02
221.42,9.49,3.05,1280.55,1116.07
221.62,9.48,3.03,1300.1,1117.98
221.82,9.49,3.01,1261,1123.52
222.02,9.49,3.03,1290.32,1118.53
222.22,9.49,3.02,1290.32,1121.02
222.42,9.49,3.03,1319.65,1118.53
222.62,9.48,3.03,1339.2,1117.98
222.82,9.49,3.02,1309.87,1121.02
223.02,9.49,3.03,1280.55,1118.53
223.22,9.48,3.02,1280.55,1120.47
223.42,9.49,3.03,1290.32,1118.53
223.62,9.49,3.05,1300.1,1116.07
223.82,9.5,3.05,1329.42,1116.61
224.02,9.49,3.03,1329.42,1118.53
224.22,9.49,3.03,1309.87,1118.53
224.42,9.49,3.03,1309.87,1118.53
224.62,9.49,3.03,1329.42,1118.53
224.82,9.47,3.03,1339.2,1117.44
225.02,9.49,3.03,1280.55,1118.53
225.22,9.48,3.05,1309.87,1115.52
225.42,9.5,3.03,1319.65,1119.08
225.62,9.51,3.03,1300.1,1119.63
225.82,9.5,3.03,1280.55,1119.08
226.02,9.49,3.03,1251.22,1118.53
226.22,9.49,3.05,1251.22,1116.07
226.42,9.48,3.02,1290.32,1120.47
226.62,9.5,3.03,1309.87,1119.08
226.82,9.48,3.03,1319.65,1117.98
227.02,9.5,3.05,1309.87,1116.61
227.22,9.49,3.03,1290.32,1118.53
227.42,9.49,3.03,1309.87,1118.53
227.62,9.5,3.03,1329.42,1119.08
227.82,9.48,3.03,1300.1,1117.98
228.02,9.5,3.02,1329.42,1121.57
228.22,9.49,3.03,1348.97,1118.53
228.42,9.48,3.03,1348.97,1117.98
228.62,9.5,3.03,1339.2,1119.08
228.82,9.49,3.03,1339.2,1118.53
229.02,9.49,3.03,1309.87,1118.53
229.22,9.49,3.02,1300.1,1121.02
229.42,9.48,3.03,1309.87,1117.98
229.62,9.48,3.03,1309.87,1117.98
229.82,9.51,3.05,1309.87,1117.16
230.02,9.48,3.03,1319.65,1117.98
230.22,9.5,3.03,1300.1,1119.08
230.42,9.49,3.03,1300.1,1118.53
230.62,9.49,3.03,1319.65,1118.53
230.82,9.5,3.03,1309.87,1119.08
231.02,9.49,3.03,1309.87,1118.53
231.22,9.5,3.03,1319.65,1119.08
231.42,9.49,3.03,1290.32,1118.53
231.62,9.49,3.03,1290.32,1118.53
231.82,9.5,3.03,1309.87,1119.08
232.02,9.49,3.02,1300.1,1121.02
232.22,9.49,3.05,1309.87,1116.07
232.42,9.5,3.02,1319.65,1121.57
232.62,9.48,3.05,1300.1,1115.52
232.82,9.49,3.05,1329.42,1116.07
233.02,9.5,3.02,1329.42,1121.57
233.22,9.49,3.03,1329.42,1118.53
233.42,9.51,3.03,1309.87,1119.63
233.62,9.49,3.01,1309.87,1123.52
233.82,9.48,3.05,1309.87,1115.52
234.02,9.49,3.02,1319.65,1121.02
234.22,9.49,3.05,1339.2,1116.07
234.42,9.49,3.03,1339.2,1118.53
234.62,9.49,3.03,1329.42,1118.53
234.82,9.49,3.03,1339.2,1118.53
235.02,9.49,3.05,1329.42,1116.07
235.22,9.49,3.02,1329.42,1121.02
235.42,9.48,3.01,1358.75,1122.96
235.62,9.49,3.03,1368.52,1118.53
235.82,9.5,3.02,1329.42,1121.57
236.02,9.48,3.03,1300.1,1117.98
236.22,9.49,3.02,1329.42,1121.02
236.42,9.49,3.03,1348.97,1118.53
236.62,9.5,3.03,1319.65,1119.08
236.82,9.5,3.05,1319.65,1116.61
237.02,9.49,3.03,1290.32,1118.53
237.22,9.49,3.02,1319.65,1121.02
237.42,9.47,3.02,1319.65,1119.92
237.62,9.48,3.05,1319.65,1115.52
237.82,9.5,3.02,1329.42,1121.57
238.02,9.49,3.03,1329.42,1118.53
238.22,9.49,3.03,1319.65,1118.53
238.42,9.49,3.02,1309.87,1121.02
238.62,9.49,3.03,1329.42,1118.53
238.82,9.49,3.02,1339.2,1121.02
239.02,9.5,3.02,1309.87,1121.57
239.22,9.48,3.05,1300.1,1115.52
239.42,9.48,3.03,1280.55,1117.98
239.62,9.5,3.02,1270.77,1121.57
239.82,9.49,3.03,1270.77,1118.53
240.02,9.5,3.03,1270.77,1119.08
240.22,9.5,3.03,1261,1119.08
240.42,9.49,3.03,1270.77,1118.53
240.62,9.48,3.02,1251.22,1120.47
240.82,9.49,3.05,1261,1116.07
241.02,9.5,3.03,1270.77,1119.08
241.22,9.5,3.05,1270.77,1116.61
241.42,9.48,3.03,1251.22,1117.98
241.62,9.5,3.03,1261,1119.08
241.82,9.49,3.03,1290.32,1118.53
242.02,9.49,3.06,1300.1,1113.62
242.22,9.5,3.03,1290.32,1119.08
242.42,9.48,3.05,1309.87,1115.52
242.62,9.49,3.05,1329.42,1116.07
242.82,9.5,3.02,1329.42,1121.57
243.02,9.49,3.03,1348.97,1118.53
243.22,9.5,3.02,1339.2,1121.57
243.42,9.5,3.03,1358.75,1119.08
243.62,9.48,3.03,1339.2,1117.98
243.82,9.48,3.02,1329.42,1120.47
244.02,9.49,3.03,1339.2,1118.53
244.22,9.5,3.03,1329.42,1119.08
244.42,9.5,3.05,1309.87,1116.61
244.62,9.49,3.05,1309.87,1116.07
244.82,9.49,3.03,1339.2,1118.53
245.02,9.49,3.03,1339.2,1118.53
245.22,9.49,3.05,1358.75,1116.07
245.42,9.49,3.03,1339.2,1118.53
245.62,9.48,3.03,1339.2,1117.98
245.82,9.48,3.03,1368.52,1117.98
246.02,9.5,3.02,1368.52,1121.57
246.22,9.48,3.03,1358.75,1117.98
246.42,9.5,3.05,1348.97,1116.61
246.62,9.49,3.03,1358.75,1118.53
246.82,9.5,3.05,1339.2,1116.61
247.02,9.48,3.03,1339.2,1117.98
247.22,9.5,3.03,1348.97,1119.08
247.42,9.49,3.03,1348.97,1118.53
247.62,9.5,3.03,1339.2,1119.08
247.82,9.49,3.03,1319.65,1118.53
248.02,9.49,3.02,1339.2,1121.02
248.22,9.49,3.01,1319.65,1123.52
248.42,9.49,3.03,1329.42,1118.53
248.62,9.5,3.03,1339.2,1119.08
248.82,9.5,3.03,1348.97,1119.08
249.02,9.49,3.03,1368.52,1118.53
249.22,9.49,3.02,1339.2,1121.02
249.42,9.5,3.03,1358.75,1119.08
249.62,9.49,3.03,1329.42,1118.53
249.82,9.5,3.03,1329.42,1119.08
250.02,9.48,3.03,1348.97,1117.98
250.22,9.49,3.02,1358.75,1121.02
250.42,9.49,3.02,1339.2,1121.02
250.62,9.48,3.03,1368.52,1117.98
250.82,9.5,3.03,1339.2,1119.08
251.02,9.49,3.02,1339.2,1121.02
251.22,9.48,3.03,1339.2,1117.98
251.42,9.51,3.02,1348.97,1122.12
251.62,9.49,3.03,1348.97,1118.53
251.82,9.49,3.03,1378.3,1118.53
252.02,9.49,3.03,1339.2,1118.53
252.22,9.48,3.03,1348.97,1117.98
252.42,9.5,3.02,1319.65,1121.57
252.62,9.49,3.02,1329.42,1121.02
252.82,9.48,3.03,1339.2,1117.98
253.02,9.5,3.03,1309.87,1119.08
253.22,9.48,3.03,1300.1,1117.98
253.42,9.49,3.03,1300.1,1118.53
253.62,9.5,3.03,1300.1,1119.08
253.82,9.49,3.05,1339.2,1116.07
254.02,9.49,3.03,1329.42,1118.53
254.22,9.49,3.03,1348.97,1118.53
254.42,9.49,3.03,1348.97,1118.53
254.62,9.49,3.02,1319.65,1121.02
254.82,9.49,3.05,1290.32,1116.07
255.02,9.49,3.03,1270.77,1118.53
255.22,9.5,3.03,1309.87,1119.08
255.42,9.5,3.05,1319.65,1116.61
255.62,9.49,3.02,1309.87,1121.02
255.82,9.49,3.05,1290.32,1116.07
256.02,9.5,3.03,1280.55,1119.08
256.22,9.49,3.03,1251.22,1118.53
256.42,9.48,3.03,1251.22,1117.98
256.62,9.49,3.03,1280.55,1118.53
256.82,9.5,3.03,1290.32,1119.08
257.02,9.5,3.06,1270.77,1114.16
257.22,9.51,3.05,1300.1,1117.16
257.42,9.48,3.03,1309.87,1117.98
257.62,9.49,3.03,1329.42,1118.53
257.82,9.49,3.03,1319.65,1118.53
258.02,9.48,3.03,1319.65,1117.98
258.22,9.5,3.03,1329.42,1119.08
258.42,9.48,3.05,1339.2,1115.52
258.62,9.48,3.02,1329.42,1120.47
258.82,9.5,3.02,1319.65,1121.57
259.02,9.49,3.05,1348.97,1116.07
259.22,9.5,3.03,1348.97,1119.08
259.42,9.49,3.03,1329.42,1118.53
259.62,9.49,3.03,1339.2,1118.53
259.82,9.48,3.03,1339.2,1117.98
260.02,9.49,3.05,1319.65,1116.07
260.22,9.51,3.03,1348.97,1119.63
260.42,9.49,3.03,1339.2,1118.53
260.62,9.49,3.05,1358.75,1116.07
260.82,9.5,3.02,1368.52,1121.57
261.02,9.49,3.03,1378.3,1118.53
261.22,9.49,3.02,1397.85,1121.02
261.42,9.5,3.02,1378.3,1121.57
261.62,9.48,3.05,1388.07,1115.52
261.82,9.5,3.02,1397.85,1121.57
262.02,9.49,3.02,1388.07,1121.02
262.22,9.49,3.05,1427.17,1116.07
262.42,9.5,3.02,1407.62,1121.57
262.62,9.49,3.03,1397.85,1118.53
262.82,9.49,3.03,1388.07,1118.53
263.02,9.48,3.03,1378.3,1117.98
263.22,9.49,3.03,1339.2,1118.53
263.42,9.5,3.03,1329.42,1119.08
263.62,9.49,3.03,1309.87,1118.53
263.82,9.5,3.05,1300.1,1116.61
264.02,9.5,3.02,1290.32,1121.57
264.22,9.49,3.03,1300.1,1118.53
264.42,9.49,3.02,1261,1121.02
264.62,9.51,3.02,1300.1,1122.12
264.82,9.48,3.03,1290.32,1117.98
265.02,9.49,3.02,1300.1,1121.02
265.22,9.51,3.03,1280.55,1119.63
265.42,9.5,3.05,1300.1,1116.61
265.62,9.51,3.03,1300.1,1119.63
265.82,9.48,3.05,1300.1,1115.52
266.02,9.49,3.03,1319.65,1118.53
266.22,9.49,3.05,1319.65,1116.07
266.42,9.48,3.03,1309.87,1117.98
266.62,9.5,3.03,1319.65,1119.08
266.82,9.49,3.03,1358.75,1118.53
267.02,9.48,3.05,1358.75,1115.52
267.22,9.5,3.02,1319.65,1121.57
267.42,9.49,3.03,1319.65,1118.53
267.62,9.49,3.03,1290.32,1118.53
267.82,9.49,3.03,1290.32,1118.53
268.02,9.49,3.05,1300.1,1116.07
268.22,9.49,3.02,1309.87,1121.02
268.42,9.49,3.03,1339.2,1118.53
268.62,9.49,3.05,1329.42,1116.07
268.82,9.5,3.03,1290.32,1119.08
269.02,9.48,3.05,1290.32,1115.52
269.22,9.5,3.02,1300.1,1121.57
269.42,9.49,3.03,1290.32,1118.53
269.62,9.5,3.07,1319.65,1111.73
269.82,9.5,3.03,1339.2,1119.08
270.02,9.49,3.05,1358.75,1116.07
270.22,9.49,3.02,1348.97,1121.02
270.42,9.49,3.02,1339.2,1121.02
270.62,9.49,3.02,1348.97,1121.02
270.82,9.49,3.02,1339.2,1121.02
271.02,9.48,3.05,1319.65,1115.52
271.22,9.48,3.03,1339.2,1117.98
271.42,9.49,3.03,1329.42,1118.53
271.62,9.48,3.02,1348.97,1120.47
271.82,9.5,3.05,1339.2,1116.61
272.02,9.48,3.05,1368.52,1115.52
272.22,9.48,3.03,1339.2,1117.98
272.42,9.5,3.03,1339.2,1119.08
272.62,9.49,3.03,1329.42,1118.53
272.82,9.51,3.01,1300.1,1124.62
273.02,9.5,3.05,1309.87,1116.61
273.22,9.47,3.02,1339.2,1119.92
273.42,9.5,3.01,1348.97,1124.07
273.62,9.48,3.03,1378.3,1117.98
273.82,9.5,3.03,1368.52,1119.08
274.02,9.5,3.03,1358.75,1119.08
274.22,9.48,3.05,1388.07,1115.52
274.42,9.5,3.02,1388.07,1121.57
274.62,9.5,3.05,1397.85,1116.61
274.82,9.48,3.03,1388.07,1117.98
275.02,9.5,3.03,1388.07,1119.08
275.22,9.48,3.05,1397.85,1115.52
275.42,9.49,3.03,1397.85,1118.53
275.62,9.49,3.02,1378.3,1121.02
275.82,9.5,3.05,1378.3,1116.61
276.02,9.48,3.02,1388.07,1120.47
276.22,9.48,3.03,1388.07,1117.98
276.42,9.48,3.03,1407.62,1117.98
276.62,9.49,3.03,1397.85,1118.53
276.82,9.49,3.02,1378.3,1121.02
277.02,9.49,3.05,1368.52,1116.07
277.22,9.5,3.02,1388.07,1121.57
277.42,9.48,3.05,1388.07,1115.52
277.62,9.49,3.02,1368.52,1121.02
277.82,9.49,3.03,1378.3,1118.53
278.02,9.49,3.05,1368.52,1116.07
278.22,9.5,3.05,1358.75,1116.61
278.42,9.49,3.03,1368.52,1118.53
278.62,9.5,3.02,1368.52,1121.57
278.82,9.49,3.03,1397.85,1118.53
279.02,9.49,3.05,1397.85,1116.07
279.22,9.5,3.02,1407.62,1121.57
279.42,9.5,3.03,1427.17,1119.08
279.62,9.49,3.02,1436.95,1121.02
279.82,9.51,3.02,1407.62,1122.12
280.02,9.49,3.05,1417.4,1116.07
280.22,9.5,3.05,1378.3,1116.61
280.42,9.5,3.02,1368.52,1121.57
280.62,9.48,3.03,1378.3,1117.98
280.82,9.48,3.05,1368.52,1115.52
281.02,9.5,3.05,1348.97,1116.61
281.22,9.49,3.03,1358.75,1118.53
281.42,9.5,3.05,1348.97,1116.61
281.62,9.49,3.05,1378.3,1116.07
281.82,9.5,3.03,1348.97,1119.08
282.02,9.49,3.03,1329.42,1118.53
282.22,9.49,3.03,1339.2,1118.53
282.42,9.5,3.03,1339.2,1119.08
282.62,9.49,3.03,1329.42,1118.53
282.82,9.49,3.03,1339.2,1118.53
283.02,9.49,3.02,1358.75,1121.02
283.22,9.49,3.03,1378.3,1118.53
283.42,9.5,3.03,1358.75,1119.08
283.62,9.5,3.02,1348.97,1121.57
283.82,9.49,3.03,1329.42,1118.53
284.02,9.49,3.03,1348.97,1118.53
284.22,9.49,3.05,1378.3,1116.07
284.42,9.5,3.02,1378.3,1121.57
284.62,9.49,3.05,1388.07,1116.07
284.82,9.49,3.05,1446.73,1116.07
285.02,9.48,3.05,1427.17,1115.52
285.22,9.5,3.03,1466.28,1119.08
285.42,9.5,3.03,1466.28,1119.08
285.62,9.5,2.99,1456.5,1126.58
285.82,9.48,3.05,1485.83,1115.52
286.02,9.48,3.03,1485.83,1117.98
286.22,9.49,3.02,1485.83,1121.02
286.42,9.49,3.03,1485.83,1118.53
286.62,9.49,3.03,1446.73,1118.53
286.82,9.49,3.03,1456.5,1118.53
287.02,9.48,3.05,1436.95,1115.52
287.22,9.48,3.03,1427.17,1117.98
287.42,9.5,3.05,1456.5,1116.61
287.62,9.48,3.03,1456.5,1117.98
287.82,9.5,3.05,1427.17,1116.61
288.02,9.49,3.05,1427.17,1116.07
288.22,9.5,3.02,1417.4,1121.57
288.42,9.49,3.03,1436.95,1118.53
288.62,9.48,3.03,1446.73,1117.98
288.82,9.5,3.05,1456.5,1116.61
289.02,9.49,3.05,1446.73,1116.07
289.22,9.48,3.03,1446.73,1117.98
289.42,9.5,3.03,1446.73,1119.08
289.62,9.49,3.02,1456.5,1121.02
289.82,9.5,3.02,1456.5,1121.57
290.02,9.49,3.03,1436.95,1118.53
290.22,9.48,3.03,1417.4,1117.98
290.42,9.5,3.03,1427.17,1119.08
290.62,9.49,3.03,1407.62,1118.53
290.82,9.49,3.05,1446.73,1116.07
291.02,9.5,3.05,1436.95,1116.61
291.22,9.49,3.05,1446.73,1116.07
291.42,9.49,3.03,1456.5,1118.53
291.62,9.49,3.02,1446.73,1121.02
291.82,9.49,3.03,1446.73,1118.53
292.02,9.48,3.03,1417.4,1117.98
292.22,9.49,3.05,1407.62,1116.07
292.42,9.49,3.03,1456.5,1118.53
292.62,9.49,3.02,1485.83,1121.02
292.82,9.49,3.03,1495.6,1118.53
293.02,9.5,3.02,1495.6,1121.57
293.22,9.5,3.05,1495.6,1116.61
293.42,9.48,3.03,1485.83,1117.98
293.62,9.48,3.03,1456.5,1117.98
293.82,9.5,3.01,1466.28,1124.07
294.02,9.49,3.05,1495.6,1116.07
294.22,9.49,3.03,1495.6,1118.53
294.42,9.48,3.05,1476.05,1115.52
294.62,9.49,3.02,1446.73,1121.02
294.82,9.5,3.03,1427.17,1119.08
295.02,9.49,3.03,1407.62,1118.53
295.22,9.5,3.03,1427.17,1119.08
295.42,9.48,3.03,1436.95,1117.98
295.62,9.48,3.02,1446.73,1120.47
295.82,9.49,3.02,1436.95,1121.02
296.02,9.49,3.03,1436.95,1118.53
296.22,9.49,3.03,1407.62,1118.53
296.42,9.49,3.03,1417.4,1118.53
296.62,9.48,3.03,1436.95,1117.98
296.82,9.49,3.03,1436.95,1118.53
297.02,9.49,3.05,1456.5,1116.07
297.22,9.49,3.05,1456.5,1116.07
297.42,9.49,3.03,1446.73,1118.53
297.62,9.49,3.03,1436.95,1118.53
297.82,9.49,3.03,1446.73,1118.53
298.02,9.49,3.02,1456.5,1121.02
298.22,9.49,3.03,1466.28,1118.53
298.42,9.51,3.02,1476.05,1122.12
298.62,9.49,3.03,1466.28,1118.53
298.82,9.5,3.02,1505.38,1121.57
299.02,9.49,3.03,1485.83,1118.53
299.22,9.49,3.05,1515.15,1116.07
299.42,9.49,3.02,1505.38,1121.02
299.62,9.48,3.05,1515.15,1115.52
299.82,9.49,3.02,1534.7,1121.02
300.02,9.48,3.03,1524.93,1117.98
300.22,9.49,3.05,1544.48,1116.07
300.42,9.51,3.03,1534.7,1119.63
300.62,9.49,3.03,1524.93,1118.53
300.82,9.49,3.03,1524.93,1118.53
301.02,9.5,3.02,1515.15,1121.57
301.22,9.5,3.03,1534.7,1119.08
301.42,9.5,3.03,1515.15,1119.08
301.62,9.5,3.03,1524.93,1119.08
301.82,9.48,3.03,1554.25,1117.98
302.02,9.49,3.02,1564.03,1121.02
302.22,9.49,3.03,1603.13,1118.53
302.42,9.49,3.05,1593.35,1116.07
302.62,9.48,3.02,1554.25,1120.47
302.82,9.5,3.05,1554.25,1116.61
303.02,9.49,3.02,1544.48,1121.02
303.22,9.49,3.05,1534.7,1116.07
303.42,9.49,3.05,1534.7,1116.07
303.62,9.51,3.03,1534.7,1119.63
303.82,9.5,3.03,1534.7,1119.08
304.02,9.49,3.01,1573.8,1123.52
304.22,9.5,3.02,1593.35,1121.57
304.42,9.5,3.05,1593.35,1116.61
304.62,9.5,3.03,1544.48,1119.08
304.82,9.49,3.03,1544.48,1118.53
305.02,9.49,3.06,1554.25,1113.62
305.22,9.5,3.03,1544.48,1119.08
305.42,9.49,3.03,1554.25,1118.53
305.62,9.49,3.05,1554.25,1116.07
305.82,9.49,3.03,1554.25,1118.53
306.02,9.48,3.03,1524.93,1117.98
306.22,9.5,3.03,1544.48,1119.08
306.42,9.5,3.05,1554.25,1116.61
306.62,9.49,3.03,1534.7,1118.53
306.82,9.5,3.05,1515.15,1116.61
307.02,9.49,3.05,1515.15,1116.07
307.22,9.49,3.02,1524.93,1121.02
307.42,9.5,3.02,1534.7,1121.57
307.62,9.48,3.05,1515.15,1115.52
307.82,9.5,3.03,1515.15,1119.08
308.02,9.49,3.03,1485.83,1118.53
308.22,9.49,3.03,1515.15,1118.53
308.42,9.49,3.02,1495.6,1121.02
308.62,9.49,3.03,1534.7,1118.53
308.82,9.49,3.03,1534.7,1118.53
309.02,9.49,3.03,1544.48,1118.53
309.22,9.48,3.03,1524.93,1117.98
309.42,9.49,3.03,1515.15,1118.53
309.62,9.49,3.03,1524.93,1118.53
309.82,9.48,3.05,1524.93,1115.52
310.02,9.5,3.05,1524.93,1116.61
310.22,9.49,3.03,1544.48,1118.53
310.42,9.49,3.03,1554.25,1118.53
310.62,9.49,3.03,1573.8,1118.53
310.82,9.48,3.05,1593.35,1115.52
311.02,9.5,3.03,1603.13,1119.08
311.22,9.5,3.03,1603.13,1119.08
311.42,9.49,3.05,1603.13,1116.07
311.62,9.48,3.02,1612.9,1120.47
311.82,9.48,3.05,1583.58,1115.52
312.02,9.49,3.05,1583.58,1116.07
312.22,9.5,3.05,1593.35,1116.61
312.42,9.5,3.03,1593.35,1119.08
312.62,9.48,3.02,1573.8,1120.47
312.82,9.49,3.03,1603.13,1118.53
313.02,9.48,3.03,1603.13,1117.98
313.22,9.49,3.05,1583.58,1116.07
313.42,9.49,3.03,1593.35,1118.53
313.62,9.5,3.02,1593.35,1121.57
313.82,9.48,3.03,1593.35,1117.98
314.02,9.49,3.05,1583.58,1116.07
314.22,9.5,3.02,1564.03,1121.57
314.42,9.48,3.03,1554.25,1117.98
314.62,9.47,3.02,1534.7,1119.92
314.82,9.5,3.03,1554.25,1119.08
315.02,9.5,3.05,1554.25,1116.61
315.22,9.5,3.03,1544.48,1119.08
315.42,9.5,3.05,1564.03,1116.61
315.62,9.49,3.03,1534.7,1118.53
315.82,9.49,3.03,1534.7,1118.53
316.02,9.49,3.03,1554.25,1118.53
316.22,9.5,3.03,1554.25,1119.08
316.42,9.5,3.03,1554.25,1119.08
316.62,9.5,3.03,1524.93,1119.08
316.82,9.49,3.02,1534.7,1121.02
317.02,9.49,3.03,1515.15,1118.53
317.22,9.5,3.03,1534.7,1119.08
317.42,9.49,3.03,1534.7,1118.53
317.62,9.5,3.05,1534.7,1116.61
317.82,9.5,3.02,1534.7,1121.57
318.02,9.49,3.05,1534.7,1116.07
318.22,9.49,3.03,1544.48,1118.53
318.42,9.51,3.03,1564.03,1119.63
318.62,9.48,3.02,1583.58,1120.47
318.82,9.48,3.05,1554.25,1115.52
319.02,9.49,3.03,1573.8,1118.53
319.22,9.49,3.05,1573.8,1116.07
361.22,9.49,4.03,1642.23,970.83
361.42,9.49,4.03,1622.68,970.83
82,9.49,4.01,1612.9,972.45
361.02,9.5,4.03,1642.23,971.3
361.22,9.49,4.03,1642.23,970.83
361.42,9.49,4.03,1622.68,970.83
82,9.49,4.01,1612.9,972.45
361.02,9.5,4.03,1642.23,971.3
361.22,9.49,4.03,1642.23,970.83
361.42,9.49,4.03,1622.68,970.83
361.62,9.49,4.03,1652,970.83
361.82,9.48,4.03,1642.23,970.35
362.02,9.5,4.05,1632.45,968.08
362.22,9.5,4.04,1603.13,969.69
362.42,9.5,4.01,1603.13,972.93
362.62,9.49,4.03,1593.35,970.83
362.82,9.49,4.03,1554.25,970.83
363.02,9.5,4.03,1564.03,971.3
363.22,9.49,4.04,1573.8,969.21
363.42,9.49,4.03,1583.58,970.83
363.62,9.5,4.03,1554.25,971.3
363.82,9.49,4.03,1564.03,970.83
364.02,9.5,4.03,1564.03,971.3
364.22,9.48,4.03,1544.48,970.35
364.42,9.49,4.03,1534.7,970.83
364.62,9.48,4.03,1505.38,970.35
364.82,9.49,4.04,1524.93,969.21
365.02,9.5,4.01,1505.38,972.93
365.22,9.48,4.03,1505.38,970.35
365.42,9.48,4.03,1485.83,970.35
365.62,9.5,4.03,1495.6,971.3
365.82,9.49,4.04,1466.28,969.21
366.02,9.49,4.03,1476.05,970.83
366.22,9.49,4.03,1436.95,970.83
366.42,9.49,4.03,1476.05,970.83
366.62,9.5,4.03,1456.5,971.3
366.82,9.49,4.03,1456.5,970.83
367.02,9.49,4.03,1466.28,970.83
367.22,9.49,4.03,1485.83,970.83
367.42,9.48,4.03,1485.83,970.35
367.62,9.49,4.04,1485.83,969.21
367.82,9.48,4.05,1476.05,967.13
368.02,9.49,4.03,1476.05,970.83
368.22,9.49,4.05,1456.5,967.61
368.42,9.49,4.07,1495.6,966.01
368.62,9.5,4.13,1495.6,958.61
368.82,9.5,4.12,1476.05,960.17
369.02,9.48,4.2,1456.5,949.99
369.22,9.5,4.23,1456.5,947.9
369.42,9.5,4.3,1466.28,940.46
369.62,9.49,4.32,1495.6,937.08
369.82,9.48,4.24,1456.5,945.47
370.02,9.5,4.38,1456.5,931.77
370.22,9.49,4.4,1456.5,928.47
370.42,9.5,4.39,1427.17,930.34
370.62,9.48,4.43,1446.73,925.19
370.82,9.49,4.4,1456.5,928.47
371.02,9.48,4.4,1476.05,928.01
371.22,9.5,4.42,1446.73,927.51
371.42,9.49,4.4,1436.95,928.47
371.62,9.5,4.4,1446.73,928.92
371.82,9.49,4.39,1456.5,929.89
372.02,9.5,4.4,1446.73,928.92
372.22,9.49,4.42,1456.5,927.05
372.42,9.49,4.4,1436.95,928.47
372.62,9.51,4.4,1427.17,929.38
372.82,9.49,4.43,1456.5,925.65
373.02,9.5,4.42,1446.73,927.51
373.22,9.5,4.44,1466.28,924.7
373.42,9.49,4.47,1456.5,921.47
373.62,9.49,4.47,1456.5,921.47
373.82,9.49,4.47,1456.5,921.47
374.02,9.48,4.52,1446.73,915.54
374.22,9.5,4.46,1456.5,923.31
374.42,9.49,4.5,1456.5,918.71
374.62,9.49,4.47,1436.95,921.47
374.82,9.5,4.51,1427.17,917.8
375.02,9.49,4.54,1436.95,914.63
375.22,9.49,4.55,1446.73,913.28
375.42,9.49,4.58,1436.95,910.6
375.62,9.5,4.59,1427.17,909.71
375.82,9.49,4.59,1427.17,909.26
376.02,9.5,4.62,1407.62,907.06
376.22,9.49,4.67,1407.62,901.39
376.42,9.49,4.64,1407.62,903.99
376.62,9.49,4.67,1397.85,901.39
376.82,9.5,4.67,1407.62,901.83
377.02,9.5,4.67,1407.62,901.83
377.22,9.48,4.7,1407.62,898.37
377.42,9.49,4.72,1397.85,896.26
377.62,9.49,4.74,1427.17,894.99
377.82,9.49,4.75,1427.17,893.72
378.02,9.49,4.75,1407.62,893.72
378.22,9.5,4.75,1417.4,894.16
378.42,9.49,4.75,1407.62,893.72
378.62,9.49,4.85,1436.95,885.01
378.82,9.49,4.79,1427.17,889.96
379.02,9.49,4.76,1397.85,892.46
379.22,9.5,4.79,1388.07,890.39
379.42,9.49,4.75,1378.3,893.72
379.62,9.5,4.82,1388.07,887.91
379.82,9.5,4.82,1388.07,887.91
380.02,9.5,4.82,1368.52,887.91
380.22,9.5,4.89,1348.97,881.79
380.42,9.5,5.09,1339.2,864.16
380.62,9.49,5.23,1358.75,851.47
380.82,9.49,5.27,1378.3,848.22
381.02,9.49,5.32,1378.3,845
381.22,9.5,5.36,1378.3,842.23
381.42,9.5,5.34,1378.3,843.29
381.62,9.48,5.36,1358.75,841.4
381.82,9.49,5.38,1358.75,839.71
382.02,9.48,5.41,1358.75,837.22
382.22,9.49,5.45,1368.52,834.53
382.42,9.49,5.46,1348.97,833.5
382.62,9.49,5.44,1388.07,835.56
382.82,9.48,5.53,1388.07,828.02
383.02,9.5,5.48,1388.07,832.89
383.22,9.49,5.53,1388.07,828.43
383.42,9.49,5.53,1368.52,828.43
383.62,9.5,5.58,1358.75,824.84
383.82,9.48,5.61,1378.3,822.06
384.02,9.5,5.6,1378.3,823.85
384.22,9.5,5.65,1358.75,819.93
384.42,9.5,5.69,1348.97,817.02
384.62,9.5,5.66,1348.97,818.95
384.82,9.48,5.74,1329.42,812.4
385.02,9.49,5.76,1358.75,811.85
385.22,9.48,5.83,1339.2,806.76
385.42,9.49,5.81,1329.42,808.09
385.62,9.5,5.84,1339.2,806.62
385.82,9.5,5.81,1339.2,808.49
386.02,9.49,5.88,1319.65,803.46
386.22,9.5,5.88,1319.65,803.86
386.42,9.48,5.91,1319.65,801.24
386.62,9.49,5.95,1309.87,798.92
386.82,9.49,5.95,1309.87,798.92
387.02,9.49,6.03,1300.1,793.56
387.22,9.49,6.09,1300.1,789.18
387.42,9.48,6.08,1300.1,789.66
387.62,9.5,6.11,1290.32,788.7
387.82,9.49,6.09,1280.55,789.18
388.02,9.49,6.12,1309.87,787.45
388.22,9.49,6.12,1309.87,787.45
388.42,9.49,6.11,1309.87,788.31
388.62,9.48,6.19,1309.87,782.78
388.82,9.5,6.15,1309.87,786.11
389.02,9.5,6.11,1339.2,788.7
389.22,9.5,6.16,1290.32,785.25
389.42,9.49,6.15,1270.77,785.72
389.62,9.49,6.21,1280.55,781.47
389.82,9.49,6.24,1270.77,779.79
390.02,9.51,6.24,1270.77,780.55
390.22,9.49,6.28,1290.32,777.28
390.42,9.48,6.31,1309.87,775.25
390.62,9.5,6.29,1300.1,776.84
390.82,9.5,6.32,1309.87,775.19
391.02,9.5,6.35,1319.65,773.54
391.22,9.5,6.4,1290.32,770.29
391.42,9.49,6.48,1280.55,765.12
391.62,9.49,6.52,1280.55,762.75
391.82,9.5,6.52,1280.55,763.13
392.02,9.48,6.56,1270.77,760.04
392.22,9.49,6.6,1251.22,758.09
392.42,9.49,6.64,1221.9,755.79
392.62,9.49,6.66,1221.9,755.03
392.82,9.48,6.68,1241.45,753.14
393.02,9.49,6.72,1251.22,751.25
393.22,9.5,6.71,1221.9,752.37
393.42,9.48,6.83,1221.9,744.96
393.62,9.48,6.8,1212.12,746.42
393.82,9.5,6.85,1202.35,744.96
394.02,9.5,6.91,1192.57,741.33
394.22,9.51,6.89,1202.35,743.14
394.42,9.5,6.97,1173.02,738.47
394.62,9.48,6.91,1163.25,740.6
394.82,9.49,6.93,1182.8,740.25
395.02,9.49,6.91,1192.57,740.97
395.22,9.49,6.9,1192.57,741.69
395.42,9.5,6.9,1163.25,742.05
395.62,9.48,6.91,1173.02,740.6
395.82,9.5,6.98,1182.8,737.76
396.02,9.48,7.11,1202.35,730.05
396.22,9.5,7.13,1212.12,730.08
396.42,9.49,7.14,1202.35,729.03
396.62,9.49,7.14,1231.67,729.03
