# material: stock PETG,,,,
# geometry: cyl,,,,
# preform_diameter: 20.0,,,,
# material_color: clear,,,,
# temperature_C: 160.0,,,,
# drawdown_ratio: 50.0,,,,
# trial_number: 002,,,,
# operator: Kevin Liu,,,,
# start_time: 2025-06-19 15:57:12,,,,
# notes: stock PETG using feedback control; feed speed 4 mm/min,,,,
Time(s),Feed(mm/min),Wind(m/min),Diameter(um),Predicted_diameter(um)
2.3,4,4.97,654.94,540.52
2.5,4,4.97,654.94,540.52
2.7,4,4.97,664.71,540.52
2.9,4,4.97,664.71,540.52
3.1,4,4.97,664.71,540.52
3.3,4,4.97,674.49,540.52
3.5,4,4.97,664.71,540.52
3.7,4,4.97,674.49,540.52
3.9,4,4.97,713.59,540.52
4.1,3.99,4.97,713.59,539.89
4.3,4,4.97,733.14,540.52
4.5,4,4.97,723.36,540.52
4.7,4,4.97,742.91,540.52
4.9,4,5.08,733.14,534.74
5.1,4,5.08,733.14,534.74
5.3,4,5.08,733.14,534.74
5.5,4,5.08,713.59,534.74
5.7,4,5.08,723.36,534.74
5.9,4,5.08,713.59,534.74
6.1,4,5.08,723.36,534.74
6.3,4,5.08,742.91,534.74
6.5,4,5.08,742.91,534.74
6.7,4,5.08,772.24,534.74
6.9,3.99,5.08,772.24,534.12
7.1,4,5.08,782.01,534.74
7.3,4,5.08,772.24,534.74
7.5,4,5.08,742.91,534.74
7.7,4,5.08,762.46,534.74
7.9,4,5.08,733.14,534.74
8.1,4,5.08,733.14,534.74
8.3,4,5.08,713.59,534.74
8.5,4,5.08,723.36,534.74
8.7,4,5.08,713.59,534.74
8.9,4,5.08,713.59,534.74
9.1,4,5.08,694.04,534.74
9.3,4,5.08,684.26,534.74
9.5,4,5.08,703.81,534.74
9.7,4,5.08,684.26,534.74
9.9,4,5.08,684.26,534.74
10.1,4,5.08,684.26,534.74
10.3,4,5.08,664.71,534.74
10.5,4,5.08,664.71,534.74
10.7,3.99,5.08,684.26,534.12
10.9,4,5.08,684.26,534.74
11.1,4,5.08,684.26,534.74
11.3,4,5.08,664.71,534.74
11.5,4,5.08,654.94,534.74
11.7,4,5.08,664.71,534.74
11.9,4,5.08,674.49,534.74
12.1,4,5.08,654.94,534.74
12.3,4,5.08,664.71,534.74
12.5,4,5.08,674.49,534.74
12.7,4,5.08,684.26,534.74
12.9,4,5.08,674.49,534.74
13.1,4,5.08,674.49,534.74
13.3,4,5.08,684.26,534.74
13.5,4,5.08,674.49,534.74
13.7,4,5.08,694.04,534.74
13.9,4,5.08,674.49,534.74
14.1,4,5.08,684.26,534.74
14.3,4,5.08,684.26,534.74
14.5,3.99,5.08,664.71,534.12
14.7,4,5.08,674.49,534.74
14.9,4,5.08,654.94,534.74
15.1,4,5.08,684.26,534.74
15.3,3.99,5.08,674.49,534.12
15.5,4,5.08,674.49,534.74
15.7,4,5.08,674.49,534.74
15.9,4,5.08,674.49,534.74
16.1,4,5.08,694.04,534.74
16.3,4.01,5.08,694.04,535.36
16.5,4,5.08,703.81,534.74
16.7,4,5.08,674.49,534.74
16.9,4,5.08,694.04,534.74
17.1,4,4.97,674.49,540.52
17.3,4,4.97,674.49,540.52
17.5,4,4.97,684.26,540.52
17.7,4,4.97,684.26,540.52
17.9,4,4.97,684.26,540.52
18.1,4.01,4.97,684.26,541.15
18.3,4,4.97,684.26,540.52
18.5,4,4.97,684.26,540.52
18.7,4,4.97,664.71,540.52
18.9,4,4.97,674.49,540.52
19.1,4,4.97,684.26,540.52
19.3,4,4.97,664.71,540.52
19.5,4,4.97,684.26,540.52
19.7,4,4.97,674.49,540.52
19.9,4,4.97,674.49,540.52
20.1,4,4.97,674.49,540.52
20.3,4,4.97,684.26,540.52
20.5,4,4.97,664.71,540.52
20.7,4,4.97,645.16,540.52
20.9,4,4.97,654.94,540.52
21.1,4,4.97,654.94,540.52
21.3,4,4.97,654.94,540.52
21.5,4,4.97,674.49,540.52
21.7,4,4.97,654.94,540.52
21.9,4,4.97,684.26,540.52
22.1,4,4.97,674.49,540.52
22.3,4,4.97,654.94,540.52
22.5,4,4.97,674.49,540.52
22.7,4,4.97,654.94,540.52
22.9,4,4.97,684.26,540.52
23.1,4,4.97,674.49,540.52
23.3,4,4.97,684.26,540.52
23.5,4,4.97,674.49,540.52
23.7,4,4.97,664.71,540.52
23.9,4,4.97,674.49,540.52
24.1,4,4.97,674.49,540.52
24.3,4,4.97,674.49,540.52
24.5,4,4.97,684.26,540.52
24.7,4,4.97,664.71,540.52
24.9,4.01,4.97,684.26,541.15
25.1,4,4.97,684.26,540.52
25.3,3.99,4.97,694.04,539.89
25.5,4,4.97,694.04,540.52
25.7,4,4.97,674.49,540.52
25.9,4,4.97,674.49,540.52
26.1,4,4.97,674.49,540.52
26.3,4,4.97,694.04,540.52
26.5,4,4.97,694.04,540.52
26.7,4,4.97,674.49,540.52
26.9,4,4.97,694.04,540.52
27.1,4,4.97,684.26,540.52
27.3,4,4.97,674.49,540.52
27.5,4,4.97,674.49,540.52
27.7,4,4.97,664.71,540.52
27.9,4,4.97,664.71,540.52
28.1,4,4.97,654.94,540.52
28.3,4,4.97,674.49,540.52
28.5,4,4.97,664.71,540.52
28.7,4,4.97,654.94,540.52
28.9,4,4.97,674.49,540.52
29.1,4,4.97,684.26,540.52
29.3,4,4.97,684.26,540.52
29.5,4,4.97,674.49,540.52
29.7,3.99,4.97,684.26,539.89
29.9,4,4.97,694.04,540.52
30.1,4,4.97,694.04,540.52
30.3,4,4.97,703.81,540.52
30.5,4,4.97,694.04,540.52
30.7,4,4.97,684.26,540.52
30.9,4,4.97,694.04,540.52
31.1,4,4.97,674.49,540.52
31.3,4,4.97,684.26,540.52
31.5,4,4.97,664.71,540.52
31.7,4,4.97,684.26,540.52
31.9,4,4.97,684.26,540.52
32.1,4,4.97,694.04,540.52
32.3,4,4.97,694.04,540.52
32.5,4,4.97,664.71,540.52
32.7,4,4.97,684.26,540.52
32.9,4,4.97,674.49,540.52
33.1,4,4.97,684.26,540.52
33.3,4,4.97,694.04,540.52
33.5,4,4.97,664.71,540.52
33.7,4,4.97,694.04,540.52
33.9,4,4.97,694.04,540.52
34.1,3.99,4.97,684.26,539.89
34.3,3.99,4.97,694.04,539.89
34.5,4,4.97,694.04,540.52
34.7,4,4.97,703.81,540.52
34.9,4,4.97,694.04,540.52
35.1,4,4.97,694.04,540.52
35.3,4,4.97,684.26,540.52
35.5,3.99,4.97,684.26,539.89
35.7,4,4.97,694.04,540.52
35.9,4,4.97,684.26,540.52
36.1,4,4.97,703.81,540.52
36.3,4,4.97,694.04,540.52
36.5,4,4.97,703.81,540.52
36.7,4,4.97,703.81,540.52
36.9,4,4.97,713.59,540.52
37.1,4,4.97,713.59,540.52
37.3,4,4.97,684.26,540.52
37.5,4,4.97,674.49,540.52
37.7,4,4.97,684.26,540.52
37.9,4,4.97,664.71,540.52
38.1,3.99,4.97,684.26,539.89
38.3,4,4.97,674.49,540.52
38.5,4,4.97,664.71,540.52
38.7,4,4.97,674.49,540.52
38.9,4,4.97,674.49,540.52
39.1,4,4.97,674.49,540.52
39.3,4,4.97,664.71,540.52
39.5,4,4.97,664.71,540.52
39.7,4,4.97,674.49,540.52
39.9,4,4.97,674.49,540.52
40.1,4,4.97,684.26,540.52
40.3,4,4.97,654.94,540.52
40.5,4,4.97,664.71,540.52
40.7,4,4.97,694.04,540.52
40.9,4,4.97,654.94,540.52
41.1,4,4.97,664.71,540.52
41.3,4,4.97,674.49,540.52
41.5,4,4.97,684.26,540.52
41.7,4,4.97,694.04,540.52
41.9,4,4.97,694.04,540.52
42.1,4,4.97,694.04,540.52
42.3,4,4.97,694.04,540.52
42.5,4,4.97,684.26,540.52
42.7,4,4.97,694.04,540.52
42.9,4,4.97,694.04,540.52
43.1,4,4.97,694.04,540.52
43.3,4,4.97,674.49,540.52
43.5,4,4.97,684.26,540.52
43.7,4,4.97,664.71,540.52
43.9,4,4.97,684.26,540.52
44.1,4,4.97,684.26,540.52
44.3,4,4.97,684.26,540.52
44.5,4,4.97,664.71,540.52
44.7,4.01,4.97,694.04,541.15
44.9,4,4.97,674.49,540.52
45.1,4,4.97,684.26,540.52
45.3,4,4.97,684.26,540.52
45.5,4,4.97,664.71,540.52
45.7,4,4.97,684.26,540.52
45.9,4,4.97,684.26,540.52
46.1,4,4.97,694.04,540.52
46.3,4.01,4.97,694.04,541.15
46.5,4,4.97,674.49,540.52
46.7,4,4.97,694.04,540.52
46.9,4,4.97,684.26,540.52
47.1,4,4.97,674.49,540.52
47.3,4,4.97,674.49,540.52
47.5,4,4.97,664.71,540.52
47.7,4,4.97,684.26,540.52
47.9,4,4.97,684.26,540.52
48.1,4,4.97,684.26,540.52
48.3,4,4.97,674.49,540.52
48.5,4,4.97,654.94,540.52
48.7,4,4.97,664.71,540.52
48.9,4,4.97,674.49,540.52
49.1,4,4.97,664.71,540.52
49.3,4,4.97,684.26,540.52
49.5,4,4.97,674.49,540.52
49.7,4,4.97,684.26,540.52
49.9,4,4.97,694.04,540.52
50.1,4,4.97,694.04,540.52
50.3,3.99,4.97,684.26,539.89
50.5,4,4.97,674.49,540.52
50.7,4,4.97,674.49,540.52
50.9,4,4.97,674.49,540.52
51.1,4,4.97,664.71,540.52
51.3,4,4.97,684.26,540.52
51.5,4,4.97,664.71,540.52
51.7,4,4.97,664.71,540.52
51.9,4,4.97,684.26,540.52
52.1,4,4.97,674.49,540.52
52.3,4,4.97,674.49,540.52
52.5,4,4.97,664.71,540.52
52.7,4,4.97,674.49,540.52
52.9,4,4.97,694.04,540.52
53.1,4,4.97,674.49,540.52
53.3,4,4.97,694.04,540.52
53.5,4,4.97,694.04,540.52
53.7,4,4.97,694.04,540.52
53.9,4,4.97,694.04,540.52
54.1,4,4.97,684.26,540.52
54.3,4,4.97,694.04,540.52
54.5,4,4.97,694.04,540.52
54.7,4,4.97,674.49,540.52
54.9,4,4.97,694.04,540.52
55.1,4,4.97,684.26,540.52
55.3,4,4.97,674.49,540.52
55.5,4,4.97,674.49,540.52
55.7,4,4.97,674.49,540.52
55.9,4,4.97,684.26,540.52
56.1,4,4.97,664.71,540.52
56.3,4,4.97,694.04,540.52
56.5,4,4.97,684.26,540.52
56.7,4,4.97,674.49,540.52
56.9,4,4.97,684.26,540.52
57.1,4,4.97,684.26,540.52
57.3,4,4.97,684.26,540.52
57.5,4,4.97,674.49,540.52
57.7,4,4.97,674.49,540.52
57.9,4,4.97,674.49,540.52
58.1,4,4.97,674.49,540.52
58.3,4,4.97,674.49,540.52
58.5,4,4.97,684.26,540.52
58.7,4,4.97,664.71,540.52
58.9,3.99,4.97,674.49,539.89
59.1,4,4.97,684.26,540.52
59.3,3.99,4.97,684.26,539.89
59.5,3.99,4.97,694.04,539.89
59.7,4,4.97,684.26,540.52
59.9,4,4.97,684.26,540.52
60.1,4,4.97,684.26,540.52
60.3,3.99,4.97,684.26,539.89
60.5,4,4.97,684.26,540.52
60.7,4,4.97,674.49,540.52
60.9,4,4.97,684.26,540.52
61.1,4,4.97,674.49,540.52
61.3,4,4.97,674.49,540.52
61.5,4,4.97,674.49,540.52
61.7,4,4.97,654.94,540.52
61.9,4,4.97,664.71,540.52
62.1,4,4.97,684.26,540.52
62.3,4,4.97,684.26,540.52
62.5,4,4.97,684.26,540.52
62.7,4,4.97,674.49,540.52
62.9,4,4.97,694.04,540.52
63.1,4,4.97,674.49,540.52
63.3,4,4.97,674.49,540.52
63.5,4,4.97,684.26,540.52
63.7,4,4.97,674.49,540.52
63.9,4,4.97,684.26,540.52
64.1,4,4.97,684.26,540.52
64.3,4,4.97,674.49,540.52
64.5,4,4.97,694.04,540.52
64.7,4,4.97,664.71,540.52
64.9,4,4.97,674.49,540.52
65.1,4,4.97,674.49,540.52
65.3,3.99,4.97,664.71,539.89
65.5,4,4.97,684.26,540.52
65.7,4,4.97,654.94,540.52
65.9,4,4.97,684.26,540.52
66.1,4,4.97,703.81,540.52
66.3,4,4.97,703.81,540.52
66.5,4,4.97,694.04,540.52
66.7,4,4.97,674.49,540.52
66.9,4,4.97,684.26,540.52
67.1,4,4.97,713.59,540.52
67.3,4,4.97,684.26,540.52
67.5,4,4.97,703.81,540.52
67.7,4,4.97,694.04,540.52
67.9,4,4.97,713.59,540.52
68.1,4,4.97,703.81,540.52
68.3,4,4.97,684.26,540.52
68.5,4,4.97,674.49,540.52
68.7,4,4.97,674.49,540.52
68.9,4,4.97,684.26,540.52
69.1,4,4.97,674.49,540.52
69.3,4,4.97,664.71,540.52
69.5,4,4.97,684.26,540.52
69.7,4,4.97,664.71,540.52
69.9,4,4.97,684.26,540.52
70.1,4,4.97,694.04,540.52
70.3,4,4.97,684.26,540.52
70.5,4,4.97,684.26,540.52
70.7,4.01,4.97,684.26,541.15
70.9,4,4.97,674.49,540.52
71.1,4,4.97,694.04,540.52
71.3,4,4.97,694.04,540.52
71.5,3.99,4.97,674.49,539.89
71.7,4,4.97,684.26,540.52
71.9,4,4.97,664.71,540.52
72.1,4,4.97,694.04,540.52
72.3,4,4.97,694.04,540.52
72.5,4,4.97,694.04,540.52
72.7,4,4.97,694.04,540.52
72.9,4,4.97,674.49,540.52
73.1,4,4.97,694.04,540.52
73.3,4,4.97,703.81,540.52
73.5,4,4.97,694.04,540.52
73.7,3.99,4.97,694.04,539.89
73.9,4,4.97,694.04,540.52
74.1,4,4.97,684.26,540.52
74.3,4,4.97,694.04,540.52
74.5,4,4.97,713.59,540.52
74.7,4,4.97,713.59,540.52
74.9,4,4.97,703.81,540.52
75.1,4,4.97,723.36,540.52
75.3,4,4.97,713.59,540.52
75.5,4,5.08,723.36,534.74
75.7,4,5.08,713.59,534.74
75.9,4,5.08,713.59,534.74
76.1,4,5.08,713.59,534.74
76.3,4,5.08,694.04,534.74
76.5,4,5.08,684.26,534.74
76.7,4,5.08,694.04,534.74
76.9,4,5.08,684.26,534.74
77.1,4,5.08,684.26,534.74
77.3,4,5.08,664.71,534.74
77.5,4,5.08,684.26,534.74
77.7,4,5.08,664.71,534.74
77.9,4,4.97,664.71,540.52
78.1,4,4.97,684.26,540.52
78.3,4,4.97,664.71,540.52
78.5,4,4.97,694.04,540.52
78.7,4,4.97,674.49,540.52
78.9,4,4.97,694.04,540.52
79.1,4,4.97,703.81,540.52
79.3,4,5.08,694.04,534.74
79.5,4,5.08,703.81,534.74
79.7,4,5.08,684.26,534.74
79.9,4,5.08,694.04,534.74
80.1,4,5.08,694.04,534.74
80.3,4,5.08,703.81,534.74
80.5,4,5.08,684.26,534.74
80.7,4,5.08,694.04,534.74
80.9,4,5.08,703.81,534.74
81.1,4,5.08,703.81,534.74
81.3,4,5.08,694.04,534.74
81.5,4,5.08,694.04,534.74
81.7,4,5.08,684.26,534.74
81.9,4.01,5.08,703.81,535.36
82.1,4,5.08,694.04,534.74
82.3,4,5.08,703.81,534.74
82.5,4,5.08,703.81,534.74
82.7,4,5.08,733.14,534.74
82.9,4,5.08,703.81,534.74
83.1,4,5.08,703.81,534.74
83.3,4,5.08,713.59,534.74
83.5,4,5.08,684.26,534.74
83.7,3.99,5.08,703.81,534.12
83.9,4,5.08,694.04,534.74
84.1,4,5.08,684.26,534.74
84.3,4,5.08,703.81,534.74
84.5,4,5.08,684.26,534.74
84.7,4,5.08,684.26,534.74
84.9,4,5.08,694.04,534.74
85.1,4,5.08,674.49,534.74
85.3,4,5.08,694.04,534.74
85.5,4,5.08,674.49,534.74
85.7,4,5.08,694.04,534.74
85.9,4,5.08,674.49,534.74
86.1,4,5.08,703.81,534.74
86.3,4,5.08,694.04,534.74
86.5,4,5.08,674.49,534.74
86.7,4,5.08,694.04,534.74
86.9,4,5.08,694.04,534.74
87.1,4,5.08,703.81,534.74
87.3,4,5.08,703.81,534.74
87.5,4,5.08,684.26,534.74
87.7,4,5.08,703.81,534.74
87.9,4,5.08,703.81,534.74
88.1,4,5.08,694.04,534.74
88.3,4,5.08,654.94,534.74
88.5,4,5.08,694.04,534.74
88.7,4,5.08,703.81,534.74
88.9,3.99,5.08,703.81,534.12
89.1,4,5.08,703.81,534.74
89.3,4,5.08,684.26,534.74
89.5,4,5.08,674.49,534.74
89.7,4,5.08,694.04,534.74
89.9,3.99,5.08,674.49,534.12
90.1,4,5.08,684.26,534.74
90.3,4,5.08,674.49,534.74
90.5,4,5.08,694.04,534.74
90.7,4,5.08,684.26,534.74
90.9,4,5.08,684.26,534.74
91.1,4,5.08,674.49,534.74
91.3,4,5.08,674.49,534.74
91.5,4,5.08,684.26,534.74
91.7,4,5.08,684.26,534.74
91.9,4,5.08,703.81,534.74
92.1,4,5.08,674.49,534.74
92.3,4,5.08,713.59,534.74
92.5,4,5.08,713.59,534.74
92.7,4,5.08,713.59,534.74
92.9,4,5.08,713.59,534.74
93.1,4,5.08,703.81,534.74
93.3,4,5.08,703.81,534.74
93.5,4,5.08,723.36,534.74
93.7,3.99,5.08,703.81,534.12
93.9,4,5.08,723.36,534.74
94.1,4,5.08,694.04,534.74
94.3,4,5.08,723.36,534.74
94.5,4,5.08,713.59,534.74
94.7,4,5.08,713.59,534.74
94.9,4,5.08,723.36,534.74
95.1,4,5.08,713.59,534.74
95.3,4,5.08,723.36,534.74
95.5,4.01,5.08,703.81,535.36
95.7,4,5.08,703.81,534.74
95.9,4,5.08,723.36,534.74
96.1,4,5.08,703.81,534.74
96.3,4,5.08,723.36,534.74
96.5,4,5.08,723.36,534.74
96.7,4,5.08,733.14,534.74
96.9,4,5.08,723.36,534.74
97.1,4,5.08,723.36,534.74
97.3,4,5.08,733.14,534.74
97.5,4,5.08,713.59,534.74
97.7,4,5.08,703.81,534.74
97.9,4,5.08,713.59,534.74
98.1,4,5.08,703.81,534.74
98.3,4,5.08,703.81,534.74
98.5,4,5.08,713.59,534.74
98.7,4,5.08,723.36,534.74
98.9,4,5.08,713.59,534.74
99.1,4,5.08,713.59,534.74
99.3,4,5.08,723.36,534.74
99.5,4,5.08,723.36,534.74
99.7,4,5.08,723.36,534.74
99.9,3.99,5.08,703.81,534.12
100.1,4,5.08,694.04,534.74
100.3,4,5.08,713.59,534.74
100.5,4,5.08,694.04,534.74
100.7,4,5.08,694.04,534.74
100.9,4,5.08,694.04,534.74
101.1,4,5.08,684.26,534.74
101.3,4,5.08,694.04,534.74
101.5,3.99,5.08,684.26,534.12
101.7,3.99,5.08,703.81,534.12
101.9,4,5.08,684.26,534.74
102.1,4,5.08,694.04,534.74
102.3,4,5.08,694.04,534.74
102.5,4,5.08,694.04,534.74
102.7,4,5.08,703.81,534.74
102.9,4,5.08,674.49,534.74
103.1,4,5.08,713.59,534.74
103.3,4,5.08,713.59,534.74
103.5,4,5.08,703.81,534.74
103.7,4,5.08,703.81,534.74
103.9,4,5.08,694.04,534.74
104.1,4,5.08,713.59,534.74
104.3,4,5.08,684.26,534.74
104.5,4,5.08,713.59,534.74
104.7,4,5.08,703.81,534.74
104.9,4,5.08,684.26,534.74
105.1,4,5.08,713.59,534.74
105.3,4,5.08,703.81,534.74
105.5,4,5.08,713.59,534.74
105.7,4,5.08,713.59,534.74
105.9,4,5.08,694.04,534.74
106.1,4,5.08,723.36,534.74
106.3,4,5.08,723.36,534.74
106.5,4,5.08,703.81,534.74
106.7,4,5.08,713.59,534.74
106.9,4,5.08,713.59,534.74
107.1,4,5.08,713.59,534.74
107.3,4,5.08,723.36,534.74
107.5,4,5.08,723.36,534.74
107.7,4,5.08,742.91,534.74
107.9,4,5.08,723.36,534.74
108.1,4,5.08,742.91,534.74
108.3,4.01,5.08,733.14,535.36
108.5,4,5.08,742.91,534.74
108.7,4,5.08,733.14,534.74
108.9,4,5.08,733.14,534.74
109.1,4,5.08,723.36,534.74
109.3,4,5.08,742.91,534.74
109.5,3.99,5.08,723.36,534.12
109.7,4,5.08,713.59,534.74
109.9,4,5.08,703.81,534.74
110.1,4,5.08,723.36,534.74
110.3,4,5.08,703.81,534.74
110.5,4,5.08,713.59,534.74
110.7,4,5.08,713.59,534.74
110.9,4,5.08,703.81,534.74
111.1,4,5.08,713.59,534.74
111.3,4,5.08,723.36,534.74
111.5,3.99,5.08,733.14,534.12
111.7,4,5.08,713.59,534.74
111.9,4,5.08,694.04,534.74
112.1,4,5.08,713.59,534.74
112.3,4,5.08,713.59,534.74
112.5,3.99,5.08,703.81,534.12
112.7,4,5.08,713.59,534.74
112.9,4,5.08,703.81,534.74
113.1,3.99,5.08,713.59,534.12
113.3,4,5.08,723.36,534.74
113.5,4,5.08,733.14,534.74
113.7,4,5.08,723.36,534.74
113.9,4,5.08,733.14,534.74
114.1,4,5.08,733.14,534.74
114.3,4,5.08,742.91,534.74
114.5,4,5.08,733.14,534.74
114.7,4,5.08,713.59,534.74
114.9,4,5.08,703.81,534.74
115.1,4,5.08,742.91,534.74
115.3,4,5.08,733.14,534.74
115.5,4.01,5.08,742.91,535.36
115.7,4,5.08,723.36,534.74
115.9,4,5.08,733.14,534.74
116.1,4,5.08,723.36,534.74
116.3,4,5.08,723.36,534.74
116.5,4,5.08,723.36,534.74
116.7,4,5.08,703.81,534.74
116.9,4,5.08,713.59,534.74
117.1,4,5.08,713.59,534.74
117.3,4,5.08,733.14,534.74
117.5,4,5.08,713.59,534.74
117.7,4,5.08,713.59,534.74
117.9,4,5.08,733.14,534.74
118.1,4,5.08,703.81,534.74
118.3,4,5.08,733.14,534.74
118.5,4,5.08,713.59,534.74
118.7,4,5.08,752.69,534.74
118.9,4,5.08,752.69,534.74
119.1,4,5.08,723.36,534.74
119.3,4,5.08,733.14,534.74
119.5,4,5.08,733.14,534.74
119.7,4,5.08,733.14,534.74
119.9,4,5.08,733.14,534.74
120.1,4,5.08,723.36,534.74
120.3,4,5.08,742.91,534.74
120.5,4,5.08,742.91,534.74
120.7,4,5.08,742.91,534.74
120.9,4,5.08,703.81,534.74
121.1,4,5.08,733.14,534.74
121.3,4,5.08,733.14,534.74
121.5,4,5.08,723.36,534.74
121.7,4,5.08,742.91,534.74
121.9,4,5.08,723.36,534.74
122.1,4,5.08,723.36,534.74
122.3,4,5.08,713.59,534.74
122.5,4,5.08,733.14,534.74
122.7,4,5.08,713.59,534.74
122.9,4,5.08,723.36,534.74
123.1,4,5.08,694.04,534.74
123.3,4,5.08,723.36,534.74
123.5,4,5.08,713.59,534.74
123.7,4,5.08,713.59,534.74
123.9,4,5.08,713.59,534.74
124.1,4,5.08,723.36,534.74
124.3,4,5.08,723.36,534.74
124.5,4,5.08,733.14,534.74
124.7,4,5.08,723.36,534.74
124.9,4,5.08,723.36,534.74
125.1,4,5.08,733.14,534.74
125.3,4,5.08,723.36,534.74
125.5,4,5.08,733.14,534.74
125.7,4,5.08,723.36,534.74
125.9,4,5.08,733.14,534.74
126.1,4,5.08,723.36,534.74
126.3,4.01,5.08,703.81,535.36
126.5,4,5.08,723.36,534.74
126.7,4,5.08,713.59,534.74
126.9,3.99,5.08,723.36,534.12
127.1,4,5.08,723.36,534.74
127.3,4,5.08,723.36,534.74
127.5,4,5.08,723.36,534.74
127.7,4,5.08,733.14,534.74
127.9,4,5.08,713.59,534.74
128.1,4,5.08,713.59,534.74
128.3,4,5.08,713.59,534.74
128.5,4,5.08,713.59,534.74
128.7,4,5.08,723.36,534.74
128.9,4,5.08,723.36,534.74
129.1,4,5.08,703.81,534.74
129.3,4,5.08,733.14,534.74
129.5,4,5.08,723.36,534.74
129.7,4,5.08,723.36,534.74
129.9,4,5.08,733.14,534.74
130.1,4,5.08,713.59,534.74
130.3,4,5.08,742.91,534.74
130.5,4,5.08,723.36,534.74
130.7,4,5.08,742.91,534.74
130.9,4,5.08,733.14,534.74
131.1,4,5.08,723.36,534.74
131.3,4,5.08,742.91,534.74
131.5,4,5.08,733.14,534.74
131.7,4,5.08,752.69,534.74
131.9,4,5.08,742.91,534.74
132.1,4,5.08,742.91,534.74
132.3,4,5.08,752.69,534.74
132.5,4,5.08,733.14,534.74
132.7,4,5.08,733.14,534.74
132.9,4,5.08,733.14,534.74
133.1,3.99,5.08,723.36,534.12
133.3,4,5.08,733.14,534.74
133.5,4,5.08,723.36,534.74
133.7,4,5.08,733.14,534.74
133.9,4,5.08,723.36,534.74
134.1,4,5.08,742.91,534.74
134.3,4,5.08,733.14,534.74
134.5,4,5.08,742.91,534.74
134.7,4,5.08,742.91,534.74
134.9,4,5.08,723.36,534.74
135.1,4,5.08,742.91,534.74
135.3,4,5.08,733.14,534.74
135.5,4,5.08,742.91,534.74
135.7,4,5.08,742.91,534.74
135.9,4,5.08,742.91,534.74
136.1,4,5.08,733.14,534.74
136.3,4,5.08,742.91,534.74
136.5,4,5.08,742.91,534.74
136.7,4,5.08,723.36,534.74
136.9,4,5.08,742.91,534.74
137.1,4,5.08,742.91,534.74
137.3,4,5.08,742.91,534.74
137.5,4,5.08,752.69,534.74
137.7,4,5.08,742.91,534.74
137.9,4,5.08,742.91,534.74
138.1,4,5.08,752.69,534.74
138.3,4,5.08,742.91,534.74
138.5,4,5.08,762.46,534.74
138.7,4,5.08,762.46,534.74
138.9,4,5.08,752.69,534.74
139.1,4,5.08,752.69,534.74
139.3,4,5.08,762.46,534.74
139.5,4,5.08,752.69,534.74
139.7,4,5.08,752.69,534.74
139.9,4,5.08,772.24,534.74
140.1,4,5.08,752.69,534.74
140.3,4,5.08,772.24,534.74
140.5,4,5.08,752.69,534.74
140.7,4,5.08,762.46,534.74
140.9,4,5.08,742.91,534.74
141.1,4,5.08,742.91,534.74
141.3,4,5.08,742.91,534.74
141.5,4,5.08,742.91,534.74
141.7,3.99,5.08,733.14,534.12
141.9,4,5.08,733.14,534.74
142.1,3.99,5.08,733.14,534.12
142.3,4,5.08,752.69,534.74
142.5,4,5.08,723.36,534.74
142.7,4,5.08,752.69,534.74
142.9,4,5.08,752.69,534.74
143.1,4,5.08,752.69,534.74
143.3,4,5.08,752.69,534.74
143.5,4,5.08,742.91,534.74
143.7,4,5.08,752.69,534.74
143.9,4,5.08,733.14,534.74
144.1,4,5.08,752.69,534.74
144.3,4,5.08,762.46,534.74
144.5,4,5.08,742.91,534.74
144.7,4,5.08,762.46,534.74
144.9,4,5.08,742.91,534.74
145.1,4,5.08,752.69,534.74
145.3,4.01,5.08,723.36,535.36
145.5,4,5.08,742.91,534.74
145.7,4,5.08,742.91,534.74
145.9,4,5.08,742.91,534.74
146.1,4,5.08,742.91,534.74
146.3,4,5.08,723.36,534.74
146.5,4,5.08,742.91,534.74
146.7,4,5.08,742.91,534.74
146.9,4,5.08,742.91,534.74
147.1,4,5.08,762.46,534.74
147.3,4,5.08,752.69,534.74
147.5,4,5.08,762.46,534.74
147.7,4,5.08,762.46,534.74
147.9,4,5.08,762.46,534.74
148.1,4,5.08,762.46,534.74
148.3,4,5.08,742.91,534.74
148.5,4,5.08,762.46,534.74
148.7,4,5.08,752.69,534.74
148.9,4,5.08,752.69,534.74
149.1,4,5.08,752.69,534.74
149.3,4,5.08,742.91,534.74
149.5,4,5.08,762.46,534.74
149.7,4,5.08,762.46,534.74
149.9,4,5.08,762.46,534.74
150.1,4,5.08,733.14,534.74
150.3,3.99,5.08,742.91,534.12
150.5,4,5.08,752.69,534.74
150.7,4,5.08,742.91,534.74
150.9,4,5.08,752.69,534.74
151.1,4,5.08,733.14,534.74
151.3,4,5.08,752.69,534.74
151.5,4,5.08,742.91,534.74
151.7,4,5.08,742.91,534.74
151.9,4,5.08,772.24,534.74
152.1,3.99,5.08,772.24,534.12
152.3,4,5.08,772.24,534.74
152.5,4,5.08,772.24,534.74
152.7,4,5.08,772.24,534.74
152.9,4,5.08,762.46,534.74
153.1,4,5.08,742.91,534.74
153.3,4,5.08,742.91,534.74
153.5,4,5.08,752.69,534.74
153.7,4,5.08,742.91,534.74
153.9,4,5.08,733.14,534.74
154.1,4,5.08,723.36,534.74
154.3,4,5.08,742.91,534.74
154.5,3.99,5.08,742.91,534.12
154.7,4,5.08,742.91,534.74
154.9,4,5.08,733.14,534.74
155.1,4,5.08,742.91,534.74
155.3,4,5.08,752.69,534.74
155.5,4,5.08,742.91,534.74
155.7,4,5.08,762.46,534.74
155.9,4,5.08,752.69,534.74
156.1,4,5.08,762.46,534.74
156.3,4,5.08,772.24,534.74
156.5,4,5.08,752.69,534.74
156.7,4,5.08,772.24,534.74
156.9,4,5.08,762.46,534.74
157.1,4,5.08,772.24,534.74
157.3,4,5.08,762.46,534.74
157.5,4,5.08,772.24,534.74
157.7,4,5.08,762.46,534.74
157.9,4,5.08,752.69,534.74
158.1,4,5.08,782.01,534.74
158.3,4,5.08,762.46,534.74
158.5,4,5.08,772.24,534.74
158.7,4,5.08,742.91,534.74
158.9,4,5.08,772.24,534.74
159.1,4,5.08,762.46,534.74
159.3,4,5.08,762.46,534.74
159.5,4,5.08,752.69,534.74
159.7,4,5.08,733.14,534.74
159.9,4,5.08,762.46,534.74
160.1,4,5.08,762.46,534.74
160.3,3.99,5.08,762.46,534.12
160.5,4,5.08,772.24,534.74
160.7,4,5.08,782.01,534.74
160.9,4,5.08,782.01,534.74
161.1,4,5.08,772.24,534.74
161.3,4,5.08,782.01,534.74
161.5,4,5.08,762.46,534.74
161.7,4,5.08,752.69,534.74
161.9,4,5.08,772.24,534.74
162.1,4,5.08,742.91,534.74
162.3,4,5.08,762.46,534.74
162.5,4,5.08,762.46,534.74
162.7,3.99,5.08,762.46,534.12
162.9,4,5.08,772.24,534.74
163.1,4,5.08,762.46,534.74
163.3,4,5.08,772.24,534.74
163.5,4,5.08,733.14,534.74
163.7,4,5.08,772.24,534.74
163.9,4,5.08,752.69,534.74
164.1,3.99,5.08,742.91,534.12
164.3,4,5.08,772.24,534.74
164.5,4,5.08,772.24,534.74
164.7,4,5.08,762.46,534.74
164.9,4,5.08,762.46,534.74
165.1,4,5.08,772.24,534.74
165.3,4,5.08,762.46,534.74
165.5,4,5.08,782.01,534.74
165.7,4,5.08,772.24,534.74
165.9,4,5.08,782.01,534.74
166.1,4,5.08,772.24,534.74
166.3,4,5.08,762.46,534.74
166.5,4,5.08,782.01,534.74
166.7,4,5.08,782.01,534.74
166.9,4,5.08,782.01,534.74
167.1,4,5.08,772.24,534.74
167.3,4,5.08,782.01,534.74
167.5,4,5.08,772.24,534.74
167.7,4,5.08,762.46,534.74
167.9,4,5.08,772.24,534.74
168.1,3.99,5.08,762.46,534.12
168.3,3.99,5.08,762.46,534.12
168.5,4,5.08,762.46,534.74
168.7,4,5.08,762.46,534.74
168.9,4,5.08,791.79,534.74
169.1,4,5.08,752.69,534.74
169.3,4,5.08,762.46,534.74
169.5,4,5.08,762.46,534.74
169.7,4,5.08,762.46,534.74
169.9,4,5.08,772.24,534.74
170.1,4,5.08,752.69,534.74
170.3,4,5.08,772.24,534.74
170.5,4,5.08,762.46,534.74
170.7,4,5.08,772.24,534.74
170.9,4,5.08,772.24,534.74
171.1,4,5.08,772.24,534.74
171.3,4,5.08,772.24,534.74
171.5,4,5.08,791.79,534.74
171.7,4,5.08,782.01,534.74
171.9,4,5.08,772.24,534.74
172.1,4,5.08,772.24,534.74
172.3,4,5.08,791.79,534.74
172.5,4,5.08,782.01,534.74
172.7,4,5.08,791.79,534.74
172.9,4,5.08,782.01,534.74
173.1,4,5.08,782.01,534.74
173.3,3.99,5.08,791.79,534.12
173.5,4,5.08,782.01,534.74
173.7,4,5.08,791.79,534.74
173.9,4,5.08,782.01,534.74
174.1,4,5.08,782.01,534.74
174.3,4,5.08,791.79,534.74
174.5,4,5.08,791.79,534.74
174.7,4,5.08,791.79,534.74
174.9,4,5.08,772.24,534.74
175.1,4,5.08,782.01,534.74
175.3,4,5.08,811.34,534.74
175.5,4,5.08,791.79,534.74
175.7,4,5.08,801.56,534.74
175.9,4,5.08,791.79,534.74
176.1,4,5.08,821.11,534.74
176.3,4,5.08,801.56,534.74
176.5,4,5.08,782.01,534.74
176.7,4,5.08,782.01,534.74
176.9,4,5.08,772.24,534.74
177.1,4,5.08,782.01,534.74
177.3,4,5.08,772.24,534.74
177.5,4,5.08,752.69,534.74
177.7,4,5.08,762.46,534.74
177.9,4,5.08,752.69,534.74
178.1,4,5.08,752.69,534.74
178.3,4,5.08,772.24,534.74
178.5,4,5.08,752.69,534.74
178.7,4,5.08,762.46,534.74
178.9,4,5.08,762.46,534.74
179.1,4,5.08,772.24,534.74
179.3,4,5.08,752.69,534.74
179.5,4,5.08,762.46,534.74
179.7,4,5.08,762.46,534.74
179.9,4,5.08,742.91,534.74
180.1,4,5.08,762.46,534.74
180.3,4,5.08,752.69,534.74
180.5,4,5.08,762.46,534.74
180.7,4,5.08,762.46,534.74
180.9,4,5.08,752.69,534.74
181.1,4,5.08,762.46,534.74
181.3,4,5.08,772.24,534.74
181.5,3.99,5.08,752.69,534.12
181.7,4,5.08,742.91,534.74
181.9,4,5.08,752.69,534.74
182.1,4,5.08,772.24,534.74
182.3,4,5.08,752.69,534.74
182.5,4,5.08,772.24,534.74
182.7,4,5.08,762.46,534.74
182.9,4,5.08,762.46,534.74
183.1,4,5.08,772.24,534.74
183.3,4,5.08,762.46,534.74
183.5,4,5.08,772.24,534.74
183.7,4,5.08,752.69,534.74
183.9,4,5.08,782.01,534.74
184.1,4,5.08,772.24,534.74
184.3,3.99,5.08,772.24,534.12
184.5,4,5.08,772.24,534.74
184.7,4,5.08,772.24,534.74
184.9,4,5.08,772.24,534.74
185.1,4,5.08,772.24,534.74
185.3,3.99,5.08,782.01,534.12
185.5,4,5.08,791.79,534.74
185.7,4.01,5.08,762.46,535.36
185.9,4,5.08,782.01,534.74
186.1,4,5.08,772.24,534.74
186.3,4,5.08,782.01,534.74
186.5,4,5.08,772.24,534.74
186.7,4,5.08,752.69,534.74
186.9,3.99,5.08,782.01,534.12
187.1,4,5.08,762.46,534.74
187.3,4,5.08,782.01,534.74
187.5,4,5.08,782.01,534.74
187.7,4,5.08,772.24,534.74
187.9,4,5.08,772.24,534.74
188.1,4,5.08,782.01,534.74
188.3,4,5.08,782.01,534.74
188.5,4,5.08,762.46,534.74
188.7,4,5.08,782.01,534.74
188.9,4,5.08,772.24,534.74
189.1,4,5.08,762.46,534.74
189.3,4,5.08,772.24,534.74
189.5,4,5.08,772.24,534.74
189.7,4,5.08,762.46,534.74
189.9,4,5.08,782.01,534.74
190.1,4,5.08,762.46,534.74
190.3,4,5.08,772.24,534.74
190.5,4,5.08,752.69,534.74
190.7,4,5.08,762.46,534.74
190.9,4,5.08,782.01,534.74
191.1,4,5.08,782.01,534.74
191.3,4,5.08,782.01,534.74
191.5,4,5.08,772.24,534.74
191.7,3.99,5.08,772.24,534.12
191.9,4,5.08,782.01,534.74
192.1,4,5.08,782.01,534.74
192.3,4,5.08,772.24,534.74
192.5,4,5.08,752.69,534.74
192.7,4,5.08,772.24,534.74
192.9,4,5.08,752.69,534.74
193.1,4,5.08,762.46,534.74
193.3,4,5.08,772.24,534.74
193.5,4,5.08,752.69,534.74
193.7,4,5.08,772.24,534.74
193.9,4,5.08,752.69,534.74
194.1,4,5.08,772.24,534.74
194.3,4,5.08,752.69,534.74
194.5,4,5.08,752.69,534.74
194.7,4,5.08,762.46,534.74
194.9,4,5.08,772.24,534.74
195.1,3.99,5.08,752.69,534.12
195.3,4,5.08,772.24,534.74
195.5,4,5.08,762.46,534.74
195.7,4,5.08,772.24,534.74
195.9,4,5.08,772.24,534.74
196.1,4,5.08,791.79,534.74
196.3,4,5.08,791.79,534.74
196.5,4,5.08,782.01,534.74
196.7,4,5.08,772.24,534.74
196.9,4,5.08,782.01,534.74
197.1,3.99,5.08,791.79,534.12
197.3,4,5.08,791.79,534.74
197.5,4,5.08,772.24,534.74
197.7,4,5.08,791.79,534.74
197.9,4,5.08,791.79,534.74
198.1,4,5.08,791.79,534.74
198.3,4,5.08,791.79,534.74
198.5,4,5.08,782.01,534.74
198.7,4,5.08,801.56,534.74
198.9,4,5.08,791.79,534.74
199.1,4,5.08,801.56,534.74
199.3,4,5.08,782.01,534.74
199.5,4,5.08,782.01,534.74
199.7,4,5.08,791.79,534.74
199.9,4,5.08,772.24,534.74
200.1,4,5.08,791.79,534.74
200.3,4,5.08,791.79,534.74
200.5,3.99,5.08,801.56,534.12
200.7,4,5.08,782.01,534.74
200.9,4,5.08,772.24,534.74
201.1,4,5.08,782.01,534.74
201.3,4,5.08,762.46,534.74
201.5,4,5.08,782.01,534.74
201.7,4,5.08,772.24,534.74
201.9,4,5.08,782.01,534.74
202.1,4,5.08,782.01,534.74
202.3,3.99,5.08,782.01,534.12
202.5,4,5.08,791.79,534.74
202.7,4,5.08,791.79,534.74
202.9,4,5.08,791.79,534.74
203.1,4,5.08,772.24,534.74
203.3,4,5.08,772.24,534.74
203.5,4,5.08,791.79,534.74
203.7,4,5.08,772.24,534.74
203.9,4,5.08,782.01,534.74
204.1,4,5.08,762.46,534.74
204.3,3.99,5.08,782.01,534.12
204.5,4,5.08,772.24,534.74
204.7,4,5.08,762.46,534.74
204.9,4,5.08,772.24,534.74
205.1,4,5.08,762.46,534.74
205.3,4,5.08,782.01,534.74
205.5,4,5.08,782.01,534.74
205.7,4,5.08,782.01,534.74
205.9,4,5.08,791.79,534.74
206.1,4,5.08,782.01,534.74
206.3,4,5.08,791.79,534.74
206.5,4,5.08,801.56,534.74
206.7,4,5.08,782.01,534.74
206.9,4,5.08,801.56,534.74
207.1,4,5.08,791.79,534.74
207.3,4,5.08,791.79,534.74
207.5,4,5.08,791.79,534.74
207.7,4,5.08,801.56,534.74
207.9,4,5.08,801.56,534.74
208.1,4,5.08,791.79,534.74
208.3,3.99,5.08,801.56,534.12
208.5,4,5.08,772.24,534.74
208.7,4,5.08,801.56,534.74
208.9,4,5.08,791.79,534.74
209.1,4,5.08,791.79,534.74
209.3,4,5.08,791.79,534.74
209.5,4,5.08,801.56,534.74
209.7,3.99,5.08,791.79,534.12
209.9,4,5.08,772.24,534.74
210.1,4,5.08,782.01,534.74
210.3,4,5.08,772.24,534.74
210.5,4,5.08,762.46,534.74
210.7,4,5.08,782.01,534.74
210.9,4,5.08,782.01,534.74
211.1,4,5.08,762.46,534.74
211.3,4,5.08,772.24,534.74
211.5,4,5.08,782.01,534.74
211.7,4,5.08,782.01,534.74
211.9,4,5.08,772.24,534.74
212.1,3.99,5.08,791.79,534.12
212.3,4,5.08,791.79,534.74
212.5,4,5.08,791.79,534.74
212.7,4,5.08,782.01,534.74
212.9,4,5.08,782.01,534.74
213.1,4,5.08,782.01,534.74
213.3,4,5.08,782.01,534.74
213.5,4,5.08,762.46,534.74
213.7,4,5.08,782.01,534.74
213.9,3.99,5.08,782.01,534.12
214.1,4,5.08,791.79,534.74
214.3,4,5.08,772.24,534.74
214.5,4,5.08,782.01,534.74
214.7,4,5.08,782.01,534.74
214.9,4,5.08,762.46,534.74
215.1,4,5.08,782.01,534.74
215.3,4,5.08,791.79,534.74
215.5,4,5.08,782.01,534.74
215.7,4,5.08,791.79,534.74
215.9,4,5.08,782.01,534.74
216.1,4,5.08,801.56,534.74
216.3,4,5.08,791.79,534.74
216.5,4,5.08,782.01,534.74
216.7,4,5.08,801.56,534.74
216.9,4,5.08,782.01,534.74
217.1,4,5.08,791.79,534.74
217.3,4,5.08,782.01,534.74
217.5,4,5.08,791.79,534.74
217.7,4,5.08,791.79,534.74
217.9,4,5.08,782.01,534.74
218.1,4,5.08,791.79,534.74
218.3,4,5.08,801.56,534.74
218.5,4,5.08,791.79,534.74
218.7,4,5.08,801.56,534.74
218.9,4,5.08,791.79,534.74
219.1,4,5.08,791.79,534.74
219.3,4,5.08,791.79,534.74
219.5,3.99,5.08,782.01,534.12
219.7,4,5.08,782.01,534.74
219.9,4,5.08,772.24,534.74
220.1,4,5.08,811.34,534.74
220.3,4,5.08,801.56,534.74
220.5,4,5.08,811.34,534.74
220.7,4,5.08,811.34,534.74
220.9,4,5.08,811.34,534.74
221.1,4.01,5.08,801.56,535.36
221.3,4,5.08,801.56,534.74
221.5,3.99,5.08,801.56,534.12
221.7,4,5.08,791.79,534.74
221.9,4,5.08,782.01,534.74
222.1,4,5.08,782.01,534.74
222.3,4,5.08,782.01,534.74
222.5,4,5.08,791.79,534.74
222.7,4,5.08,772.24,534.74
222.9,4,5.08,772.24,534.74
223.1,4,5.08,782.01,534.74
223.3,4,5.08,782.01,534.74
223.5,3.99,5.08,801.56,534.12
223.7,4,5.08,791.79,534.74
223.9,4,5.08,801.56,534.74
224.1,4,5.08,811.34,534.74
224.3,4,5.08,801.56,534.74
224.5,4,5.08,782.01,534.74
224.7,4,5.08,801.56,534.74
224.9,4,5.08,791.79,534.74
225.1,4,5.08,791.79,534.74
225.3,4,5.08,782.01,534.74
225.5,4,5.08,791.79,534.74
225.7,4.01,5.08,782.01,535.36
225.9,4,5.08,782.01,534.74
226.1,4,5.08,801.56,534.74
226.3,4,5.08,782.01,534.74
226.5,4,5.08,791.79,534.74
226.7,4,5.08,801.56,534.74
226.9,4,5.08,782.01,534.74
227.1,3.99,5.08,801.56,534.12
227.3,4.01,5.08,782.01,535.36
227.5,4,5.08,811.34,534.74
227.7,4,5.08,811.34,534.74
227.9,4,5.08,801.56,534.74
228.1,4,5.08,811.34,534.74
228.3,4,5.08,801.56,534.74
228.5,3.99,5.08,811.34,534.12
228.7,4,5.08,801.56,534.74
228.9,4,5.08,791.79,534.74
229.1,4,5.08,791.79,534.74
229.3,4,5.08,801.56,534.74
229.5,4,5.08,811.34,534.74
229.7,4,5.08,791.79,534.74
229.9,4,5.08,791.79,534.74
230.1,4,5.08,801.56,534.74
230.3,4,5.08,801.56,534.74
230.5,4,5.08,811.34,534.74
230.7,4,5.08,791.79,534.74
230.9,4,5.08,791.79,534.74
231.1,4,5.08,811.34,534.74
231.3,4,5.08,801.56,534.74
231.5,3.99,5.08,801.56,534.12
231.7,4,5.08,801.56,534.74
231.9,4,5.08,811.34,534.74
232.1,4,5.08,791.79,534.74
232.3,4,5.08,801.56,534.74
232.5,3.99,5.08,801.56,534.12
232.7,4,5.08,782.01,534.74
232.9,4,5.08,791.79,534.74
233.1,4,5.08,772.24,534.74
233.3,4,5.08,782.01,534.74
233.5,4,5.08,791.79,534.74
233.7,4,5.08,801.56,534.74
233.9,4,5.08,811.34,534.74
234.1,4,5.08,811.34,534.74
234.3,4,5.08,811.34,534.74
234.5,4,5.08,801.56,534.74
234.7,4,5.08,782.01,534.74
234.9,4,5.08,801.56,534.74
235.1,4,5.08,782.01,534.74
235.3,4,5.08,791.79,534.74
235.5,4,5.08,791.79,534.74
235.7,4,5.08,801.56,534.74
235.9,4,5.08,791.79,534.74
236.1,4,5.08,801.56,534.74
236.3,4,5.08,791.79,534.74
236.5,4,5.08,782.01,534.74
236.7,4,5.08,801.56,534.74
236.9,4,5.08,811.34,534.74
237.1,4,5.08,801.56,534.74
237.3,4,5.08,801.56,534.74
237.5,4,5.08,791.79,534.74
237.7,4,5.08,811.34,534.74
237.9,4,5.08,801.56,534.74
238.1,4,5.08,801.56,534.74
238.3,4,5.08,811.34,534.74
238.5,4,5.08,791.79,534.74
238.7,3.99,5.08,811.34,534.12
238.9,4,5.08,801.56,534.74
239.1,3.99,5.08,811.34,534.12
239.3,4,5.08,801.56,534.74
239.5,4,5.08,782.01,534.74
239.7,4,5.08,782.01,534.74
239.9,4,5.08,791.79,534.74
240.1,4,5.08,801.56,534.74
240.3,4,5.08,791.79,534.74
240.5,4,5.08,782.01,534.74
240.7,4,5.08,791.79,534.74
240.9,4,5.08,791.79,534.74
241.1,4,5.08,782.01,534.74
241.3,4,5.08,801.56,534.74
241.5,4,5.08,782.01,534.74
241.7,4,5.08,801.56,534.74
241.9,4,5.08,791.79,534.74
242.1,4,5.08,801.56,534.74
242.3,4.01,5.08,791.79,535.36
242.5,4,5.08,782.01,534.74
242.7,4,5.08,791.79,534.74
242.9,4,5.08,801.56,534.74
243.1,4,5.08,791.79,534.74
243.3,4,5.08,791.79,534.74
243.5,4,5.08,801.56,534.74
243.7,4,5.08,791.79,534.74
243.9,4,5.08,791.79,534.74
244.1,4,5.08,801.56,534.74
244.3,4,5.08,791.79,534.74
244.5,4,5.08,791.79,534.74
244.7,4,5.08,821.11,534.74
244.9,4,5.08,801.56,534.74
245.1,4,5.08,811.34,534.74
245.3,4,5.08,791.79,534.74
245.5,4,5.08,791.79,534.74
245.7,4,5.08,811.34,534.74
245.9,4,5.08,821.11,534.74
246.1,4,5.08,811.34,534.74
246.3,4,5.08,821.11,534.74
246.5,4,5.08,801.56,534.74
246.7,4,5.08,821.11,534.74
246.9,4,5.08,801.56,534.74
247.1,4,5.08,821.11,534.74
247.3,4,5.08,801.56,534.74
247.5,4,5.08,801.56,534.74
247.7,4,5.08,811.34,534.74
247.9,4,5.08,791.79,534.74
248.1,4,5.08,811.34,534.74
248.3,4,5.08,801.56,534.74
248.5,4,5.08,811.34,534.74
248.7,4,5.08,801.56,534.74
248.9,4,5.08,801.56,534.74
249.1,4,5.08,811.34,534.74
249.3,4,5.08,791.79,534.74
249.5,4,5.08,791.79,534.74
249.7,4,5.08,801.56,534.74
249.9,4,5.08,801.56,534.74
250.1,4,5.08,811.34,534.74
250.3,4,5.08,821.11,534.74
250.5,4,5.08,821.11,534.74
250.7,4,5.08,811.34,534.74
250.9,4,5.08,821.11,534.74
251.1,3.99,5.08,821.11,534.12
251.3,4,5.08,801.56,534.74
251.5,4,5.08,811.34,534.74
251.7,4,5.08,821.11,534.74
251.9,4,5.08,811.34,534.74
252.1,4,5.08,811.34,534.74
252.3,4,5.08,801.56,534.74
252.5,3.99,5.08,811.34,534.12
252.7,3.99,5.08,811.34,534.12
252.9,4,5.08,791.79,534.74
253.1,4,5.08,811.34,534.74
253.3,4,5.08,791.79,534.74
253.5,4,5.08,801.56,534.74
253.7,4,5.08,821.11,534.74
253.9,4,5.08,801.56,534.74
254.1,4,5.08,811.34,534.74
254.3,4,5.08,791.79,534.74
254.5,4,5.08,801.56,534.74
254.7,4,5.08,821.11,534.74
254.9,3.99,5.08,801.56,534.12
255.1,4,5.08,821.11,534.74
255.3,4.01,5.08,801.56,535.36
255.5,4,5.08,791.79,534.74
255.7,4,5.08,791.79,534.74
255.9,4,5.08,782.01,534.74
256.1,4,5.08,791.79,534.74
256.3,4,5.08,772.24,534.74
256.5,3.99,5.08,772.24,534.12
256.7,4,5.08,791.79,534.74
256.9,4,5.08,791.79,534.74
257.1,3.99,5.08,782.01,534.12
257.3,4,5.08,782.01,534.74
257.5,4,5.08,782.01,534.74
257.7,4,5.08,801.56,534.74
257.9,4,5.08,801.56,534.74
258.1,4,5.08,801.56,534.74
258.3,4,5.08,801.56,534.74
258.5,3.99,5.08,801.56,534.12
258.7,4,5.08,801.56,534.74
258.9,4,5.08,821.11,534.74
259.1,4,5.08,811.34,534.74
259.3,4,5.08,801.56,534.74
259.5,4,5.08,811.34,534.74
259.7,4,5.08,811.34,534.74
259.9,4,5.08,811.34,534.74
260.1,3.99,5.08,811.34,534.12
260.3,4,5.08,811.34,534.74
260.5,4,5.08,811.34,534.74
260.7,4,5.08,811.34,534.74
260.9,4.01,5.08,791.79,535.36
261.1,4,5.08,811.34,534.74
261.3,4,5.08,791.79,534.74
261.5,4,5.08,791.79,534.74
261.7,4,5.08,811.34,534.74
261.9,4,5.08,811.34,534.74
262.1,4,5.08,811.34,534.74
262.3,4,5.08,811.34,534.74
262.5,4,5.08,801.56,534.74
262.7,4,5.08,811.34,534.74
262.9,4,5.08,801.56,534.74
263.1,4,5.08,811.34,534.74
263.3,4,5.08,801.56,534.74
263.5,4,5.08,791.79,534.74
263.7,4,5.08,811.34,534.74
263.9,4,5.08,811.34,534.74
264.1,3.99,5.08,791.79,534.12
264.3,4,5.08,791.79,534.74
264.5,4,5.08,782.01,534.74
264.7,4,5.08,811.34,534.74
264.9,4,5.08,791.79,534.74
265.1,4,5.08,811.34,534.74
265.3,4,5.08,791.79,534.74
265.5,4,5.08,782.01,534.74
265.7,4,5.08,791.79,534.74
265.9,4,5.08,801.56,534.74
266.1,3.99,5.08,801.56,534.12
266.3,4,5.08,782.01,534.74
266.5,4,5.08,791.79,534.74
266.7,4,5.08,801.56,534.74
266.9,4,5.08,782.01,534.74
267.1,4,5.08,801.56,534.74
267.3,4,5.08,791.79,534.74
267.5,4,5.08,801.56,534.74
267.7,4,5.08,811.34,534.74
267.9,4,5.08,811.34,534.74
268.1,4,5.08,840.66,534.74
268.3,4,5.08,811.34,534.74
268.5,4,5.08,791.79,534.74
268.7,4,5.08,811.34,534.74
268.9,4,5.08,821.11,534.74
269.1,4,5.08,801.56,534.74
269.3,4,5.08,811.34,534.74
269.5,4,5.08,791.79,534.74
269.7,4.01,5.08,811.34,535.36
269.9,4,5.08,811.34,534.74
270.1,4,5.08,811.34,534.74
270.3,4,5.08,801.56,534.74
270.5,4,5.08,782.01,534.74
270.7,4,5.08,801.56,534.74
270.9,4,5.08,801.56,534.74
271.1,3.99,5.08,811.34,534.12
271.3,4,5.08,811.34,534.74
271.5,4,5.08,801.56,534.74
271.7,4,5.08,811.34,534.74
271.9,4,5.08,811.34,534.74
272.1,3.99,5.08,811.34,534.12
272.3,4,5.08,811.34,534.74
272.5,4.01,5.08,791.79,535.36
272.7,3.99,5.08,811.34,534.12
272.9,4,5.08,801.56,534.74
273.1,4,5.08,811.34,534.74
273.3,4,5.08,811.34,534.74
273.5,4,5.08,821.11,534.74
273.7,4,5.08,811.34,534.74
273.9,4,5.08,821.11,534.74
274.1,4,5.08,811.34,534.74
274.3,4,5.08,821.11,534.74
274.5,4,5.08,801.56,534.74
274.7,3.99,5.08,821.11,534.12
274.9,4,5.08,811.34,534.74
275.1,4,5.08,830.89,534.74
275.3,4,5.08,801.56,534.74
275.5,4,5.08,791.79,534.74
275.7,4,5.08,801.56,534.74
275.9,4,5.08,811.34,534.74
276.1,4,5.08,811.34,534.74
276.3,4,5.08,811.34,534.74
276.5,4,5.08,791.79,534.74
276.7,4,5.08,811.34,534.74
276.9,4,5.08,811.34,534.74
277.1,4,5.08,811.34,534.74
277.3,4,5.08,821.11,534.74
277.5,4,5.08,791.79,534.74
277.7,4,5.08,811.34,534.74
277.9,4,5.08,801.56,534.74
278.1,4,5.08,821.11,534.74
278.3,4,5.08,801.56,534.74
278.5,4,5.08,791.79,534.74
278.7,4,5.08,801.56,534.74
278.9,4,5.08,811.34,534.74
279.1,4,5.08,801.56,534.74
279.3,4,5.08,811.34,534.74
279.5,4,5.08,782.01,534.74
279.7,4,5.08,801.56,534.74
279.9,4,5.08,801.56,534.74
280.1,3.99,5.08,801.56,534.12
280.3,4,5.08,791.79,534.74
280.5,4,5.08,782.01,534.74
280.7,4,5.08,801.56,534.74
280.9,4,5.08,801.56,534.74
281.1,4,5.08,811.34,534.74
281.3,4,5.08,811.34,534.74
281.5,4,5.08,801.56,534.74
281.7,3.99,5.08,811.34,534.12
281.9,4,5.08,821.11,534.74
282.1,4,5.08,782.01,534.74
282.3,4,5.08,801.56,534.74
282.5,4,5.08,801.56,534.74
282.7,4,5.08,801.56,534.74
282.9,4,5.08,801.56,534.74
283.1,4,5.08,821.11,534.74
283.3,4,5.08,811.34,534.74
283.5,4,5.08,830.89,534.74
283.7,4,5.08,811.34,534.74
283.9,4,5.08,811.34,534.74
284.1,4,5.08,830.89,534.74
284.3,4,5.08,811.34,534.74
284.5,3.99,5.08,821.11,534.12
284.7,4,5.08,811.34,534.74
284.9,4,5.08,821.11,534.74
285.1,4,5.08,830.89,534.74
285.3,4,5.08,830.89,534.74
285.5,4,5.08,821.11,534.74
285.7,4,5.08,840.66,534.74
285.9,4,5.08,821.11,534.74
286.1,3.99,5.08,830.89,534.12
286.3,4,5.08,821.11,534.74
286.5,4,5.08,811.34,534.74
286.7,4,5.08,830.89,534.74
286.9,4,5.08,830.89,534.74
287.1,4,5.08,830.89,534.74
287.3,4,5.08,811.34,534.74
287.5,4,5.08,821.11,534.74
287.7,4,5.08,830.89,534.74
287.9,4,5.08,821.11,534.74
288.1,4,5.08,830.89,534.74
288.3,4,5.08,821.11,534.74
288.5,4,5.08,801.56,534.74
288.7,4,5.08,830.89,534.74
288.9,4,5.08,811.34,534.74
289.1,4,5.08,840.66,534.74
289.3,4,5.08,801.56,534.74
289.5,4,5.08,811.34,534.74
289.7,4,5.08,811.34,534.74
289.9,4,5.08,821.11,534.74
290.1,4,5.08,801.56,534.74
290.3,4,5.08,791.79,534.74
290.5,4,5.08,811.34,534.74
290.7,4,5.08,801.56,534.74
290.9,4,5.08,782.01,534.74
291.1,4,5.08,821.11,534.74
291.3,4,5.08,801.56,534.74
291.5,4,5.08,830.89,534.74
291.7,4,5.08,811.34,534.74
291.9,4,5.08,821.11,534.74
292.1,4,5.08,811.34,534.74
292.3,4,5.08,791.79,534.74
292.5,4,5.08,772.24,534.74
292.7,4,5.08,801.56,534.74
292.9,4,5.08,791.79,534.74
293.1,4,5.08,801.56,534.74
293.3,4,5.08,782.01,534.74
293.5,4,5.08,791.79,534.74
293.7,4,5.08,811.34,534.74
293.9,4,5.08,791.79,534.74
294.1,4,5.08,801.56,534.74
294.3,4,5.08,791.79,534.74
294.5,3.99,5.08,811.34,534.12
294.7,4,5.08,801.56,534.74
294.9,4,5.08,811.34,534.74
295.1,4,5.08,801.56,534.74
295.3,4,5.08,791.79,534.74
295.5,4,5.08,791.79,534.74
295.7,4,5.08,791.79,534.74
295.9,4,5.08,791.79,534.74
296.1,4,5.08,811.34,534.74
296.3,4,5.08,801.56,534.74
296.5,4,5.08,811.34,534.74
296.7,4,5.08,811.34,534.74
296.9,4,5.08,791.79,534.74
297.1,4,5.08,821.11,534.74
297.3,4,5.08,791.79,534.74
297.5,4,5.08,821.11,534.74
297.7,4,5.08,801.56,534.74
297.9,4,5.08,811.34,534.74
298.1,4,5.08,821.11,534.74
298.3,4,5.08,811.34,534.74
298.5,4,5.08,811.34,534.74
298.7,4,5.08,791.79,534.74
298.9,4,5.08,811.34,534.74
299.1,3.99,5.08,811.34,534.12
299.3,4,5.08,801.56,534.74
299.5,4,5.08,830.89,534.74
299.7,4,5.08,811.34,534.74
299.9,4,5.08,821.11,534.74
300.1,4,5.08,791.79,534.74
300.3,4,5.08,791.79,534.74
300.5,4,5.08,801.56,534.74
300.7,4,5.08,801.56,534.74
300.9,4,5.08,811.34,534.74
301.1,4,5.08,801.56,534.74
301.3,4,5.08,791.79,534.74
301.5,4,5.08,801.56,534.74
301.7,4,5.08,801.56,534.74
301.9,4,5.08,801.56,534.74
302.1,4,5.08,811.34,534.74
302.3,4,5.08,801.56,534.74
302.5,4,5.08,830.89,534.74
302.7,4,5.08,791.79,534.74
302.9,4,5.08,821.11,534.74
303.1,4,5.08,811.34,534.74
303.3,4,5.08,840.66,534.74
303.5,4,5.08,821.11,534.74
303.7,4,5.08,811.34,534.74
303.9,3.99,5.08,830.89,534.12
304.1,4,5.08,801.56,534.74
304.3,4,5.08,830.89,534.74
304.5,4,5.08,830.89,534.74
304.7,4,5.08,811.34,534.74
304.9,4,5.08,840.66,534.74
305.1,4,5.08,821.11,534.74
305.3,4,5.08,821.11,534.74
305.5,4,5.08,840.66,534.74
305.7,4,5.08,821.11,534.74
305.9,4,5.08,830.89,534.74
306.1,4,5.08,821.11,534.74
306.3,3.99,5.08,850.44,534.12
306.5,4,5.08,830.89,534.74
306.7,4,5.08,840.66,534.74
306.9,4,5.08,840.66,534.74
307.1,4,5.08,811.34,534.74
307.3,4,5.08,821.11,534.74
307.5,4,5.08,821.11,534.74
307.7,4,5.08,840.66,534.74
307.9,4,5.08,840.66,534.74
308.1,4,5.08,830.89,534.74
308.3,4,5.08,850.44,534.74
308.5,4,5.08,860.21,534.74
308.7,4,5.08,850.44,534.74
308.9,4,5.08,821.11,534.74
309.1,3.99,5.08,830.89,534.12
309.3,4,5.08,821.11,534.74
309.5,4,5.08,821.11,534.74
309.7,4,5.08,850.44,534.74
309.9,4,5.08,821.11,534.74
310.1,4,5.08,830.89,534.74
310.3,4,5.08,830.89,534.74
310.5,4,5.08,821.11,534.74
310.7,4,5.08,840.66,534.74
310.9,4,5.08,801.56,534.74
311.1,4,5.08,821.11,534.74
311.3,4,5.08,811.34,534.74
311.5,3.99,5.08,821.11,534.12
311.7,4,5.08,821.11,534.74
311.9,4,5.08,801.56,534.74
312.1,4,5.08,811.34,534.74
312.3,4,5.08,821.11,534.74
312.5,4,5.08,830.89,534.74
312.7,4,5.08,821.11,534.74
312.9,4,5.08,830.89,534.74
313.1,4,5.08,830.89,534.74
313.3,4,5.08,830.89,534.74
313.5,4,5.08,830.89,534.74
313.7,4,5.08,811.34,534.74
313.9,4,5.08,821.11,534.74
314.1,4,5.08,830.89,534.74
314.3,4,5.08,811.34,534.74
314.5,4,5.08,821.11,534.74
314.7,4,5.08,811.34,534.74
314.9,4,5.08,830.89,534.74
315.1,4,5.08,821.11,534.74
315.3,4,5.08,791.79,534.74
315.5,4,5.08,830.89,534.74
315.7,4,5.08,801.56,534.74
315.9,4,5.08,830.89,534.74
316.1,4,5.08,821.11,534.74
316.3,4,5.08,811.34,534.74
316.5,4,5.08,830.89,534.74
316.7,4,5.08,821.11,534.74
316.9,4,5.08,821.11,534.74
317.1,4,5.08,811.34,534.74
317.3,4,5.08,801.56,534.74
317.5,4,5.08,811.34,534.74
317.7,4,5.08,811.34,534.74
317.9,3.99,5.08,830.89,534.12
318.1,4,5.08,811.34,534.74
318.3,4,5.08,830.89,534.74
318.5,4,5.08,830.89,534.74
318.7,4,5.08,811.34,534.74
318.9,4,5.08,811.34,534.74
319.1,4,5.08,830.89,534.74
319.3,3.99,5.08,830.89,534.12
319.5,4,5.08,821.11,534.74
319.7,4,5.08,801.56,534.74
319.9,3.99,5.08,830.89,534.12
320.1,4,5.08,821.11,534.74
320.3,3.99,5.08,830.89,534.12
320.5,4,5.08,830.89,534.74
320.7,4,5.08,830.89,534.74
320.9,4,5.08,850.44,534.74
321.1,4,5.08,840.66,534.74
321.3,4,5.08,840.66,534.74
321.5,4,5.08,830.89,534.74
321.7,4,5.08,821.11,534.74
321.9,4,5.08,850.44,534.74
322.1,4,5.08,821.11,534.74
322.3,4,5.08,850.44,534.74
322.5,4,5.08,830.89,534.74
322.7,4,5.08,850.44,534.74
322.9,4,5.08,830.89,534.74
323.1,4,5.08,850.44,534.74
323.3,4,5.08,850.44,534.74
323.5,4,5.08,830.89,534.74
323.7,4,5.08,830.89,534.74
323.9,4,5.08,850.44,534.74
324.1,4,5.08,840.66,534.74
324.3,4,5.08,830.89,534.74
324.5,4,5.08,840.66,534.74
324.7,4,5.08,850.44,534.74
324.9,4,5.08,850.44,534.74
325.1,3.99,5.08,850.44,534.12
325.3,4,5.08,850.44,534.74
325.5,4.01,5.08,840.66,535.36
325.7,4,5.08,860.21,534.74
325.9,4,5.08,830.89,534.74
326.1,4,5.08,879.77,534.74
326.3,4,5.08,850.44,534.74
326.5,4,5.08,840.66,534.74
326.7,4,5.08,840.66,534.74
326.9,4,5.08,830.89,534.74
327.1,4,5.08,840.66,534.74
327.3,4.01,5.08,811.34,535.36
327.5,4,5.08,840.66,534.74
327.7,4,5.08,830.89,534.74
327.9,4,5.08,840.66,534.74
328.1,4,5.08,840.66,534.74
328.3,4,5.08,840.66,534.74
328.5,4,5.08,840.66,534.74
328.7,4,5.08,850.44,534.74
328.9,4,5.08,830.89,534.74
329.1,4,5.08,840.66,534.74
329.3,4,5.08,850.44,534.74
329.5,4,5.08,850.44,534.74
329.7,4,5.08,830.89,534.74
329.9,4,5.08,840.66,534.74
330.1,4,5.08,840.66,534.74
330.3,4,5.08,830.89,534.74
330.5,4,5.08,830.89,534.74
330.7,4,5.08,821.11,534.74
330.9,3.99,5.08,850.44,534.12
331.1,4,5.08,840.66,534.74
331.3,4,5.08,840.66,534.74
331.5,4,5.08,850.44,534.74
331.7,4,5.08,850.44,534.74
331.9,4,5.08,840.66,534.74
332.1,4,5.08,830.89,534.74
332.3,4,5.08,840.66,534.74
332.5,4,5.08,840.66,534.74
332.7,4,5.08,830.89,534.74
332.9,4,5.08,850.44,534.74
333.1,4,5.08,840.66,534.74
333.3,4,5.08,850.44,534.74
333.5,4,5.08,860.21,534.74
333.7,4,5.08,869.99,534.74
333.9,4,5.08,869.99,534.74
334.1,4,5.08,860.21,534.74
334.3,4,5.08,879.77,534.74
334.5,4,5.08,879.77,534.74
334.7,4,5.08,860.21,534.74
334.9,4,5.08,869.99,534.74
335.1,4,5.08,879.77,534.74
335.3,4,5.08,860.21,534.74
335.5,4,5.08,869.99,534.74
335.7,4,5.08,860.21,534.74
335.9,4,5.08,869.99,534.74
336.1,4,5.08,879.77,534.74
336.3,4,5.08,879.77,534.74
336.5,4,5.08,869.99,534.74
336.7,4,5.08,869.99,534.74
336.9,4,5.08,879.77,534.74
337.1,4,5.08,850.44,534.74
337.3,4,5.08,860.21,534.74
337.5,4,5.08,869.99,534.74
337.7,4,5.08,860.21,534.74
337.9,4,5.08,869.99,534.74
338.1,4,5.08,850.44,534.74
338.3,3.99,5.08,840.66,534.12
338.5,4,5.08,869.99,534.74
338.7,4,5.08,850.44,534.74
338.9,4,5.08,869.99,534.74
339.1,4,5.08,869.99,534.74
339.3,3.99,5.08,869.99,534.12
339.5,4,5.08,860.21,534.74
339.7,4,5.08,869.99,534.74
339.9,4,5.08,860.21,534.74
340.1,4,5.08,840.66,534.74
340.3,4,5.08,840.66,534.74
340.5,4,5.08,860.21,534.74
340.7,4,5.08,860.21,534.74
340.9,4,5.08,850.44,534.74
341.1,4,5.08,850.44,534.74
341.3,4,5.08,860.21,534.74
341.5,4,5.08,869.99,534.74
341.7,4,5.08,860.21,534.74
341.9,4,5.08,850.44,534.74
342.1,4,5.08,840.66,534.74
342.3,4,5.08,869.99,534.74
342.5,4,5.08,860.21,534.74
342.7,4,5.08,879.77,534.74
342.9,4,5.08,869.99,534.74
343.1,4,5.08,869.99,534.74
343.3,4,5.08,869.99,534.74
343.5,4.01,5.08,860.21,535.36
343.7,4,5.08,869.99,534.74
343.9,4,5.08,860.21,534.74
344.1,4,5.08,860.21,534.74
344.3,4,5.08,879.77,534.74
344.5,4,5.08,850.44,534.74
344.7,4,5.08,879.77,534.74
344.9,4,5.08,860.21,534.74
345.1,4,5.08,879.77,534.74
345.3,4,5.08,899.32,534.74
345.5,4,5.08,869.99,534.74
345.7,4,5.08,879.77,534.74
345.9,4,5.08,869.99,534.74
346.1,4,5.08,869.99,534.74
346.3,4,5.08,879.77,534.74
346.5,4,5.08,879.77,534.74
346.7,3.99,5.08,860.21,534.12
346.9,4,5.08,860.21,534.74
347.1,4,5.08,860.21,534.74
347.3,4,5.08,869.99,534.74
347.5,4,5.08,860.21,534.74
347.7,4,5.08,879.77,534.74
347.9,4,5.08,869.99,534.74
348.1,4,5.08,879.77,534.74
348.3,4,5.08,869.99,534.74
348.5,4,5.08,0,534.74
348.7,4,5.08,0,534.74
348.9,4,5.08,0,534.74
349.1,4,5.08,0,534.74
349.3,4,5.08,0,534.74
349.5,4,5.08,0,534.74
349.7,4,5.08,0,534.74
349.9,4,5.08,0,534.74
350.1,4,5.08,0,534.74
350.3,4,5.08,0,534.74
350.5,4,4.97,0,540.52
350.7,4,4.97,0,540.52
350.9,4,4.97,0,540.52
351.1,4,4.97,0,540.52
351.3,4,4.97,0,540.52
351.5,4,5.08,0,534.74
351.7,4,5.08,0,534.74
351.9,4,5.08,0,534.74
352.1,4,5.08,0,534.74
352.3,4,5.08,0,534.74
352.5,4,5.08,0,534.74
352.7,4,5.08,0,534.74
352.9,4,5.08,0,534.74
353.1,4,5.08,0,534.74
353.3,4,5.08,0,534.74
353.5,4,5.08,0,534.74
353.7,4,5.08,0,534.74
353.9,4,5.08,0,534.74
354.1,4,5.08,0,534.74
354.3,4,5.08,0,534.74
354.5,4,5.08,0,534.74
354.7,4,4.97,0,540.52
354.9,4,4.97,0,540.52
355.1,4,4.97,0,540.52
431.6,4,4.97,0,540.52
431.8,4,4.97,0,540.52
432,4,4.97,0,540.52
432.2,4,4.97,0,540.52
432.4,4,4.97,0,540.52
432.6,4,4.86,0,546.49
432.8,4,4.86,0,546.49
433,4,4.86,0,546.49
433.2,4,4.86,0,546.49
433.4,4,4.86,0,546.49
433.6,4,4.86,0,546.49
433.8,4,4.86,0,546.49
434,4,4.86,0,546.49
434.2,4,4.86,0,546.49
434.4,3.99,4.86,0,545.86
434.6,4,4.86,0,546.49
434.8,4,4.86,0,546.49
435,4,4.86,0,546.49
435.2,4,4.86,0,546.49
435.4,4,4.86,0,546.49
435.6,4,4.86,0,546.49
435.8,4,4.86,0,546.49
436,4,4.86,0,546.49
436.2,4,4.86,0,546.49
436.4,4,4.86,0,546.49
436.6,4,4.86,0,546.49
436.8,4,4.86,0,546.49
437,4,4.86,0,546.49
437.2,4,4.86,0,546.49
437.4,4,4.86,0,546.49
437.6,4,4.86,0,546.49
437.8,4,4.86,0,546.49
438,4,4.86,0,546.49
438.2,4,4.86,0,546.49
438.4,4,4.86,0,546.49
438.6,4,4.86,0,546.49
438.8,4,4.86,0,546.49
439,4,4.86,0,546.49
439.2,4,4.86,0,546.49
439.4,4,4.86,0,546.49
439.6,4,4.86,0,546.49
439.8,4,4.86,0,546.49
440,4,4.86,0,546.49
440.2,4,4.86,0,546.49
440.4,4,4.86,0,546.49
440.6,4,4.86,0,546.49
440.8,4,4.86,0,546.49
441,4,4.86,0,546.49
441.2,4,4.86,0,546.49
441.4,4,4.86,0,546.49
441.6,4,4.86,0,546.49
441.8,4,4.86,0,546.49
442,4,4.86,0,546.49
442.2,3.99,4.86,0,545.86
442.4,4,4.86,0,546.49
442.6,4,4.86,0,546.49
442.8,4,4.86,0,546.49
443,4,4.86,0,546.49
443.2,4,4.86,0,546.49
443.4,4,4.86,0,546.49
443.6,4,4.86,0,546.49
443.8,4,4.86,0,546.49
444,4,4.86,0,546.49
444.2,4,4.86,0,546.49
444.4,4,4.86,0,546.49
444.6,4,4.86,0,546.49
444.8,4,4.86,0,546.49
445,4,4.86,0,546.49
445.2,4,4.86,0,546.49
445.4,4,4.86,0,546.49
445.6,4,4.86,0,546.49
445.8,4,4.86,0,546.49
446,4,4.86,0,546.49
446.2,4,4.86,0,546.49
446.4,4,4.86,0,546.49
446.6,4,4.86,0,546.49
446.8,4,4.86,0,546.49
447,4,4.86,0,546.49
447.2,4,4.86,0,546.49
447.4,4,4.86,0,546.49
447.6,4,4.86,0,546.49
447.8,4,4.86,0,546.49
448,4,4.86,0,546.49
448.2,4,4.86,0,546.49
448.4,4,4.86,0,546.49
448.6,4,4.86,0,546.49
448.8,4,4.86,0,546.49
449,4,4.86,0,546.49
449.2,4,4.86,0,546.49
449.4,4,4.86,0,546.49
449.6,4,4.86,0,546.49
449.8,4,4.86,0,546.49
450,4,4.86,0,546.49
450.2,4,4.86,0,546.49
450.4,4,4.86,0,546.49
450.6,3.99,4.86,0,545.86
450.8,4,4.86,0,546.49
451,4,4.86,0,546.49
451.2,4,4.86,0,546.49
451.4,4,4.86,0,546.49
451.6,4,4.86,0,546.49
451.8,4,4.86,0,546.49
452,4,4.86,0,546.49
452.2,4,4.86,0,546.49
452.4,4,4.86,0,546.49
452.6,4,4.86,0,546.49
452.8,4,4.86,0,546.49
453,4,4.86,0,546.49
453.2,4,4.86,0,546.49
453.4,4,4.86,0,546.49
453.6,4,4.86,0,546.49
453.8,4,4.86,0,546.49
454,4,4.86,0,546.49
454.2,4,4.86,0,546.49
454.4,4,4.86,0,546.49
454.6,3.99,4.86,0,545.86
454.8,4,4.86,0,546.49
455,4,4.86,0,546.49
455.2,4,4.86,0,546.49
455.4,4,4.86,0,546.49
455.6,4,4.86,0,546.49
